neighborhood,area,year,elevator,parking,log_value
پونک,160,1379,0,1,6.373319789577012
تهرانپارس غربی,96,1399,1,1,6.111467339502679
یوسف‌آباد,75,1378,0,0,5.583496308781699
آذربایجان,70,1396,1,1,5.69035945432406
نیاوران,154,1398,1,1,7.00397413672268
آهنگ,54,1385,1,1,4.983606621708336
سهروردی,105,1399,1,1,6.516193076042964
صادقیه,70,1390,1,1,5.3981627015177525
پونک,115,1399,1,1,6.878326468291325
سازمان برنامه,100,1388,1,1,6.018593214496234
شهرک غرب,80,1389,1,1,5.942799375126701
نیرو هوایی,155,1383,0,1,6.115892125483034
پاسداران,125,1399,1,1,6.8679744089702925
شهران شمالی,64,1384,0,0,5.638354669333745
سعادت‌آباد,155,1398,1,1,7.3783837129967145
جی,43,1393,1,0,4.875197323201151
سهروردی,115,1398,1,1,6.559615237493242
زعفرانیه,280,1398,1,1,6.2166061010848646
تهران‌نو,57,1394,1,1,5.303304908059076
ولنجک,180,1397,1,1,7.244941546337007
قیطریه,135,1395,1,1,6.947937068614969
هروی,110,1388,1,1,6.255750041753367
قیطریه,165,1388,1,1,6.698268054115413
جردن,242,1371,0,1,6.90875477931522
دارآباد,60,1398,1,1,5.942799375126701
تهرانپارس غربی,90,1393,1,1,5.916202062607435
میرداماد,255,1385,1,1,7.438971592395862
نیاوران,142,1387,1,1,7.00397413672268
سعادت‌آباد,95,1390,1,1,6.68586094706836
شهرک غرب,95,1390,1,1,6.236369590203704
پونک,100,1397,1,1,6.478509642208569
ابوذر (منطقه ۱۵),66,1385,0,0,4.997212273764115
شمس‌آباد,117,1394,1,1,6.398594934535208
سازمان برنامه,115,1398,1,1,6.398594934535208
طوس,40,1381,0,0,4.912654885736052
جیحون,118,1399,1,1,6.111467339502679
اوقاف,65,1395,1,1,5.225746673713202
سهروردی,111,1396,1,1,6.364750756851911
آهنگ,61,1395,1,1,4.983606621708336
پیروزی,80,1387,0,1,5.225746673713202
دروس,110,1385,0,1,6.478509642208569
هروی,95,1399,1,1,6.274762021241939
جردن,110,1385,1,1,6.53813982376767
پاسداران,115,1388,1,1,6.2166061010848646
کوی فردوس,70,1393,1,1,5.802118375377063
تهران‌سر,52,1388,1,0,4.969813299576001
مسعودیه,65,1389,0,0,4.564348191467836
قیطریه,125,1395,1,1,6.85751406254539
کوی فراز,110,1385,0,0,6.154858094016418
جنت‌آباد جنوبی,82,1396,1,1,5.8888779583328805
نیاوران,140,1392,1,1,7.208600337960199
گیشا (کوی نصر),88,1399,1,1,6.46302945692067
تهران‌نو,150,1399,1,1,6.734591659972948
نیاوران,150,1396,1,1,7.244941546337007
اقدسیه,185,1393,1,1,7.576097340623111
نارمک,110,1393,1,1,6.066108090103747
اقدسیه,170,1397,1,1,7.340186835320115
دروس,145,1387,1,1,6.478509642208569
باغ فیض,65,1396,1,1,5.739792912179234
سعادت‌آباد,60,1387,1,1,5.707110264748875
اباذر,130,1395,1,1,6.423246963533519
جنت‌آباد مرکزی,90,1393,1,1,6.111467339502679
پونک,70,1390,1,1,5.564520407322694
نیاوران,210,1399,1,1,7.804251383528112
نارمک,67,1390,0,1,5.3981627015177525
زعفرانیه,360,1395,1,1,8.006700845440367
سعادت‌آباد,160,1398,1,1,7.901377353792616
فاطمی,110,1395,1,1,6.478509642208569
سازمان برنامه,150,1396,1,1,6.311734809152915
باغ فیض,78,1386,1,1,5.860786223465865
دربند,150,1363,0,1,6.493753839851686
پونک,62,1386,0,1,5.111987788356544
نارمک جنوبی,54,1389,0,0,4.912654885736052
شهریار,68,1392,1,1,4.454347296253507
اباذر,54,1397,1,0,5.820082930352362
جردن,150,1397,1,1,6.883462586413092
تهرانپارس غربی,77,1390,1,1,5.638354669333745
شهر قدس,78,1399,1,0,4.795790545596741
تهرانپارس غربی,113,1389,0,1,6.144185634125646
قیطریه,105,1386,0,1,6.054439346269371
کوی نوبنیاد,215,1390,1,1,7.1316985104669115
جنت‌آباد جنوبی,133,1395,1,1,6.398594934535208
مرزداران,125,1399,1,1,6.621405651764134
سعادت‌آباد,190,1399,1,1,7.1316985104669115
ابوذر (منطقه ۱۵),55,1386,1,1,4.983606621708336
یوسف‌آباد,140,1399,1,1,6.90875477931522
اختیاریه,115,1399,1,1,6.274762021241939
دارآباد,80,1395,1,1,5.968707559985366
آذربایجان,57,1393,1,0,5.14166355650266
حکیمیه,125,1399,1,1,6.186208623900494
شهرک غرب,85,1388,1,1,6.133398042996649
جنت‌آباد جنوبی,65,1385,0,1,5.303304908059076
الهیه,220,1398,1,1,8.006700845440367
جنت‌آباد شمالی,137,1399,1,1,6.68586094706836
فاطمی,58,1389,1,1,5.442417710521793
قیطریه,185,1390,1,1,6.846943139585379
مرزداران,63,1394,1,1,5.605802066295998
جنت‌آباد مرکزی,128,1389,1,1,6.364750756851911
قیطریه,120,1398,1,1,6.814542897259958
نواب,90,1385,0,1,5.225746673713202
تجریش,100,1397,1,1,6.90875477931522
اباذر,65,1385,1,1,5.4638318050256105
کوی فردوس,50,1393,1,1,3.9318256327243257
زعفرانیه,220,1399,1,1,7.346655163176539
ازگل,82,1395,1,1,5.739792912179234
حکیمیه,87,1394,1,1,5.707110264748875
الهیه,100,1395,1,1,6.85751406254539
نیاوران,160,1399,1,1,7.3783837129967145
سعادت‌آباد,80,1390,1,1,6.364750756851911
حکمت,125,1392,1,1,6.493753839851686
سعادت‌آباد,107,1398,1,1,6.985641817639208
ورامین,115,1399,1,1,5.707110264748875
نیاوران,205,1395,1,1,7.182352111885263
نیاوران,150,1393,1,1,7.244941546337007
سعادت‌آباد,151,1390,1,1,6.621405651764134
نیاوران,245,1394,1,1,7.409136443920128
سعادت‌آباد,150,1399,1,1,7.346655163176539
سعادت‌آباد,165,1398,1,1,7.346655163176539
فرمانیه,220,1393,1,1,7.659642954564682
مرزداران,108,1399,1,1,6.478509642208569
فرمانیه,180,1385,1,1,7.32052696227274
شهریار,65,1394,1,0,4.709530201312334
ارم,80,1385,1,1,5.3981627015177525
پیروزی,67,1399,1,1,5.5254529391317835
ولنجک,280,1389,1,1,7.601402334583733
پردیس,110,1393,1,1,5.14166355650266
آذربایجان,85,1387,0,1,5.170483995038151
سعادت‌آباد,100,1389,1,1,6.3473892096560105
زنجان,60,1385,0,1,5.056245805348308
سعادت‌آباد,140,1385,1,1,6.634633357861686
نیاوران,220,1399,1,1,7.346655163176539
دروس,120,1380,0,1,6.329720905522696
فرمانیه,200,1399,1,1,7.62608275807238
دریاچه شهدای خلیج فارس,70,1391,0,1,5.5254529391317835
سعادت‌آباد,153,1386,1,1,6.673297967767654
سهروردی,65,1399,1,1,6.077642243349034
بهار,175,1399,1,1,7.0909098220799835
قلهک,155,1385,0,1,7.0909098220799835
دانشگاه علم و صنعت,100,1399,1,1,6.100318952020064
افسریه,110,1399,1,1,5.860786223465865
آهنگ,109,1399,1,1,5.993961427306569
آجودانیه,350,1394,1,1,8.160803920954665
مرزداران,105,1397,1,1,6.594413459749778
شهران جنوبی,80,1385,1,1,5.602118820879701
الهیه,200,1390,1,1,7.3783837129967145
سیدخندان,105,1385,1,0,6.018593214496234
میرداماد,120,1394,1,1,6.786716950605081
امیرآباد,110,1388,1,1,6.274762021241939
پونک,155,1399,1,1,6.898714534329988
زعفرانیه,120,1394,1,1,7.00397413672268
باغ فیض,40,1380,0,1,5.0369526024136295
مرزداران,90,1396,1,1,6.311734809152915
میرداماد,220,1390,1,1,7.313886831633462
سعادت‌آباد,125,1386,1,1,6.39024066706535
سعادت‌آباد,85,1387,1,1,6.2166061010848646
تولید دارو,64,1392,1,0,4.795790545596741
باغ فیض,90,1394,1,1,6.042632833682381
سعادت‌آباد,110,1388,1,1,6.621405651764134
تولید دارو,72,1384,1,0,5.049856007249537
فرمانیه,250,1399,1,1,7.438971592395862
شهریار,120,1393,1,1,5.4680601411351315
پونک,65,1396,1,0,5.298317366548036
عبدل‌آباد,105,1396,1,0,5.638354669333745
نیلوفر,137,1390,0,1,5.8289456176102075
فشم,200,1399,1,1,6.7464121285733745
ولنجک,170,1393,1,1,7.244941546337007
پاسداران,151,1393,1,1,6.769641976852503
پونک,140,1399,1,1,6.7464121285733745
شمس‌آباد,90,1395,1,1,5.755742213586912
قیطریه,55,1385,0,0,5.4638318050256105
حکیمیه,145,1399,1,1,6.2166061010848646
نیاوران,130,1390,1,1,6.501289670540389
سعادت‌آباد,180,1395,1,1,7.1316985104669115
سعادت‌آباد,75,1380,1,1,6.364750756851911
امیرآباد,100,1398,1,1,6.523562306149512
شهرک غرب,240,1390,1,1,8.24301946898925
گیشا (کوی نصر),95,1392,1,1,6.329720905522696
اقدسیه,180,1390,1,1,7.0909098220799835
فرمانیه,180,1390,1,1,7.1316985104669115
صادقیه,55,1388,0,1,5.332718793265369
آهنگ,52,1383,0,1,4.875197323201151
امانیه,170,1384,1,1,7.00397413672268
شیخ هادی,56,1391,0,0,5.049856007249537
پرند,75,1395,1,1,4.189654742026425
سیدخندان,118,1399,1,1,6.68586094706836
آجودانیه,85,1397,1,1,6.364750756851911
سعادت‌آباد,158,1388,1,1,7.0909098220799835
سوهانک,87,1380,0,1,5.860786223465865
زعفرانیه,250,1398,1,1,8.38958706681109
بریانک,50,1388,0,0,4.624972813284271
سعادت‌آباد,160,1399,1,1,7.824445930877619
حافظیه,95,1383,0,1,5.707110264748875
فرمانیه,330,1396,1,1,7.8636512654486515
سهروردی,110,1399,1,1,6.7464121285733745
کرمان,56,1363,0,0,5.017279836814924
سهروردی,85,1391,1,1,5.87493073085203
قیطریه,215,1399,1,1,7.771067086065406
شمس‌آباد,80,1387,1,0,5.25227342804663
میرداماد,120,1395,1,1,6.320768294250582
کوی فردوس,90,1397,1,1,5.831882477283517
شهر ری - شهرک شهید مفتح,70,1395,0,1,4.564348191467836
پاسداران,90,1398,1,1,6.311734809152915
افسریه,86,1386,1,0,6.175867270105761
نصرت,110,1395,1,1,6.329720905522696
جنت‌آباد مرکزی,115,1399,1,1,6.354370040797351
دروس,120,1397,1,1,6.698268054115413
محمودیه,203,1388,1,1,7.601402334583733
ولنجک,95,1385,0,1,6.431331081933479
ستارخان,140,1396,1,1,6.54534966033442
جردن,75,1395,1,1,6.364750756851911
سعادت‌آباد,115,1391,1,1,6.85751406254539
سیدخندان,158,1383,1,1,6.46302945692067
سعادت‌آباد,190,1394,1,1,7.496097345175956
اختیاریه,180,1399,1,1,7.601402334583733
زعفرانیه,145,1386,1,1,6.85751406254539
کوهک,116,1398,1,1,6.066108090103747
نیاوران,240,1397,1,1,6.90875477931522
گرگان,65,1390,1,0,5.117993812416755
قیطریه,135,1399,1,1,7.170888478512505
پاسداران,100,1398,1,1,6.7464121285733745
هفت چنار,50,1389,0,0,4.68213122712422
زعفرانیه,180,1399,1,1,7.467942332285852
دریا,135,1390,1,1,6.68586094706836
سوهانک,85,1396,1,1,5.916202062607435
سعادت‌آباد,150,1398,1,1,7.346655163176539
نیاوران,350,1395,1,1,8.24301946898925
دربند,140,1385,1,1,6.825460036255307
نیاوران,280,1395,1,1,7.972810784121404
ستارخان,140,1380,0,0,6.320768294250582
پونک,125,1399,1,1,6.621405651764134
تهران‌سر,110,1399,1,1,5.8888779583328805
شهرک غرب,125,1396,1,1,6.621405651764134
سعادت‌آباد,80,1391,1,1,6.364750756851911
کوی فردوس,65,1386,0,1,5.303304908059076
فرمانیه,105,1395,1,1,6.7464121285733745
آذربایجان,60,1397,1,1,5.602118820879701
بریانک,50,1395,1,1,4.859812404361672
پردیس,78,1397,1,1,4.574710978503383
سعادت‌آباد,120,1390,1,1,6.90875477931522
اکباتان,170,1363,1,1,6.55250788703459
جنت‌آباد جنوبی,90,1390,0,1,5.802118375377063
جردن,300,1380,0,1,7.313886831633462
هروی,68,1396,1,1,6.111467339502679
صادقیه,80,1388,0,1,5.942799375126701
شهرک غرب,120,1387,1,1,6.311734809152915
شهرک غرب,130,1397,1,1,6.85751406254539
پاکدشت,75,1395,1,0,4.3694478524670215
هروی,95,1386,1,1,6.054439346269371
الهیه,100,1393,1,1,6.478509642208569
زعفرانیه,170,1399,1,1,7.438971592395862
نیاوران,160,1397,1,1,7.00397413672268
پاسداران,140,1393,1,1,6.53813982376767
سعادت‌آباد,70,1390,1,1,5.831882477283517
زعفرانیه,120,1398,1,1,6.621405651764134
هفت حوض,140,1398,1,1,6.07993319509559
باغ فیض,91,1386,1,1,6.089044875446846
جی,65,1397,1,1,4.875197323201151
باغ فیض,75,1392,1,1,5.8888779583328805
مسعودیه,60,1393,0,0,4.23410650459726
سعادت‌آباد,100,1393,1,1,6.398594934535208
الهیه,320,1387,1,1,7.901377353792616
نیاوران,230,1390,1,1,7.00397413672268
جنت‌آباد جنوبی,85,1388,1,1,5.583496308781699
دروس,155,1398,1,1,7.3783837129967145
کوی فردوس,120,1394,1,1,6.398594934535208
پاسداران,165,1393,1,1,6.7464121285733745
دروس,160,1390,1,1,7.0909098220799835
تهرانپارس شرقی,65,1392,1,1,5.170483995038151
سهروردی,65,1399,1,1,6.111467339502679
ولنجک,160,1385,1,1,6.78105762593618
نیاوران,350,1396,1,1,8.006700845440367
گیشا (کوی نصر),95,1395,1,1,6.478509642208569
زعفرانیه,340,1380,1,1,8.699681400989514
شهرک فردوس,57,1382,1,0,4.7535901911063645
شهران شمالی,58,1380,0,1,5.356586274672012
نارمک,95,1391,1,1,6.066108090103747
علی‌آباد,65,1394,1,0,5.303304908059076
زعفرانیه,205,1395,1,1,7.438971592395862
شهر قدس,68,1396,0,0,4.3694478524670215
سازمان برنامه,152,1398,1,1,6.55250788703459
تهرانپارس شرقی,95,1377,0,1,5.204006687076795
فلاح,75,1399,1,1,5.3981627015177525
تهران‌سر,73,1385,1,1,5.170483995038151
گیشا (کوی نصر),125,1398,1,1,6.68586094706836
پاسداران,140,1386,1,1,6.55250788703459
دولاب,45,1388,0,0,4.350277936359301
هروی,155,1395,1,1,6.634633357861686
پونک,80,1392,1,1,6.154858094016418
نبی اکرم(ص),73,1389,0,1,5.170483995038151
دروس,115,1385,1,1,6.364750756851911
کوی فردوس,77,1397,1,1,5.860786223465865
قیطریه,110,1399,1,1,6.7580945044277305
سعادت‌آباد,90,1384,0,1,5.831882477283517
زعفرانیه,120,1396,1,1,6.814542897259958
فرمانیه,135,1399,1,1,6.792344427470809
سعادت‌آباد,380,1391,1,1,7.696667081526462
اباذر,120,1393,1,1,6.398594934535208
پاسداران,220,1383,1,1,7.0909098220799835
فرمانیه,85,1399,1,1,6.501289670540389
آجودانیه,230,1375,0,1,7.1316985104669115
یوسف‌آباد,110,1386,1,1,6.133398042996649
جنت‌آباد مرکزی,120,1380,0,1,5.916202062607435
شهرک غرب,110,1395,1,1,6.7226297948554485
جردن,145,1388,1,1,6.364750756851911
بلوار کشاورز,115,1363,1,1,5.484796933490655
سازمان برنامه,150,1363,0,1,6.066108090103747
شمس‌آباد,80,1385,0,1,5.771441123130016
سپهر,120,1389,1,1,7.1316985104669115
تهرانپارس غربی,60,1385,1,1,5.303304908059076
امیرآباد,115,1394,1,1,6.16541785423142
جنت‌آباد شمالی,110,1385,1,1,6.111467339502679
جردن,210,1390,1,1,6.957497370876951
نیاوران,150,1396,1,1,6.90875477931522
پاسداران,145,1390,1,1,6.68586094706836
نارمک,92,1399,1,1,6.3473892096560105
المهدی,75,1390,1,0,5.583496308781699
کوی فردوس,78,1388,1,1,5.993961427306569
پیروزی,75,1399,1,0,5.564520407322694
ولنجک,90,1384,1,1,6.792344427470809
مرزداران,68,1394,1,1,5.8888779583328805
نیاوران,100,1399,1,1,7.170888478512505
اندیشه,130,1393,0,1,5.771441123130016
اباذر,190,1399,1,1,7.390798521735676
طرشت,100,1396,1,1,6.311734809152915
ازگل,105,1399,1,1,6.803505257608338
صادقیه,73,1395,1,1,5.69035945432406
ولنجک,85,1388,1,1,6.2166061010848646
زعفرانیه,280,1387,1,1,8.412054873292933
یوسف‌آباد,145,1395,1,1,6.46302945692067
سعادت‌آباد,155,1388,1,1,7.048386408721883
دزاشیب,130,1393,1,1,6.90875477931522
بهار,85,1388,1,1,5.62040086571715
تهرانپارس غربی,57,1384,0,0,5.3981627015177525
دارآباد,100,1396,1,1,6.55250788703459
قیطریه,130,1399,1,1,6.7464121285733745
شهرآرا,55,1399,1,1,5.771441123130016
نارمک,85,1384,1,1,5.860786223465865
قیطریه,130,1387,1,1,6.85751406254539
مرزداران,90,1397,1,1,6.066108090103747
شاهین,100,1399,1,1,6.478509642208569
سلسبیل,58,1396,1,0,5.0238805208462765
دروس,160,1395,1,1,7.123672785204607
کامرانیه,400,1399,1,1,8.612685172875459
کوی فردوس,115,1397,1,1,6.523562306149512
سعادت‌آباد,75,1386,1,1,6.311734809152915
قیطریه,130,1398,1,1,7.00397413672268
بلوار کشاورز,60,1384,0,0,5.170483995038151
قیطریه,130,1396,1,1,6.957497370876951
یوسف‌آباد,135,1375,0,1,6.2166061010848646
فرمانیه,140,1399,1,1,6.85751406254539
سعادت‌آباد,85,1383,0,1,6.2166061010848646
گیشا (کوی نصر),100,1387,1,1,6.311734809152915
جیحون,65,1383,0,0,5.303304908059076
نواب,45,1396,1,1,4.897839799950911
دروس,190,1397,1,1,7.2305631534092925
جردن,170,1387,1,1,6.478509642208569
جنت‌آباد جنوبی,85,1380,0,1,5.556828061699537
مینابی,124,1399,1,1,5.707110264748875
پرستار,150,1399,1,1,6.68586094706836
سعادت‌آباد,180,1388,1,1,7.0909098220799835
پونک,70,1388,0,1,5.579729825986222
قیطریه,65,1395,1,1,6.55250788703459
گیشا (کوی نصر),85,1395,1,1,6.431331081933479
کوی فردوس,150,1397,1,1,6.523562306149512
الهیه,280,1393,1,1,7.244941546337007
فرمانیه,165,1398,1,1,7.3783837129967145
کوی فردوس,114,1398,1,1,6.518409552753856
دروس,130,1386,1,1,7.170888478512505
سعادت‌آباد,125,1394,1,1,6.608000625296087
زعفرانیه,175,1398,1,1,7.601402334583733
یوسف‌آباد,75,1384,1,1,5.786897381366708
لویزان,92,1388,0,1,5.645446897643238
دارآباد,80,1396,1,1,5.968707559985366
ولنجک,110,1395,1,1,7.0909098220799835
جردن,140,1381,1,1,6.398594934535208
ستارخان,75,1380,0,0,5.62040086571715
وحیدیه,44,1388,0,0,4.795790545596741
صاحب الزمان,70,1390,1,0,5.170483995038151
تهرانپارس شرقی,85,1390,0,0,5.278114659230517
شهرک غرب,100,1395,1,1,6.55250788703459
پونک,103,1399,1,1,6.55250788703459
دروازه شمیران,70,1388,0,1,5.25227342804663
شاهین,65,1385,0,1,5.5254529391317835
شهر زیبا,120,1396,1,1,6.144185634125646
پیروزی,60,1399,1,0,5.442417710521793
باغ فیض,80,1393,1,1,5.8888779583328805
دبستان,120,1380,0,1,6.19644412779452
خاک سفید,49,1398,0,0,4.51085950651685
دروازه شمیران,100,1399,1,1,5.993961427306569
شهران جنوبی,117,1393,1,1,5.968707559985366
زعفرانیه,200,1390,1,1,7.438971592395862
الهیه,300,1388,1,1,7.1631723908466425
جردن,41,1399,1,1,5.3981627015177525
افسریه,65,1399,1,1,5.5254529391317835
رباط کریم,75,1399,0,0,4.330733340286331
پاسداران,220,1397,1,1,7.3783837129967145
سعادت‌آباد,85,1390,1,0,6.248042874508429
شهر زیبا,70,1387,0,1,5.3981627015177525
تهرانپارس غربی,108,1396,1,1,6.089044875446846
چیتگر,142,1399,1,1,6.133398042996649
تهرانپارس غربی,80,1380,1,0,5.4638318050256105
ستارخان,72,1396,1,1,5.442417710521793
فلاح,60,1388,0,0,5.081404364984463
شهرآرا,51,1399,1,1,5.762051382780177
فرمانیه,125,1390,1,1,7.1316985104669115
جماران,140,1399,1,1,6.85751406254539
آجودانیه,90,1363,0,0,5.707110264748875
پونک,60,1396,1,1,5.583496308781699
استاد معین,75,1389,0,1,5.2832037287379885
نیاوران,200,1399,1,1,7.741099090035366
پونک,45,1397,1,1,5.5254529391317835
آذری,70,1397,1,1,5.081404364984463
شهرک نفت (منطقه ۵),75,1395,1,1,5.602118820879701
نیاوران,70,1399,1,1,6.206575926724928
نظام‌آباد,70,1399,1,1,5.5053315359323625
بهاران,130,1398,1,1,6.478509642208569
اختیاریه,150,1390,1,1,6.7580945044277305
دروس,350,1397,1,1,8.160803920954665
شهران جنوبی,75,1390,0,1,5.583496308781699
تهرانپارس غربی,90,1390,1,1,6.0330862217988015
سعادت‌آباد,61,1390,1,1,6.175867270105761
سعادت‌آباد,157,1390,1,1,6.947937068614969
زعفرانیه,180,1390,1,1,7.67368812926773
کوی فردوس,80,1386,1,1,5.602118820879701
قیطریه,105,1397,1,1,6.478509642208569
زعفرانیه,200,1379,0,1,6.78105762593618
میدان حر,100,1363,0,0,5.860786223465865
تهرانپارس شرقی,77,1386,0,1,5.25227342804663
پاسداران,115,1391,1,1,6.493753839851686
کرمان,51,1393,0,0,5.049856007249537
کوی فردوس,98,1398,1,1,6.398594934535208
فرمانیه,150,1388,1,1,7.244941546337007
مهرآباد جنوبی,95,1395,1,1,5.484796933490655
تهرانپارس شرقی,60,1388,0,0,5.017279836814924
الهیه,175,1388,1,1,7.244941546337007
سعادت‌آباد,95,1392,1,1,6.493753839851686
قیطریه,225,1375,0,1,7.1316985104669115
فرمانیه,217,1386,1,1,7.1316985104669115
باغ فیض,75,1383,0,1,5.545177444479562
پاسداران,180,1397,1,1,7.280008252884188
الهیه,215,1392,1,1,7.650168700845001
جردن,90,1396,1,1,6.68586094706836
گیشا (کوی نصر),85,1398,1,1,6.3473892096560105
نیاوران,130,1389,1,1,6.523562306149512
قیطریه,190,1390,1,1,7.0909098220799835
ولنجک,120,1399,1,1,7.0909098220799835
منیریه,45,1389,1,0,4.948759890378168
زعفرانیه,140,1380,1,1,6.90875477931522
کامرانیه,200,1394,1,1,7.3783837129967145
ستارخان,120,1396,1,1,6.329720905522696
هروی,112,1379,0,1,6.311734809152915
نیاوران,135,1393,1,1,6.803505257608338
امیرآباد,145,1399,1,1,6.68586094706836
اباذر,131,1387,1,1,6.68586094706836
ونک,130,1390,1,1,5.69035945432406
دولت‌آباد,50,1392,0,0,4.639571612705423
ایرانشهر,115,1399,1,1,6.364750756851911
اختیاریه,95,1395,1,1,6.566672429803241
جنت‌آباد مرکزی,115,1380,0,1,5.817111159963204
سیدخندان,160,1399,1,1,7.0909098220799835
مرزداران,101,1396,1,1,6.089044875446846
پیروزی,75,1385,0,1,5.583496308781699
ابوذر (منطقه ۱۵),65,1390,1,0,5.14166355650266
کوی فردوس,120,1384,0,1,6.066108090103747
کوی فردوس,75,1382,0,1,5.755742213586912
یوسف‌آباد,110,1393,1,1,6.398594934535208
افسریه,68,1397,1,1,5.081404364984463
نارمک,110,1397,1,1,5.942799375126701
کامرانیه,210,1388,1,1,7.650168700845001
اوین,130,1396,1,1,6.274762021241939
جنت‌آباد شمالی,95,1386,0,1,5.638354669333745
کوی فردوس,150,1397,1,1,6.54534966033442
سوهانک,155,1381,1,1,6.398594934535208
دلگشا,55,1378,0,0,4.722953221644475
جنت‌آباد جنوبی,130,1395,1,1,6.3473892096560105
پاسداران,92,1394,1,1,6.236369590203704
کامرانیه,105,1395,1,1,6.311734809152915
کوی فردوس,70,1390,1,1,5.638354669333745
شهر زیبا,78,1397,1,1,5.707110264748875
پونک,128,1384,0,1,5.817111159963204
قیطریه,140,1399,1,1,6.698268054115413
دبستان,120,1380,0,1,6.186208623900494
شهرک راه‌آهن,135,1393,1,1,6.295266001439646
امیریه,50,1384,0,0,4.59511985013459
پونک,88,1393,1,1,5.356586274672012
نیاوران,190,1372,1,1,6.769641976852503
اباذر,145,1395,1,1,6.493753839851686
شهرک غرب,138,1394,1,1,6.90875477931522
پاکدشت,180,1396,1,1,5.602118820879701
هروی,150,1397,1,1,6.493753839851686
شهر قدس,107,1399,1,0,5.278114659230517
قیطریه,230,1391,1,1,7.601402334583733
سیزده آبان,55,1372,0,1,4.23410650459726
کوی بیمه,77,1381,0,1,5.993961427306569
عباس‌آباد,130,1363,0,1,5.484796933490655
سلسبیل,75,1396,1,0,5.3981627015177525
ظفر,55,1393,1,0,5.2574953720277815
ولنجک,202,1385,1,1,7.244941546337007
اختیاریه,75,1396,1,1,6.154858094016418
کوی فردوس,73,1386,1,1,5.802118375377063
دانشگاه شریف,85,1399,1,1,6.018593214496234
کامرانیه,200,1389,1,1,7.00397413672268
فرمانیه,155,1393,1,1,6.918695219020472
اباذر,210,1390,1,1,7.313886831633462
پردیس,87,1399,1,1,4.330733340286331
سازمان برنامه,206,1386,1,1,7.00397413672268
شهریار,96,1394,0,1,4.61512051684126
پونک,65,1386,0,1,5.638354669333745
پونک,120,1395,1,1,6.293419278846481
سبلان,52,1385,0,0,4.795790545596741
دروس,200,1397,1,1,7.3783837129967145
اسکندری,50,1385,0,0,4.740574822994295
پونک,72,1389,1,1,6.111467339502679
تهرانپارس شرقی,100,1397,1,1,5.762051382780177
دانشگاه علم و صنعت,125,1399,1,1,6.311734809152915
شهرک پرواز,110,1378,0,1,5.69035945432406
جنت‌آباد جنوبی,70,1395,1,1,5.673323267171493
قیطریه,100,1399,1,1,6.68586094706836
ولنجک,75,1397,1,1,7.0909098220799835
جنت‌آباد جنوبی,68,1388,0,0,5.484796933490655
زعفرانیه,175,1399,1,1,7.467942332285852
آسمان,150,1392,1,0,5.638354669333745
سعادت‌آباد,140,1385,0,1,6.918695219020472
پاسداران,110,1397,1,1,6.398594934535208
هروی,145,1394,1,1,6.641182169740591
سنایی,104,1386,0,1,5.707110264748875
نیاوران,150,1396,1,1,6.8885724595653635
سعادت‌آباد,130,1399,1,1,7.170888478512505
جردن,100,1389,1,1,6.274762021241939
جردن,140,1396,1,1,6.698268054115413
سلسبیل,53,1390,0,1,5.017279836814924
شمس‌آباد,160,1399,1,1,6.93828448401696
جنت‌آباد مرکزی,72,1395,1,1,5.831882477283517
سلسبیل,60,1395,1,1,4.983606621708336
سعادت‌آباد,200,1390,1,1,7.496097345175956
زعفرانیه,130,1396,1,1,7.170888478512505
مشیریه,40,1385,0,0,4.51085950651685
ابوذر (منطقه ۱۵),55,1393,1,1,5.303304908059076
تجریش,140,1399,1,1,7.313886831633462
وحیدیه,40,1394,0,0,5.017279836814924
جردن,200,1388,1,1,7.313886831633462
نیاوران,100,1391,1,1,6.566672429803241
نیاوران,100,1397,1,1,6.559615237493242
قیطریه,140,1388,1,1,6.825460036255307
یوسف‌آباد,80,1399,1,1,6.329720905522696
زعفرانیه,255,1398,1,1,8.03947991910045
پونک,62,1394,1,1,5.602118820879701
سعادت‌آباد,118,1398,1,1,6.825460036255307
عباس‌آباد,170,1372,1,1,6.46302945692067
میرداماد,120,1390,1,1,6.311734809152915
قیطریه,85,1392,1,1,5.8888779583328805
پونک,100,1385,0,1,6.075346031088684
دروس,180,1385,1,1,6.985641817639208
جنت‌آباد شمالی,65,1386,0,0,5.5053315359323625
سعادت‌آباد,135,1388,1,1,6.274762021241939
سازمان برنامه,60,1395,1,1,5.886104031450156
تهرانپارس غربی,60,1387,0,0,4.983606621708336
امیرآباد,125,1382,0,1,6.089044875446846
دروس,205,1380,1,1,7.118826249062078
تهران‌سر,82,1395,1,1,5.713732805509369
کامرانیه,110,1396,1,1,7.00397413672268
سعادت‌آباد,185,1396,1,1,7.327123292259293
دروازه شمیران,100,1389,1,0,5.484796933490655
منیریه,70,1391,1,1,5.5053315359323625
دریاچه شهدای خلیج فارس,140,1399,1,1,6.447305862541213
سعادت‌آباد,130,1398,1,1,6.846943139585379
زنجان,54,1395,1,1,5.017279836814924
پونک,90,1388,0,1,5.7745515455444085
دارآباد,100,1395,1,1,6.621405651764134
شهرک غرب,120,1399,1,1,7.0909098220799835
مجیدیه,110,1363,0,0,5.831882477283517
تهرانپارس غربی,90,1393,1,1,6.089044875446846
آجودانیه,230,1381,0,1,7.1316985104669115
نیاوران,100,1390,1,1,6.2166061010848646
سپهر,85,1382,1,1,6.1224928095143865
اباذر,140,1397,1,1,6.803505257608338
اختیاریه,110,1391,1,1,6.329720905522696
پرند,152,1399,1,1,5.638354669333745
سیدخندان,103,1387,1,1,6.226536669287466
سعادت‌آباد,120,1390,1,1,6.3818160174060985
قیطریه,85,1397,1,1,6.621405651764134
الهیه,210,1390,1,1,7.208600337960199
پونک,70,1384,1,0,5.831882477283517
شهر زیبا,100,1383,0,1,5.860786223465865
اندیشه,65,1388,0,1,4.77912349311153
دریاچه شهدای خلیج فارس,138,1398,1,1,6.2166061010848646
کوی فردوس,95,1396,1,1,6.113682179832232
اقدسیه,260,1396,1,1,8.131824785007195
تهرانپارس غربی,80,1386,0,1,5.602118820879701
ولنجک,170,1399,1,1,7.67368812926773
اقدسیه,160,1397,1,1,7.1631723908466425
جنت‌آباد جنوبی,85,1390,1,1,6.042632833682381
الهیه,320,1388,1,1,7.741099090035366
ولنجک,160,1396,1,1,7.099201743553092
نیلوفر,150,1396,1,1,6.647688373563329
پیروزی,90,1378,0,0,5.081404364984463
قیطریه,126,1395,1,1,6.2166061010848646
نواب,65,1389,0,1,4.7535901911063645
شهرک غرب,190,1385,0,1,6.947937068614969
تجریش,120,1395,1,1,6.918695219020472
سهروردی,80,1397,1,1,6.2166061010848646
فرمانیه,220,1390,1,1,7.550135342488429
سعادت‌آباد,130,1395,1,1,7.170888478512505
تهرانپارس غربی,90,1399,1,1,5.968707559985366
سعادت‌آباد,70,1385,0,0,5.638354669333745
فرمانیه,250,1390,1,1,8.006700845440367
پاسداران,100,1380,0,1,5.993961427306569
سهروردی,110,1399,1,1,6.26530121273771
هروی,180,1386,1,1,7.313886831633462
پاسداران,185,1399,1,1,7.333676395657684
سعادت‌آباد,145,1399,1,1,7.359467638255621
امامت,68,1380,0,0,5.170483995038151
تهران‌سر,55,1381,0,1,4.948759890378168
قیطریه,100,1399,1,1,6.740519359606223
باغ فیض,125,1395,1,1,6.274762021241939
شهر زیبا,115,1394,1,1,6.398594934535208
شهرک غرب,150,1398,1,1,7.244941546337007
شهر ری - استخر,40,1390,0,1,4.663439094112067
مرزداران,90,1396,1,1,6.329720905522696
لواسان,200,1394,1,1,7.1316985104669115
صادقیه,80,1396,1,1,6.111467339502679
نیاوران,165,1398,1,1,7.313886831633462
دبستان,80,1393,1,1,5.638354669333745
مرزداران,115,1399,1,1,6.39024066706535
ظفر,90,1380,1,1,5.968707559985366
کوهک,127,1397,1,1,6.274762021241939
سیدخندان,140,1375,0,1,6.274762021241939
باغ فیض,85,1386,1,1,5.846438775057725
چیذر,60,1399,1,0,5.993961427306569
دروس,275,1394,1,1,7.313886831633462
اختیاریه,140,1385,0,1,6.7464121285733745
شمس‌آباد,125,1388,0,0,5.955837369464831
صد دستگاه,46,1392,1,0,5.0238805208462765
سعادت‌آباد,132,1396,1,1,7.280008252884188
ولنجک,165,1386,1,1,6.431331081933479
باغ فیض,50,1390,1,1,5.19295685089021
پونک,155,1396,1,1,6.673297967767654
نیاوران,110,1392,1,1,6.415096959171596
جنت‌آباد شمالی,120,1390,0,1,5.857933154483459
فرمانیه,145,1395,1,1,6.90875477931522
حکیمیه,100,1395,1,1,5.771441123130016
کوی فردوس,90,1393,1,1,6.113682179832232
قیطریه,75,1384,0,1,6.042632833682381
فرمانیه,130,1393,1,1,6.621405651764134
شهران جنوبی,83,1385,0,1,5.5254529391317835
گیشا (کوی نصر),75,1396,1,1,6.39024066706535
نواب,58,1394,0,1,4.795790545596741
صادقیه,92,1399,1,1,6.68586094706836
سعادت‌آباد,158,1390,1,1,7.0909098220799835
ارامنه,95,1398,1,1,5.993961427306569
سهروردی,82,1397,1,1,6.274762021241939
نیاوران,270,1398,1,1,8.068089626278244
افسریه,65,1392,0,1,4.867534450455582
شهران جنوبی,106,1387,1,1,6.398594934535208
پیروزی,80,1382,0,0,5.303304908059076
آجودانیه,150,1399,1,1,7.244941546337007
جردن,65,1388,1,1,6.042632833682381
جنت‌آباد مرکزی,130,1390,0,1,6.133398042996649
جوادیه,55,1390,1,0,4.8283137373023015
شمس‌آباد,125,1394,1,1,6.133398042996649
زعفرانیه,270,1391,1,1,7.67368812926773
افسریه,66,1385,0,0,5.017279836814924
جنت‌آباد شمالی,105,1390,1,1,6.089044875446846
تهرانپارس غربی,64,1385,0,0,5.278114659230517
ظفر,60,1399,1,1,5.993961427306569
زعفرانیه,360,1398,1,1,8.24301946898925
دریاچه شهدای خلیج فارس,101,1399,1,1,6.2166061010848646
سعادت‌آباد,150,1389,1,1,6.7226297948554485
شهر زیبا,88,1399,1,1,6.089044875446846
هروی,100,1380,0,1,5.602118820879701
آجودانیه,110,1393,1,1,6.415096959171596
صادقیه,69,1384,1,1,5.802118375377063
کامرانیه,170,1395,1,1,7.266128779556451
سبلان,65,1375,0,0,4.465908118654584
تولید دارو,52,1390,1,1,4.709530201312334
الهیه,88,1384,1,1,6.85751406254539
شهرک راه‌آهن,71,1390,0,1,5.583496308781699
اقدسیه,450,1390,1,1,8.517393171418904
ونک,250,1399,1,1,7.601402334583733
نیاوران,120,1394,1,1,6.55250788703459
دریاچه شهدای خلیج فارس,92,1398,1,1,5.860786223465865
مهرآباد جنوبی,60,1384,0,1,4.8283137373023015
حکمت,130,1393,1,1,6.621405651764134
نیاوران,90,1386,1,1,6.415096959171596
جنت‌آباد مرکزی,125,1398,1,1,6.55250788703459
کامرانیه,98,1390,1,1,6.398594934535208
کرمان,70,1380,0,0,5.081404364984463
ولنجک,165,1399,1,1,7.0909098220799835
شهران شمالی,76,1375,0,1,5.303304908059076
نیاوران,160,1399,1,1,7.307202314764738
پیروزی,50,1385,0,1,4.912654885736052
شهر زیبا,100,1385,0,1,5.942799375126701
جنت‌آباد جنوبی,160,1390,1,1,6.478509642208569
نیاوران,155,1381,1,1,6.803505257608338
نارمک,120,1396,1,1,6.493753839851686
سازمان برنامه,80,1386,1,1,5.8888779583328805
میرداماد,112,1385,1,1,6.398594934535208
تهرانپارس غربی,64,1398,1,1,5.442417710521793
صادقیه,115,1394,1,1,6.2166061010848646
کوی فردوس,125,1397,1,1,5.831882477283517
زعفرانیه,185,1399,1,1,7.518064181233078
جردن,70,1388,1,1,5.831882477283517
سبلان,80,1375,0,0,5.375278407684165
فرمانیه,180,1391,1,1,7.1316985104669115
کوی فردوس,89,1394,1,1,6.0185931390704415
نیاوران,160,1399,1,1,7.409136443920128
دریاچه شهدای خلیج فارس,100,1399,1,1,6.100318952020064
نازی‌آباد,58,1385,0,0,5.081404364984463
شکوفه,72,1393,1,1,5.375278407684165
اختیاریه,140,1394,1,1,6.7226297948554485
نیاوران,200,1384,1,1,7.696667081526462
صادقیه,140,1396,1,1,6.803505257608338
عبدل‌آباد,70,1390,1,0,4.672828834461906
پرستار,100,1399,1,1,6.255750041753367
جنت‌آباد شمالی,110,1380,0,0,5.993961427306569
کوهک,110,1397,1,1,6.293419278846481
جردن,170,1385,1,1,6.523562306149512
باغ فیض,82,1380,1,1,5.860786223465865
تهران‌نو,150,1399,1,1,6.78105762593618
آسمان,160,1389,1,1,6.660575149839686
ستارخان,95,1387,0,1,5.993961427306569
پاسداران,150,1399,1,1,7.00397413672268
پاسداران,150,1388,1,1,6.878326468291325
دریاچه شهدای خلیج فارس,100,1398,1,1,5.942799375126701
شمس‌آباد,86,1394,1,1,5.545177444479562
مرزداران,98,1396,1,1,6.054439346269371
اختیاریه,80,1392,1,1,6.3473892096560105
جنت‌آباد مرکزی,110,1396,1,1,6.284134161070802
شهرک غرب,130,1399,1,1,7.170888478512505
سازمان برنامه,85,1399,1,1,5.916202062607435
سیدخندان,115,1399,1,1,6.68586094706836
دهکده المپیک,127,1399,1,1,6.493753839851686
سعادت‌آباد,130,1398,1,1,6.516193076042964
دروس,265,1398,1,1,8.006700845440367
تهرانپارس شرقی,70,1383,0,1,5.327876168789581
پاسداران,140,1395,1,1,6.660575149839686
حکیمیه,93,1397,1,1,5.902633333401366
سعادت‌آباد,160,1388,1,1,7.00397413672268
فرمانیه,115,1393,1,1,6.85751406254539
شهران شمالی,160,1399,1,1,6.634633357861686
سعادت‌آباد,158,1390,1,1,7.1316985104669115
پیروزی,90,1399,1,1,6.111467339502679
سعادت‌آباد,170,1398,1,1,7.766840537085513
جنت‌آباد مرکزی,65,1398,1,0,5.442417710521793
پونک,78,1393,1,1,5.673323267171493
کامرانیه,330,1399,1,1,8.517393171418904
زعفرانیه,160,1387,1,1,6.566672429803241
نارمک,60,1380,0,0,4.875197323201151
شهرک غرب,140,1398,1,1,7.3783837129967145
حکیمیه,93,1394,1,1,5.87493073085203
شهر قدس,52,1390,1,0,4.709530201312334
ازگل,138,1397,1,1,7.0909098220799835
فرمانیه,260,1399,1,1,7.719129840906732
الهیه,270,1396,1,1,7.824445930877619
شاهین,135,1396,1,1,6.523562306149512
سعادت‌آباد,150,1383,0,1,6.90875477931522
نارمک,65,1385,1,0,5.44673737166631
کوی فردوس,80,1395,1,1,5.937536205082426
ولنجک,250,1399,1,1,8.006700845440367
نارمک,75,1387,0,0,5.225746673713202
پرستار,130,1363,0,0,5.4638318050256105
شمس‌آباد,135,1387,1,1,6.302618975744905
تجریش,235,1391,1,1,7.601402334583733
اکباتان,160,1399,1,1,6.55250788703459
شهرک غرب,135,1397,1,1,6.7464121285733745
مرزداران,72,1392,1,1,5.638354669333745
ولنجک,160,1383,1,1,7.048386408721883
نیلوفر,190,1399,1,1,7.601402334583733
مرزداران,110,1398,1,1,6.660575149839686
نیاوران,122,1395,1,1,6.78105762593618
تهران‌نو,59,1385,0,0,4.718498871295094
سعادت‌آباد,100,1392,1,1,6.364750756851911
شهرک غرب,110,1398,1,1,6.85751406254539
الهیه,200,1398,1,1,7.313886831633462
سهروردی,125,1399,1,1,6.803505257608338
فرمانیه,350,1387,1,1,7.72356247227797
پونک,65,1390,1,1,5.017279836814924
سعادت‌آباد,150,1392,1,1,6.90875477931522
بهار,75,1398,1,1,5.62040086571715
هروی,108,1397,1,1,6.608000625296087
زعفرانیه,240,1394,1,1,7.601402334583733
چیتگر,132,1399,1,1,6.154858094016418
سعادت‌آباد,140,1388,1,1,6.641182169740591
شهرک غرب,90,1388,1,0,5.786897381366708
پاسداران,200,1385,1,1,7.496097345175956
کاظم‌آباد,110,1398,1,1,6.111467339502679
زعفرانیه,160,1385,1,1,7.00397413672268
قیطریه,100,1399,1,1,6.501289670540389
سعادت‌آباد,100,1394,1,1,6.523562306149512
گیشا (کوی نصر),170,1399,1,1,7.601402334583733
جردن,110,1397,1,1,6.7464121285733745
آجودانیه,120,1388,1,1,6.478509642208569
مرزداران,90,1397,1,1,6.39024066706535
چیتگر,127,1399,1,1,6.018593214496234
ابوذر (منطقه ۱۵),62,1385,0,0,4.948759890378168
جنت‌آباد مرکزی,150,1398,1,1,6.7226297948554485
پونک,90,1395,1,1,6.398594934535208
کوی فردوس,95,1384,1,1,5.902633333401366
صادقیه,76,1384,1,1,5.916202062607435
کوی فردوس,230,1399,1,1,7.496097345175956
ازگل,200,1385,1,1,7.0909098220799835
کوی فردوس,80,1389,1,1,5.545177444479562
سعادت‌آباد,225,1390,1,1,7.244941546337007
تهرانپارس شرقی,85,1395,1,1,5.802118375377063
پاسداران,140,1388,1,1,6.85751406254539
شهران جنوبی,92,1397,1,1,5.69035945432406
دروس,103,1399,0,1,6.431331081933479
ولنجک,100,1397,1,1,6.68586094706836
ورامین,80,1385,0,0,4.875197323201151
شهرک ولیعصر,48,1392,1,0,4.709530201312334
پیروزی,56,1387,1,1,5.159055299214529
سازمان برنامه,115,1396,1,1,6.3561076606958915
نیاوران,135,1392,1,1,6.580639137284949
فاطمی,80,1384,0,0,5.4638318050256105
وحیدیه,60,1396,1,1,5.3981627015177525
شهران شمالی,100,1395,1,1,6.111467339502679
کامرانیه,95,1398,1,1,6.3473892096560105
فرمانیه,77,1371,0,1,6.311734809152915
فلاح,30,1397,0,0,3.9318256327243257
قیطریه,85,1399,1,1,6.478509642208569
دروس,185,1385,1,1,6.621405651764134
جردن,120,1388,1,1,6.154858094016418
پونک,95,1398,1,1,6.111467339502679
کوی مهران,65,1381,0,0,5.707110264748875
فرمانیه,120,1393,1,1,6.769641976852503
اختیاریه,95,1385,0,1,6.293419278846481
دروس,60,1395,1,0,5.860786223465865
جوادیه تهرانپارس,38,1380,0,0,4.2626798770413155
استخر,160,1389,1,1,6.175867270105761
دریاچه شهدای خلیج فارس,86,1396,1,1,5.739792912179234
چیذر,230,1392,1,1,7.467942332285852
دریاچه شهدای خلیج فارس,117,1396,1,1,6.089044875446846
نیاوران,120,1395,1,1,6.608000625296087
هروی,120,1386,1,1,6.311734809152915
اندیشه,61,1397,0,0,4.51085950651685
قیطریه,120,1398,1,1,6.878326468291325
گیشا (کوی نصر),87,1399,1,1,6.46302945692067
گاندی,150,1395,1,1,6.647688373563329
سوهانک,115,1387,1,1,6.2166061010848646
جیحون,55,1395,1,0,4.875197323201151
آرژانتین,117,1371,1,1,6.089044875446846
شهرک راه‌آهن,60,1384,0,0,5.198497031265826
شمس‌آباد,120,1398,1,1,6.478509642208569
شهر زیبا,90,1383,0,0,5.560681631015528
نارمک,78,1399,1,1,6.089044875446846
پونک,115,1380,0,1,6.066108090103747
پونک,68,1390,0,1,5.817111159963204
پونک,125,1399,1,1,6.3818160174060985
جیحون,118,1399,1,1,6.154858094016418
یوسف‌آباد,140,1395,1,1,6.673297967767654
شهر زیبا,85,1385,0,1,5.5053315359323625
اختیاریه,70,1395,1,1,5.87493073085203
اختیاریه,85,1395,1,1,6.398594934535208
سعادت‌آباد,150,1389,1,1,6.90875477931522
پاسداران,200,1390,1,1,7.523481312573497
ستارخان,87,1380,0,1,5.87493073085203
قیطریه,130,1387,1,1,6.53813982376767
نصرت,110,1395,1,1,6.478509642208569
زعفرانیه,165,1397,1,1,7.762596048540069
سعادت‌آباد,110,1397,1,1,6.976348070447749
پونک,62,1385,1,1,5.583496308781699
تهرانپارس غربی,160,1394,1,1,7.0909098220799835
امامزاده قاسم,60,1386,0,0,5.135798437050262
تهران‌سر,55,1396,1,0,5.159055299214529
آذربایجان,71,1395,1,1,5.641907070938114
پونک,65,1388,0,1,5.327876168789581
مجیدیه,45,1399,1,1,5.25227342804663
عباس‌آباد,110,1395,1,1,6.55250788703459
شهرک غرب,136,1385,1,1,6.274762021241939
افسریه,75,1375,0,1,4.804021044733257
استاد معین,40,1387,0,0,4.709530201312334
شمس‌آباد,120,1397,1,1,6.447305862541213
پاسداران,210,1399,1,1,7.496097345175956
باغ فیض,54,1385,0,1,5.14166355650266
طرشت,130,1371,0,1,5.739792912179234
جنت‌آباد جنوبی,96,1396,1,1,6.278521424165844
نیاوران,115,1395,1,1,6.3561076606958915
فرمانیه,300,1399,1,1,8.294299608857235
سیدخندان,187,1372,0,0,6.415096959171596
جردن,270,1390,1,1,7.244941546337007
صادقیه,120,1394,1,1,6.398594934535208
سعادت‌آباد,125,1398,1,1,7.0909098220799835
سعادت‌آباد,95,1392,1,1,6.478509642208569
یوسف‌آباد,100,1395,1,1,6.2166061010848646
نیاوران,100,1396,1,1,6.673297967767654
لویزان,55,1386,0,0,4.948759890378168
شهریار,90,1399,1,1,4.61512051684126
تهرانپارس شرقی,70,1385,0,1,4.962844630259907
تهران‌سر,100,1397,1,1,5.8888779583328805
میرداماد,240,1385,1,1,6.947937068614969
ازگل,180,1396,1,1,7.313886831633462
ستارخان,92,1391,1,1,5.831882477283517
کامرانیه,600,1399,1,1,9.059633754551479
فرمانیه,200,1390,1,1,7.259116128097101
نیرو هوایی,80,1385,0,0,5.25227342804663
پیروزی,45,1380,0,0,4.394449154672439
کامرانیه,360,1399,1,1,8.366602832783736
ستارخان,70,1399,1,1,6.042632833682381
الهیه,270,1388,1,1,7.601402334583733
اکباتان,143,1371,1,1,6.608000625296087
تهران‌ویلا,105,1398,1,1,6.2166061010848646
ولنجک,120,1396,1,1,6.85751406254539
کوی فردوس,70,1394,1,1,5.802118375377063
اقدسیه,135,1387,1,1,6.431331081933479
ولنجک,160,1396,1,1,7.0909098220799835
آذربایجان,80,1392,1,1,5.327876168789581
شهر قدس,85,1390,0,0,4.465908118654584
استاد معین,57,1389,0,0,4.976733742420574
یوسف‌آباد,130,1396,1,1,6.523562306149512
اباذر,210,1388,1,1,7.0909098220799835
شهرک شهید باقری,107,1393,1,1,5.942799375126701
زعفرانیه,120,1395,1,1,6.90875477931522
تهرانپارس غربی,65,1397,1,1,5.673323267171493
نیاوران,330,1399,1,1,8.412054873292933
نواب,65,1383,1,0,5.017279836814924
تهرانپارس غربی,123,1399,1,1,6.566672429803241
سعادت‌آباد,120,1375,0,1,6.55250788703459
نیاوران,300,1397,1,1,7.741099090035366
فرمانیه,300,1390,1,1,7.550135342488429
شهرک راه‌آهن,165,1395,1,1,6.398594934535208
شمس‌آباد,98,1394,1,1,6.2166061010848646
دروس,148,1393,1,1,6.85751406254539
سلیمانی,65,1380,0,0,4.791649752930709
نیاوران,145,1380,0,1,6.90875477931522
حکیمیه,110,1375,0,0,5.860786223465865
نیاوران,155,1398,1,1,7.00397413672268
زعفرانیه,250,1397,1,1,8.071218539969863
اقدسیه,110,1386,1,1,6.311734809152915
شهران شمالی,120,1399,1,1,6.692083742506628
کوی فردوس,75,1385,0,1,5.786897381366708
ولنجک,130,1397,1,1,7.147559271189454
مرزداران,100,1395,1,1,6.311734809152915
نعمت‌آباد,75,1396,1,1,4.912654885736052
زعفرانیه,268,1389,1,1,7.67368812926773
الهیه,220,1398,1,1,7.696667081526462
پونک,60,1393,0,1,5.438079308923196
دیلمان,65,1388,0,0,5.017279836814924
امیریه,55,1384,0,0,4.795790545596741
سوهانک,125,1397,1,1,6.7226297948554485
دروس,240,1399,1,1,8.006700845440367
نیاوران,160,1386,1,1,7.00397413672268
سهروردی,105,1399,1,1,6.55250788703459
بومهن,75,1399,1,1,4.51085950651685
آشتیانی,61,1385,0,1,5.5254529391317835
پونک,65,1389,0,1,5.484796933490655
شهرک راه‌آهن,127,1396,1,1,6.3473892096560105
پلیس,40,1379,0,0,4.948759890378168
نیاوران,120,1395,1,1,6.7580945044277305
هروی,85,1390,1,1,6.100318952020064
جردن,170,1386,1,1,6.634633357861686
نیاوران,140,1380,1,1,6.398594934535208
اباذر,260,1399,1,1,7.824445930877619
جنت‌آباد جنوبی,100,1399,1,1,6.089044875446846
نیاوران,250,1390,1,1,7.601402334583733
شهر ری - اقدسیه,69,1394,0,0,4.990432586778736
الهیه,200,1387,1,1,6.85751406254539
ازگل,140,1399,1,1,7.00397413672268
تهرانپارس غربی,60,1384,1,0,5.564520407322694
تسلیحات,50,1388,0,0,4.672828834461906
ولنجک,170,1385,1,1,6.803505257608338
جنت‌آباد شمالی,75,1380,0,0,5.111987788356544
آبشار تهران,105,1399,1,1,5.942799375126701
شهر قدس,75,1390,0,1,4.795790545596741
هروی,100,1399,1,1,6.634633357861686
طرشت,65,1396,1,1,5.442417710521793
سعادت‌آباد,145,1380,0,1,7.0909098220799835
سعادت‌آباد,78,1389,1,1,6.364750756851911
رباط کریم,75,1392,1,0,4.394449154672439
جنت‌آباد مرکزی,125,1390,1,1,6.364750756851911
سعادت‌آباد,90,1396,1,1,6.175867270105761
سازمان برنامه,115,1386,0,1,6.0063531596017325
سعادت‌آباد,160,1381,1,1,6.90875477931522
امیرآباد,110,1381,0,1,6.133398042996649
دربند,90,1392,1,1,5.993961427306569
کوی فردوس,70,1384,0,0,5.602118820879701
اراج,160,1394,1,1,7.313886831633462
سعادت‌آباد,150,1395,1,1,6.85751406254539
پونک,115,1396,1,1,6.329720905522696
شهر زیبا,50,1392,1,1,5.420534999272286
اباذر,88,1391,1,1,5.883322388488279
سعادت‌آباد,220,1397,1,1,7.937731775260109
سعادت‌آباد,125,1390,1,1,6.478509642208569
ونک,150,1388,1,1,6.918695219020472
شهرک نفت (منطقه ۱),124,1394,1,1,6.68586094706836
سیدخندان,85,1399,1,1,6.311734809152915
ولنجک,175,1398,1,1,7.650168700845001
شهرک غرب,92,1385,1,1,6.329720905522696
دروس,270,1396,1,1,8.160803920954665
کرمان,70,1392,1,1,5.860786223465865
پردیس,87,1399,1,1,4.61512051684126
شهرک نفت (منطقه ۵),65,1395,1,1,5.583496308781699
پونک,55,1393,1,1,5.484796933490655
مرزداران,126,1396,1,1,6.68586094706836
آذری,55,1399,1,1,4.983606621708336
آجودانیه,360,1399,1,1,8.38958706681109
شمیران‌نو,100,1399,1,1,5.707110264748875
سازمان برنامه,63,1386,1,1,5.641907070938114
فرمانیه,180,1389,1,1,6.898714534329988
پونک,68,1388,0,0,5.332718793265369
زعفرانیه,350,1388,1,1,7.67368812926773
شهرک ژاندارمری,88,1397,1,1,5.918893854273146
کوی فردوس,150,1396,1,1,6.175867270105761
یوسف‌آباد,120,1386,0,1,5.929589143389895
شهرک کیانشهر,65,1398,1,1,5.017279836814924
سهروردی,105,1399,1,1,6.478509642208569
تهرانپارس شرقی,75,1383,1,1,5.5254529391317835
دکتر هوشیار,125,1399,1,0,5.942799375126701
جیحون,65,1393,0,0,4.948759890378168
دزاشیب,130,1390,1,1,6.398594934535208
سعادت‌آباد,127,1391,1,1,6.803505257608338
دریان‌نو,100,1384,0,1,5.916202062607435
فرمانیه,128,1392,1,1,6.957497370876951
نیاوران,220,1396,1,1,7.307202314764738
قیطریه,80,1399,1,1,6.478509642208569
سازمان برنامه,75,1394,1,1,5.817111159963204
عباس‌آباد,30,1363,1,1,3.332204510175204
زعفرانیه,125,1391,1,1,6.7580945044277305
الهیه,350,1385,1,1,8.071218539969863
سعادت‌آباد,78,1387,1,1,6.329720905522696
مرزداران,188,1395,1,1,7.1316985104669115
زعفرانیه,110,1399,1,1,7.0909098220799835
کوی فردوس,110,1397,1,1,6.447305862541213
نیاوران,140,1395,1,1,7.601402334583733
دریاچه شهدای خلیج فارس,107,1397,1,1,6.133398042996649
پونک,125,1391,1,1,6.311734809152915
جیحون,75,1398,1,0,5.484796933490655
آذربایجان,112,1363,0,0,5.442417710521793
جلفا,140,1390,1,1,6.282266746896006
آجودانیه,235,1375,0,1,7.1316985104669115
چیتگر,140,1395,1,1,6.154858094016418
جنت‌آباد جنوبی,65,1386,1,0,5.5254529391317835
قیطریه,230,1398,1,1,7.201170883281678
سعادت‌آباد,180,1398,1,1,7.346655163176539
باغ فیض,60,1382,1,1,5.375278407684165
پونک,75,1389,0,1,5.303304908059076
پاسداران,110,1396,1,1,6.398594934535208
سهروردی,110,1386,1,1,6.398594934535208
سازمان برنامه,63,1380,0,1,5.62040086571715
سلسبیل,52,1384,0,0,4.966335035199676
اختیاریه,73,1380,0,1,6.066108090103747
هروی,180,1398,1,1,7.2305631534092925
الهیه,260,1380,0,1,7.3783837129967145
حصارک,180,1375,0,0,5.8888779583328805
سعادت‌آباد,115,1392,1,1,6.523562306149512
پاسداران,125,1399,1,1,6.90875477931522
امیرآباد,140,1399,1,1,7.244941546337007
جیحون,62,1397,1,1,5.303304908059076
فیروزآبادی,100,1390,1,0,5.225746673713202
هروی,50,1380,0,0,5.272999558563747
تهرانپارس شرقی,55,1393,0,0,4.875197323201151
فرمانیه,400,1399,1,1,8.881975184248867
شهرک راه‌آهن,70,1387,0,1,5.5254529391317835
هروی,65,1398,1,1,6.2166061010848646
صادقیه,90,1397,1,1,5.942799375126701
سعادت‌آباد,135,1388,1,1,6.90875477931522
سعادت‌آباد,225,1390,1,1,7.193685818395112
ولنجک,105,1397,1,1,6.53813982376767
پاسداران,123,1385,1,1,6.710523109452428
دروس,270,1395,1,1,7.501634457883413
سعادت‌آباد,170,1397,1,1,7.762596048540069
قیطریه,115,1384,1,1,6.55250788703459
قنات‌کوثر,90,1396,1,1,6.111467339502679
تهرانپارس شرقی,64,1396,1,1,5.2832037287379885
اباذر,120,1399,1,1,6.85751406254539
پونک,140,1399,1,1,6.647688373563329
زعفرانیه,350,1384,1,1,7.601402334583733
جنت‌آباد مرکزی,110,1394,1,1,6.100318952020064
شهران جنوبی,130,1395,1,1,5.993961427306569
ستارخان,110,1392,1,1,6.19644412779452
ونک,65,1363,0,1,5.5254529391317835
جنت‌آباد شمالی,85,1395,1,1,5.8888779583328805
اندیشه,70,1387,0,1,4.653960350157523
الهیه,190,1393,1,1,7.00397413672268
ابوذر (منطقه ۱۵),135,1398,1,1,6.19644412779452
الهیه,160,1394,1,1,7.244941546337007
دریاچه شهدای خلیج فارس,105,1395,1,1,5.442417710521793
شهر زیبا,78,1390,1,1,5.860786223465865
پونک,115,1399,1,1,6.666956792429207
فرمانیه,80,1386,1,1,5.968707559985366
دریان‌نو,50,1375,0,0,4.912654885736052
الهیه,150,1393,1,1,7.696667081526462
پونک,135,1399,1,1,6.8679744089702925
اقدسیه,250,1390,1,1,7.601402334583733
دانشگاه تهران,52,1385,1,1,5.081404364984463
مسعودیه,69,1385,0,0,4.836281906951478
شهرک شریعتی,50,1390,0,1,4.499809670330265
نیاوران,300,1395,1,1,8.38958706681109
ولنجک,130,1391,1,1,6.7580945044277305
یوسف‌آباد,130,1399,1,1,7.057036981697891
الهیه,121,1395,1,1,6.734591659972948
زعفرانیه,200,1397,1,1,7.346655163176539
مرزداران,125,1388,0,1,5.929589143389895
ستارخان,100,1393,1,1,6.329720905522696
دروس,180,1397,1,1,7.273092595999522
جنت‌آباد جنوبی,100,1399,1,1,6.2166061010848646
سعادت‌آباد,125,1399,1,1,7.170888478512505
حکیمیه,66,1382,1,1,5.225746673713202
مرزداران,100,1388,1,1,6.311734809152915
چیتگر,80,1392,1,1,5.3981627015177525
قیطریه,220,1399,1,1,7.783640596221253
فرمانیه,230,1399,1,1,7.650168700845001
گیشا (کوی نصر),100,1363,0,1,5.638354669333745
کوی فردوس,120,1396,1,1,6.255750041753367
سبلان,45,1393,0,0,5.081404364984463
فرمانیه,250,1390,1,1,7.696667081526462
دربند,85,1394,1,1,6.045005314036012
پاسداران,140,1395,1,1,6.634633357861686
جنت‌آباد جنوبی,140,1399,1,1,7.0909098220799835
زعفرانیه,210,1396,1,1,7.438971592395862
شهرک نفت (منطقه ۵),87,1399,1,1,6.206575926724928
دروس,280,1393,1,1,7.484930283289661
سعادت‌آباد,120,1399,1,1,7.244941546337007
شهرک نفت (منطقه ۱),125,1392,1,1,6.68586094706836
آجودانیه,85,1396,1,1,6.311734809152915
شهرک غرب,160,1389,0,1,6.3561076606958915
نیاوران,130,1393,1,1,6.523562306149512
منیریه,85,1390,0,1,5.438079308923196
سعادت‌آباد,107,1385,1,1,6.398594934535208
پونک,120,1399,1,1,6.398594934535208
شمیران‌نو,85,1389,1,1,5.771441123130016
نیاوران,215,1396,1,1,7.244941546337007
دارآباد,60,1387,0,0,5.655991810819852
دارآباد,100,1398,1,1,6.478509642208569
قنات‌کوثر,182,1396,1,1,6.7464121285733745
هاشمی,100,1399,1,1,5.860786223465865
شهرک پرواز,70,1392,1,1,5.771441123130016
شمس‌آباد,95,1394,1,1,6.274762021241939
شاهین,90,1386,1,1,6.054439346269371
ابوذر (منطقه ۱۵),61,1383,0,1,4.983606621708336
اختیاریه,125,1385,1,1,6.7226297948554485
پاتریس لومومبا,110,1390,0,1,6.2166061010848646
جنت‌آباد شمالی,78,1392,1,1,5.459585514144159
آجودانیه,185,1397,1,1,7.346655163176539
زعفرانیه,140,1380,0,1,6.8679744089702925
نیاوران,170,1384,0,1,6.90875477931522
تهران‌سر,47,1382,0,1,5.198497031265826
دروس,230,1398,1,1,7.696667081526462
سعادت‌آباد,144,1385,1,1,6.803505257608338
تجریش,185,1399,1,1,7.479299637782834
شمس‌آباد,62,1390,1,1,5.638354669333745
پونک,70,1384,1,1,5.5254529391317835
تهران‌سر,62,1385,0,1,5.351858133476067
ولنجک,130,1399,1,1,7.1316985104669115
نارمک,63,1385,0,1,5.602118820879701
قلهک,60,1396,1,0,5.8888779583328805
فرمانیه,240,1387,1,1,7.244941546337007
استخر,66,1388,1,1,5.5254529391317835
اباذر,220,1398,0,1,6.46302945692067
ازگل,90,1398,1,1,6.398594934535208
شهرک غرب,150,1399,1,1,7.170888478512505
تهرانپارس غربی,110,1390,1,1,5.981414211254481
نیرو هوایی,100,1380,0,1,5.5254529391317835
سعادت‌آباد,128,1399,1,1,7.170888478512505
شهرک کوهسار,120,1395,1,1,6.154858094016418
فرمانیه,260,1399,1,1,6.90875477931522
آذری,60,1385,0,0,5.017279836814924
اختیاریه,58,1395,1,1,6.066108090103747
سعادت‌آباد,140,1385,1,1,7.00397413672268
تهرانپارس غربی,110,1399,1,1,6.398594934535208
رباط کریم,52,1383,0,0,4.02535169073515
پاسداران,126,1386,1,1,6.710523109452428
سعادت‌آباد,105,1398,1,1,6.803505257608338
تهران‌نو,62,1390,1,1,5.484796933490655
جنت‌آباد جنوبی,60,1386,1,0,5.62040086571715
محمودیه,180,1385,1,1,6.608000625296087
سعادت‌آباد,160,1383,1,1,6.957497370876951
الهیه,200,1389,1,1,7.696667081526462
جیحون,64,1388,1,1,4.969813299576001
فرمانیه,64,1399,1,1,6.293419278846481
قیطریه,140,1394,1,1,6.621405651764134
المهدی,107,1399,1,1,5.560681631015528
فرمانیه,230,1399,1,1,7.496097345175956
گمرک,40,1399,1,1,4.795790545596741
شهرک آزادی,51,1391,0,1,4.948759890378168
کوی فردوس,78,1396,1,1,5.707110264748875
نارمک,65,1393,1,1,5.707110264748875
تجریش,240,1392,1,1,7.601402334583733
نیاوران,150,1399,1,1,7.244941546337007
نیاوران,125,1399,1,1,7.1316985104669115
اندیشه,70,1388,0,1,4.795790545596741
فرمانیه,145,1397,1,1,6.68586094706836
کوی فردوس,97,1397,1,1,6.311734809152915
نیاوران,160,1392,1,1,6.90875477931522
سعادت‌آباد,70,1384,1,1,6.311734809152915
نیاوران,160,1381,0,1,7.170888478512505
سعادت‌آباد,70,1388,1,1,5.831882477283517
قلهک,60,1395,1,0,5.993961427306569
نارمک,55,1396,1,1,5.442417710521793
مجیدیه,57,1381,1,0,4.9344739331306915
سعادت‌آباد,110,1399,1,1,6.947937068614969
کوی فردوس,80,1387,0,1,5.860786223465865
تهرانپارس غربی,90,1398,1,1,6.154858094016418
یوسف‌آباد,100,1398,1,1,6.26530121273771
گرگان,60,1386,0,1,4.795790545596741
نارمک,73,1363,0,1,5.25227342804663
سعادت‌آباد,122,1395,1,1,7.0909098220799835
فشم,280,1396,1,1,6.8885724595653635
چیتگر,200,1398,1,1,6.68586094706836
الهیه,200,1396,1,1,7.8636512654486515
درکه,170,1396,1,1,6.478509642208569
جنت‌آباد جنوبی,131,1395,1,1,6.398594934535208
سیدخندان,73,1399,1,1,6.293419278846481
آجودانیه,110,1389,1,0,6.398594934535208
سازمان آب,56,1380,0,0,5.402677381872279
اقدسیه,105,1396,1,1,6.68586094706836
قلهک,235,1385,1,1,7.467942332285852
قیطریه,235,1399,1,1,7.783640596221253
شهر زیبا,85,1387,1,1,5.5254529391317835
شکوفه,70,1385,0,0,5.14166355650266
زعفرانیه,100,1396,1,1,6.7464121285733745
سعادت‌آباد,160,1397,1,1,6.918695219020472
شهران شمالی,107,1388,1,1,6.2166061010848646
فاطمی,70,1379,0,0,5.673323267171493
زعفرانیه,200,1395,1,1,7.601402334583733
کوی فردوس,66,1385,1,1,5.5254529391317835
آبشار تهران,75,1390,1,1,5.802118375377063
محمودیه,175,1391,1,1,7.13966033596492
پرستار,68,1399,1,1,5.424950017481403
پونک,110,1387,1,1,5.981414211254481
پونک,55,1397,1,1,5.564520407322694
ظفر,254,1387,1,1,7.438971592395862
محمودیه,170,1389,1,1,6.608000625296087
بریانک,65,1385,0,1,5.262690188904886
جردن,130,1387,1,1,6.7464121285733745
امیر بهادر,47,1384,0,0,4.61512051684126
سعادت‌آباد,60,1390,1,1,6.2166061010848646
پلیس,50,1390,1,0,5.081404364984463
سعادت‌آباد,115,1398,1,1,6.85751406254539
شهرک غرب,120,1391,1,1,7.1316985104669115
چیتگر,150,1399,1,1,6.089044875446846
یوسف‌آباد,140,1384,1,1,6.364750756851911
یوسف‌آباد,127,1388,1,1,6.55250788703459
استاد معین,65,1394,1,1,5.564520407322694
تهرانپارس شرقی,75,1390,0,0,5.049856007249537
کوی فردوس,78,1390,1,1,5.602118820879701
شاهین,155,1398,1,1,6.90875477931522
کامرانیه,95,1396,1,1,6.493753839851686
جنت‌آباد جنوبی,110,1385,0,1,5.723585101952381
اختیاریه,123,1385,1,1,6.710523109452428
باغ فیض,60,1385,1,1,5.375278407684165
دروازه شمیران,90,1399,1,1,5.8888779583328805
الهیه,160,1394,1,1,7.208600337960199
شمس‌آباد,115,1388,1,1,6.398594934535208
دریاچه شهدای خلیج فارس,157,1396,1,1,6.55250788703459
پونک,135,1399,1,1,6.7464121285733745
یوسف‌آباد,80,1393,1,1,6.3473892096560105
شهران جنوبی,70,1386,1,1,5.572154032177765
نظام‌آباد,78,1392,1,0,5.5254529391317835
ظفر,120,1399,1,1,6.90875477931522
پاسداران,180,1397,1,1,7.340186835320115
شهرک غرب,110,1395,1,1,6.68586094706836
جنت‌آباد مرکزی,130,1389,1,1,6.302618975744905
اختیاریه,115,1395,1,1,6.493753839851686
زعفرانیه,150,1387,1,1,7.1316985104669115
بریانک,50,1394,0,1,4.948759890378168
فرمانیه,100,1397,1,1,6.792344427470809
سعادت‌آباد,240,1399,1,1,8.24301946898925
پلیس,49,1391,1,0,5.017279836814924
گرگان,70,1393,1,1,5.25227342804663
الهیه,180,1388,1,1,7.048386408721883
جنت‌آباد جنوبی,82,1394,1,1,5.942799375126701
شهرک غرب,95,1393,1,1,6.478509642208569
ولنجک,400,1398,1,1,8.853808274977197
کوی فردوس,82,1390,1,1,6.018593214496234
سعادت‌آباد,120,1399,1,1,7.048386408721883
سعادت‌آباد,100,1388,1,1,6.608000625296087
اختیاریه,70,1396,1,1,5.993961427306569
زعفرانیه,240,1395,1,1,7.783640596221253
سهروردی,140,1375,0,1,6.338594078203183
سلسبیل,95,1399,1,1,5.831882477283517
باغ فیض,85,1395,1,1,5.993961427306569
دریاچه شهدای خلیج فارس,115,1397,1,1,6.018593214496234
کاروان,45,1380,0,0,4.61512051684126
جردن,140,1385,1,1,6.493753839851686
پونک,57,1388,1,1,5.424950017481403
پاسداران,155,1399,1,1,7.346655163176539
نیرو هوایی,100,1396,1,1,6.398594934535208
نیاوران,300,1399,1,1,7.804251383528112
اقدسیه,220,1388,1,1,7.237778191923443
سلسبیل,57,1386,0,0,4.897839799950911
فلاح,58,1392,1,0,4.795790545596741
الهیه,180,1398,1,1,7.601402334583733
گیشا (کوی نصر),91,1372,0,1,6.066108090103747
نظام‌آباد,100,1394,1,0,5.493061443340548
ولنجک,130,1399,1,1,6.93828448401696
اندیشه,50,1392,0,1,4.564348191467836
مجیدیه,65,1393,1,1,5.993961427306569
ولنجک,92,1395,1,1,6.3818160174060985
چیذر,180,1389,1,1,6.7580945044277305
کوی فردوس,106,1393,1,1,6.154858094016418
نیاوران,110,1395,1,1,6.46302945692067
نیاوران,165,1399,1,1,7.2868764117507
نیاوران,250,1363,0,1,6.311734809152915
ولنجک,172,1396,1,1,5.707110264748875
یوسف‌آباد,143,1399,1,1,6.710523109452428
سعادت‌آباد,155,1399,1,1,6.803505257608338
پاسداران,225,1393,1,1,6.78105762593618
زعفرانیه,190,1389,1,1,6.976348070447749
قیطریه,130,1397,1,1,6.7464121285733745
فرمانیه,125,1394,1,1,6.7464121285733745
زعفرانیه,175,1387,1,1,6.846943139585379
اباذر,106,1387,1,1,6.253828811575473
کوهک,98,1397,1,1,6.042632833682381
سعادت‌آباد,150,1399,1,1,7.244941546337007
سعادت‌آباد,95,1388,1,1,5.929589143389895
جوادیه,95,1386,0,1,5.017279836814924
پاسداران,110,1395,1,1,6.236369590203704
فرمانیه,140,1397,1,1,7.280008252884188
کوهک,92,1395,1,1,5.84354441703136
جنت‌آباد مرکزی,51,1383,0,1,5.5254529391317835
ونک,78,1384,1,1,6.066108090103747
فشم,100,1395,1,1,6.311734809152915
پونک,61,1389,1,1,5.602118820879701
جیحون,88,1399,1,1,5.564520407322694
اباذر,145,1396,1,1,6.493753839851686
کامرانیه,90,1399,1,1,6.431331081933479
تهران‌سر,105,1395,1,1,5.707110264748875
امیرآباد,200,1385,0,1,6.311734809152915
قیطریه,120,1397,1,1,6.878326468291325
کوی فردوس,75,1382,0,1,5.703782474656201
کوی فردوس,120,1396,1,1,6.329720905522696
علی‌آباد,50,1397,1,0,4.875197323201151
شهرک غرب,85,1371,1,0,6.311734809152915
مرزداران,140,1385,0,1,6.311734809152915
نیاوران,150,1395,1,1,6.673297967767654
اندیشه,80,1399,0,1,4.7535901911063645
کرمان,75,1379,0,0,5.3981627015177525
قیطریه,180,1399,1,1,6.90875477931522
قیطریه,75,1397,1,1,6.175867270105761
ازگل,128,1397,1,1,6.792344427470809
پردیس,87,1399,1,1,4.77912349311153
اندیشه,55,1383,0,0,5.351858133476067
سعادت‌آباد,130,1380,0,1,6.175867270105761
جردن,170,1396,1,1,6.803505257608338
خواجه نظام الملک,60,1385,0,0,5.25227342804663
جنت‌آباد جنوبی,90,1393,1,1,6.19644412779452
شهران شمالی,120,1394,1,1,6.2166061010848646
پردیس,90,1394,1,1,4.51085950651685
سعادت‌آباد,115,1388,1,1,5.993961427306569
نارمک جنوبی,55,1390,1,1,5.351858133476067
الهیه,160,1395,1,1,7.244941546337007
سعادت‌آباد,160,1388,1,1,6.523562306149512
امین حضور,107,1399,1,1,5.560681631015528
کوهک,112,1398,1,1,6.030685260261263
شاهین,75,1388,1,1,6.042632833682381
نیاوران,85,1396,1,1,6.133398042996649
پیروزی,100,1399,1,1,6.068425588244111
قیطریه,130,1398,1,1,6.7580945044277305
قیطریه,158,1393,1,1,6.641182169740591
سعادت‌آباد,140,1396,1,1,7.0909098220799835
اوقاف,92,1397,1,0,5.545177444479562
پونک,70,1392,0,1,5.752572638825633
محمودیه,120,1395,1,1,6.85751406254539
اختیاریه,100,1386,1,1,6.478509642208569
فرمانیه,200,1395,1,1,7.783640596221253
شهرک غرب,125,1398,1,1,7.01301578963963
آذربایجان,40,1395,0,0,4.795790545596741
شهران جنوبی,105,1398,1,1,5.87493073085203
جنت‌آباد مرکزی,110,1388,1,1,6.2166061010848646
جنت‌آباد مرکزی,110,1380,0,1,6.2166061010848646
شادمهر,65,1380,0,0,5.37989735354046
صادقیه,110,1392,1,1,6.2166061010848646
مهرآباد جنوبی,120,1399,1,1,5.968707559985366
شبیری,42,1394,1,1,4.844187086458591
قیطریه,70,1397,1,1,6.311734809152915
قیطریه,170,1399,1,1,7.741099090035366
بهار,95,1380,0,0,5.707110264748875
قیطریه,100,1393,1,1,6.186208623900494
الهیه,120,1396,1,1,7.346655163176539
ابوذر (منطقه ۱۵),65,1387,1,0,5.017279836814924
زعفرانیه,140,1390,1,1,7.0909098220799835
سعادت‌آباد,145,1385,1,1,6.8885724595653635
مرزداران,125,1395,1,1,6.684611727667927
الهیه,160,1399,1,1,7.496097345175956
صادقیه,70,1384,0,1,5.5254529391317835
استخر,97,1399,1,1,4.61512051684126
ولنجک,150,1385,1,1,7.00397413672268
الهیه,85,1390,1,1,6.255750041753367
فرمانیه,130,1397,1,1,7.0909098220799835
خاک سفید,75,1396,0,0,4.875197323201151
دارآباد,60,1380,0,0,5.5254529391317835
زعفرانیه,350,1388,1,1,7.601402334583733
آجودانیه,90,1387,1,1,6.206575926724928
پیروزی,110,1399,1,1,5.993961427306569
دولت‌آباد,60,1397,0,0,5.017279836814924
پیروزی,71,1388,0,1,5.638354669333745
اقدسیه,85,1394,1,1,5.916202062607435
سوهانک,98,1394,1,1,6.133398042996649
اتابک,40,1363,0,0,4.248495242049359
جی,65,1395,1,1,4.875197323201151
چیتگر,116,1399,1,1,6.398594934535208
دزاشیب,155,1399,1,1,6.90875477931522
آجودانیه,120,1390,1,1,6.478509642208569
پاکدشت,70,1394,1,0,4.204692619390966
سعادت‌آباد,115,1392,1,1,6.066108090103747
قیطریه,130,1398,1,1,6.947937068614969
فرمانیه,65,1396,1,0,6.478509642208569
پاسداران,138,1387,1,1,6.55250788703459
ظفر,133,1388,1,1,6.594413459749778
سعادت‌آباد,160,1399,1,1,7.346655163176539
دریاچه شهدای خلیج فارس,114,1394,1,1,6.226536669287466
بریانک,65,1387,0,1,4.983606621708336
سعادت‌آباد,75,1389,1,1,6.329720905522696
شهرک غرب,125,1399,1,1,7.244941546337007
نارمک,120,1378,0,0,5.860786223465865
نظام‌آباد,40,1392,0,1,4.795790545596741
پاسداران,225,1399,1,1,7.696667081526462
مرزداران,110,1399,1,1,6.431331081933479
الهیه,150,1399,1,1,7.1316985104669115
شهرک غرب,145,1395,1,1,6.803505257608338
یوسف‌آباد,140,1392,1,1,6.68586094706836
مخصوص,42,1395,1,1,5.14166355650266
کرمان,68,1385,0,1,5.225746673713202
کوی فردوس,90,1398,1,1,6.133398042996649
ازگل,140,1389,1,1,6.2166061010848646
آذربایجان,50,1386,0,1,4.836281906951478
سعادت‌آباد,150,1389,1,1,7.208600337960199
کامرانیه,185,1386,1,1,7.244941546337007
سعادت‌آباد,108,1390,1,1,6.20050917404269
ستارخان,78,1397,1,1,5.849324779946859
نیاوران,250,1392,1,1,7.390798521735676
پاسداران,115,1379,0,1,6.2166061010848646
نیاوران,200,1396,1,1,7.601402334583733
پونک,150,1390,1,1,6.68586094706836
جنت‌آباد جنوبی,50,1392,1,1,5.484796933490655
الهیه,300,1385,1,1,7.208600337960199
سعادت‌آباد,130,1398,1,1,6.493753839851686
شهر زیبا,50,1392,1,1,5.420534999272286
میرداماد,190,1380,1,1,6.68586094706836
اختیاریه,100,1389,1,1,6.329720905522696
ورامین,65,1390,0,0,4.23410650459726
سهروردی,110,1395,1,1,6.478509642208569
ابوذر (منطقه ۱۵),66,1386,0,0,5.231108616854587
سلامت,65,1393,1,1,5.117993812416755
تهرانپارس غربی,110,1390,1,0,5.351858133476067
استاد معین,62,1385,0,1,5.170483995038151
جنت‌آباد مرکزی,90,1390,1,1,5.860786223465865
گرگان,100,1382,0,0,5.170483995038151
زعفرانیه,160,1390,1,1,7.048386408721883
شهران جنوبی,110,1398,1,1,6.478509642208569
رباط کریم,70,1399,1,0,4.2626798770413155
دریاچه شهدای خلیج فارس,106,1385,1,1,5.69035945432406
کوثر,75,1389,0,0,5.198497031265826
هوانیروز,120,1398,1,1,6.2166061010848646
قیطریه,140,1387,1,1,6.90875477931522
سعادت‌آباد,130,1389,1,1,6.7464121285733745
تهران‌سر,95,1399,1,1,5.831882477283517
میرداماد,190,1390,1,1,6.710523109452428
ونک,76,1380,0,1,5.916202062607435
شهرک غرب,85,1388,1,1,6.054439346269371
جلفا,75,1392,1,1,6.398594934535208
صادقیه,105,1392,1,1,6.311734809152915
ولنجک,195,1387,1,1,7.300472814267799
جیحون,90,1389,0,1,5.327876168789581
میرداماد,114,1399,1,1,6.621405651764134
باغ فیض,90,1391,0,1,5.993961427306569
حصار بوعلی,270,1385,1,1,8.006700845440367
کامرانیه,180,1394,1,1,7.438971592395862
نواب,65,1384,1,0,4.983606621708336
سبلان,50,1392,1,0,5.303304908059076
جنت‌آباد شمالی,135,1398,1,1,6.608000625296087
سعادت‌آباد,115,1395,1,1,6.621405651764134
کوی فردوس,62,1385,0,1,5.25227342804663
جردن,100,1397,1,1,6.803505257608338
کامرانیه,400,1394,1,1,7.601402334583733
پونک,65,1392,1,1,5.521460917862246
ستارخان,110,1392,1,1,6.2166061010848646
باغ فیض,78,1394,1,1,5.993961427306569
فرمانیه,210,1396,1,1,7.741099090035366
دریان‌نو,97,1399,1,1,6.329720905522696
شهرک شهید باقری,100,1392,1,1,5.942799375126701
محمودیه,160,1384,1,1,6.566672429803241
شهران جنوبی,75,1394,1,1,5.564520407322694
پاسداران,135,1371,0,0,5.942799375126701
سعادت‌آباد,120,1398,1,1,6.7464121285733745
پونک,115,1392,1,1,6.2166061010848646
کوی فردوس,70,1398,1,1,6.111467339502679
کوی فردوس,70,1387,0,0,5.602118820879701
قیطریه,140,1399,1,1,6.90875477931522
فرمانیه,210,1396,1,1,7.719129840906732
دروس,270,1399,1,1,8.412054873292933
امیرآباد,130,1395,1,1,6.523562306149512
شهرک راه‌آهن,93,1390,0,0,6.311734809152915
سعادت‌آباد,170,1398,1,1,7.762596048540069
جنت‌آباد جنوبی,121,1399,1,1,6.68586094706836
استاد معین,75,1399,0,0,5.198497031265826
شمس‌آباد,108,1389,1,1,6.406879986069314
قیطریه,150,1388,1,1,6.68586094706836
دروس,320,1390,1,1,7.467942332285852
پردیس,105,1379,0,1,4.795790545596741
پاسداران,53,1391,1,1,5.602118820879701
پرند,75,1397,1,0,4.330733340286331
زعفرانیه,112,1399,1,1,6.8679744089702925
کوی فردوس,68,1385,0,1,4.61512051684126
یوسف‌آباد,150,1398,1,1,6.7464121285733745
نارمک,120,1398,1,1,6.175867270105761
الهیه,280,1390,1,1,7.741099090035366
جنت‌آباد جنوبی,105,1399,1,1,6.226536669287466
ظفر,106,1395,1,1,6.3818160174060985
افسریه,73,1389,0,0,4.882801922586371
نیاوران,140,1387,1,1,6.8679744089702925
یوسف‌آباد,84,1391,1,1,6.042632833682381
شهرک راه‌آهن,120,1393,0,0,6.111467339502679
شهرک ولیعصر,120,1390,0,0,5.25227342804663
نارمک,65,1390,1,1,5.5254529391317835
پردیس,90,1391,0,1,4.51085950651685
جنت‌آباد جنوبی,135,1398,1,1,6.364750756851911
یافت‌آباد,65,1385,0,0,4.795790545596741
پونک,150,1395,1,1,6.68586094706836
پونک,94,1399,1,1,6.478509642208569
قنات‌کوثر,145,1399,1,1,6.3818160174060985
سوهانک,150,1399,1,1,6.90875477931522
شهریار,75,1396,1,1,4.189654742026425
کاشانک,120,1387,1,1,6.311734809152915
یوسف‌آباد,105,1393,1,1,6.53813982376767
شهرک غرب,80,1399,1,1,6.68586094706836
باغ فیض,90,1384,1,1,6.089044875446846
اندیشه,90,1399,1,1,5.303304908059076
شهران شمالی,125,1396,1,1,6.311734809152915
پاسداران,300,1375,0,1,7.601402334583733
فشم,105,1389,1,1,6.236369590203704
اباذر,93,1392,1,1,6.186208623900494
سعادت‌آباد,160,1392,1,1,6.660575149839686
کوی فردوس,65,1383,1,1,5.673323267171493
پردیس,87,1399,1,1,4.61512051684126
استخر,65,1394,1,1,5.424950017481403
سعادت‌آباد,105,1399,1,1,6.573680166960646
سهروردی,110,1399,1,1,6.508769136971682
سهروردی,180,1398,1,1,7.065613363597717
گیشا (کوی نصر),92,1395,1,1,6.439350371100098
نارمک,65,1386,0,1,5.327876168789581
الهیه,150,1397,1,1,7.601402334583733
ونک,180,1396,1,1,6.90875477931522
اراج,85,1392,1,1,5.831882477283517
ولنجک,120,1395,1,1,6.90875477931522
کوی فردوس,80,1385,0,1,5.583496308781699
ولنجک,135,1384,0,1,6.274762021241939
حکیمیه,140,1399,1,1,6.2166061010848646
دارآباد,135,1393,1,1,6.274762021241939
اختیاریه,200,1399,1,1,6.957497370876951
باغ فیض,71,1385,0,1,5.5254529391317835
پونک,80,1399,1,1,6.398594934535208
پونک,120,1395,1,1,6.423246963533519
نعمت‌آباد,85,1396,1,1,5.081404364984463
کوی فردوس,70,1388,0,0,5.60947179518496
پاسداران,125,1399,1,1,6.803505257608338
کوی فردوس,78,1392,1,1,6.111467339502679
شهرک نفت (منطقه ۵),70,1387,1,1,5.564520407322694
پاکدشت,70,1385,0,0,4.110873864173311
مجیدیه,50,1386,0,0,5.220355825078324
اوین,195,1399,1,1,7.601402334583733
فرمانیه,145,1392,1,1,6.90875477931522
قیطریه,125,1394,1,1,6.566672429803241
نیاوران,120,1395,1,1,6.68586094706836
صادقیه,140,1391,1,1,6.621405651764134
شهر زیبا,91,1394,1,1,5.860786223465865
سازمان برنامه,140,1397,1,1,6.7464121285733745
سهروردی,110,1393,1,1,6.478509642208569
کوی فردوس,75,1384,0,1,6.073044534100405
شمس‌آباد,85,1381,0,1,5.568344503761097
مرزداران,120,1383,0,0,5.942799375126701
نظام‌آباد,115,1396,1,1,5.786897381366708
جنت‌آباد جنوبی,100,1395,1,1,6.16541785423142
پاسداران,225,1392,1,1,7.244941546337007
آسمان,78,1385,0,0,5.942799375126701
کوی فردوس,95,1395,1,1,6.113682179832232
شاهین,55,1380,0,1,5.170483995038151
شمیران‌نو,40,1385,0,0,3.7376696182833684
ونک,170,1387,1,1,7.313886831633462
شهرک غرب,100,1397,1,1,6.523562306149512
سوهانک,104,1386,1,1,6.398594934535208
پاسداران,85,1399,1,1,6.021023349349527
اندیشه,55,1398,1,1,5.484796933490655
محمودیه,180,1391,1,1,7.099201743553092
قیطریه,217,1393,1,1,6.2166061010848646
شهریار,90,1399,1,1,5.198497031265826
پاسداران,140,1386,1,1,6.608000625296087
قبا,100,1394,1,1,5.955837369464831
ولنجک,170,1385,1,1,6.814542897259958
مرزداران,90,1392,1,1,5.820082930352362
یوسف‌آباد,83,1377,0,0,5.771441123130016
دروس,160,1385,1,1,6.647688373563329
شاهین,75,1380,0,0,5.220355825078324
یافت‌آباد,65,1394,1,1,5.017279836814924
کوی فردوس,110,1381,0,1,5.69035945432406
سوهانک,130,1389,1,1,6.415096959171596
شاهین,116,1399,1,1,6.364750756851911
رودهن,75,1394,1,1,4.356708826689592
اوقاف,65,1397,1,1,5.3981627015177525
سعادت‌آباد,95,1395,1,1,6.2166061010848646
مولوی,90,1398,1,1,5.303304908059076
شهران شمالی,95,1398,1,1,5.69035945432406
ظفر,135,1382,1,1,6.478509642208569
جنت‌آباد مرکزی,87,1389,0,1,6.018593214496234
سعادت‌آباد,80,1385,1,1,6.311734809152915
استاد معین,62,1394,1,1,5.5254529391317835
افسریه,62,1382,0,1,5.043425116919247
نیاوران,350,1396,1,1,8.412054873292933
تهرانپارس شرقی,47,1384,1,1,5.303304908059076
شهر زیبا,85,1386,0,1,5.638354669333745
الهیه,230,1399,1,1,8.006700845440367
زعفرانیه,200,1388,1,1,7.057036981697891
یوسف‌آباد,205,1363,0,1,6.311734809152915
زعفرانیه,120,1390,1,1,6.90875477931522
جیحون,50,1398,1,1,5.14166355650266
مرزداران,190,1399,1,1,7.313886831633462
قیطریه,140,1399,1,1,6.957497370876951
هروی,100,1384,1,1,6.144185634125646
پاسداران,100,1391,1,1,6.274762021241939
آذربایجان,110,1379,1,1,5.69035945432406
پردیس,144,1399,1,1,6.111467339502679
کوی فردوس,90,1397,1,1,6.2166061010848646
جنت‌آباد مرکزی,100,1399,1,1,6.478509642208569
سعادت‌آباد,85,1392,1,1,6.406879986069314
شهران جنوبی,154,1399,1,1,6.3818160174060985
جردن,130,1390,1,1,6.803505257608338
نیاوران,238,1396,1,1,7.523481312573497
شهرک غرب,140,1393,1,1,6.698268054115413
سعادت‌آباد,230,1387,1,1,7.244941546337007
سعادت‌آباد,150,1385,1,1,6.8885724595653635
محمودیه,175,1393,1,1,7.1316985104669115
دریاچه شهدای خلیج فارس,110,1399,1,1,6.175867270105761
سعادت‌آباد,122,1395,1,1,6.3473892096560105
پونک,80,1397,1,1,5.802118375377063
سعادت‌آباد,100,1390,1,1,6.573680166960646
تهران‌سر,138,1385,0,1,5.993961427306569
زعفرانیه,240,1397,1,1,8.160803920954665
زعفرانیه,200,1399,1,1,7.280008252884188
مرزداران,100,1394,1,1,5.170483995038151
سازمان آب,85,1385,0,1,5.638354669333745
پاسداران,83,1385,1,1,5.968707559985366
مرزداران,170,1374,0,1,6.55250788703459
رباط کریم,45,1390,0,0,4.189654742026425
سلیمانی,40,1393,1,1,4.77912349311153
قیطریه,135,1395,1,1,6.803505257608338
آذری,68,1395,1,1,5.198497031265826
جمهوری,120,1372,0,1,5.484796933490655
سعادت‌آباد,80,1387,1,1,6.329720905522696
ونک,85,1385,1,1,6.447305862541213
کاشانک,133,1383,1,1,6.478509642208569
اختیاریه,100,1399,1,1,6.398594934535208
اوقاف,70,1385,0,0,4.962844630259907
فرمانیه,267,1389,1,1,7.1785454837637
فرمانیه,90,1399,1,1,6.734591659972948
پاسداران,140,1388,1,1,7.057036981697891
قیطریه,200,1397,1,1,7.02197642307216
باغ فیض,112,1393,1,1,6.236369590203704
باغ فیض,86,1399,1,1,6.154858094016418
حکمت,130,1392,1,1,6.621405651764134
رودهن,115,1398,1,1,4.948759890378168
الهیه,240,1390,1,1,8.24301946898925
مرزداران,180,1379,0,1,6.282266746896006
تهران‌سر,42,1384,0,0,4.787491742782046
یوسف‌آباد,140,1395,1,1,6.792344427470809
نواب,71,1395,1,0,5.170483995038151
پاسداران,120,1387,0,1,5.442417710521793
پونک,140,1395,1,1,6.492239835020471
صادقیه,120,1385,1,1,6.154858094016418
افسریه,75,1392,0,0,5.25227342804663
سعادت‌آباد,145,1385,1,1,6.634633357861686
سعادت‌آباد,66,1388,1,1,6.19644412779452
پرند,90,1395,1,1,4.330733340286331
نواب,105,1397,1,1,5.673323267171493
جیحون,65,1390,0,0,5.198497031265826
جنت‌آباد شمالی,107,1385,1,1,6.133398042996649
حکیمیه,90,1396,1,1,5.910796644040527
کاظم‌آباد,120,1395,1,1,6.175867270105761
کامرانیه,170,1395,1,1,7.313886831633462
جردن,120,1385,1,1,6.133398042996649
فرمانیه,110,1375,0,1,6.523562306149512
اقدسیه,220,1393,1,1,7.650168700845001
دریاچه شهدای خلیج فارس,110,1398,1,1,6.089044875446846
خواجه نصیر طوسی,81,1371,0,1,5.545177444479562
نیاوران,65,1395,1,1,6.311734809152915
شهران جنوبی,100,1396,1,1,5.638354669333745
گیشا (کوی نصر),95,1399,1,1,6.55250788703459
گیشا (کوی نصر),78,1392,1,1,5.8888779583328805
نیاوران,168,1397,1,1,7.201170883281678
نیاوران,100,1399,1,1,6.68586094706836
سعادت‌آباد,150,1397,1,1,6.8679744089702925
پونک,72,1396,1,1,5.802118375377063
چیذر,130,1387,1,1,6.329720905522696
ورامین,50,1385,0,1,4.02535169073515
اندیشه,98,1399,1,1,5.14166355650266
پونک,70,1392,1,0,5.638354669333745
فرمانیه,350,1399,1,1,8.03947991910045
نارمک,80,1387,1,0,5.771441123130016
قیام,90,1390,0,1,5.327876168789581
صادقیه,50,1399,1,1,5.707110264748875
پونک,72,1392,0,1,5.327876168789581
زعفرانیه,330,1390,1,1,7.824445930877619
هروی,210,1399,1,1,7.496097345175956
آهنگ,173,1399,1,1,7.0909098220799835
پاسداران,240,1399,1,1,7.824445930877619
قیطریه,135,1396,1,1,6.947937068614969
شهرک غرب,165,1384,1,1,6.734591659972948
ولنجک,127,1393,1,1,6.803505257608338
اوقاف,52,1388,0,0,4.875197323201151
نیاوران,219,1396,1,1,7.824445930877619
دهکده المپیک,117,1399,1,1,6.311734809152915
سعادت‌آباد,130,1398,1,1,7.048386408721883
جنت‌آباد جنوبی,100,1395,1,1,6.19644412779452
فرمانیه,190,1391,1,1,6.966967138613983
پونک,72,1395,1,0,5.638354669333745
فرمانیه,570,1398,1,1,8.987321812850125
شمس‌آباد,85,1390,1,1,5.5254529391317835
شهر زیبا,85,1385,0,1,5.484796933490655
دروس,150,1395,1,1,6.85751406254539
فرمانیه,230,1396,1,1,7.645397699428633
یوسف‌آباد,50,1380,0,0,5.225746673713202
باغ فیض,90,1385,1,1,6.056784013228625
شهرک غرب,110,1396,1,1,6.523562306149512
فرمانیه,90,1398,1,1,6.226536669287466
نیرو هوایی,130,1388,1,1,6.478509642208569
جنت‌آباد شمالی,160,1399,1,1,7.00397413672268
سعادت‌آباد,150,1398,1,1,6.90875477931522
فرمانیه,135,1396,1,1,6.7580945044277305
سعادت‌آباد,100,1391,1,1,6.573680166960646
سعادت‌آباد,110,1390,1,1,6.46302945692067
زعفرانیه,180,1393,1,1,7.696667081526462
کوی فردوس,70,1385,1,1,5.802118375377063
پاسداران,105,1397,1,1,6.621405651764134
جردن,150,1393,1,1,7.0909098220799835
نظام‌آباد,67,1394,1,1,5.25227342804663
اباذر,84,1388,1,1,5.802118375377063
فرمانیه,175,1392,1,1,7.244941546337007
نیاوران,85,1398,1,1,6.803505257608338
شهران شمالی,100,1396,1,1,6.398594934535208
سعادت‌آباد,175,1394,1,1,6.85751406254539
رودهن,90,1395,1,1,5.056245805348308
سهروردی,110,1396,1,1,6.90875477931522
پاسداران,120,1396,1,1,7.0909098220799835
قلهک,165,1392,1,1,6.68586094706836
هاشم‌آباد,58,1374,0,0,4.6443908991413725
کوی فردوس,108,1399,1,1,6.3818160174060985
نارمک,135,1398,1,1,6.55250788703459
ولنجک,145,1396,1,1,7.0909098220799835
سعادت‌آباد,97,1387,1,1,6.78105762593618
شهران جنوبی,90,1399,1,1,6.2166061010848646
نیاوران,245,1392,1,1,7.467942332285852
حصارک,120,1395,0,1,5.442417710521793
اختیاریه,180,1399,1,1,7.3783837129967145
جردن,100,1387,1,1,6.274762021241939
شهرک غرب,85,1384,0,1,6.19644412779452
هاشم‌آباد,54,1386,1,0,4.61512051684126
صادقیه,64,1390,1,1,5.476463551931511
بریانک,46,1385,1,1,4.948759890378168
تهران‌ویلا,190,1394,1,1,6.3818160174060985
سعادت‌آباد,80,1388,1,0,6.236369590203704
ونک,175,1385,1,1,7.0909098220799835
یوسف‌آباد,100,1388,0,1,5.993961427306569
نیاوران,200,1399,1,1,7.844240718141811
پرند,87,1390,0,1,4.7535901911063645
شهران شمالی,120,1395,1,1,5.993961427306569
فرمانیه,150,1395,1,1,7.123672785204607
نیرو هوایی,47,1385,0,0,5.017279836814924
کوهک,140,1390,0,1,5.968707559985366
شمس‌آباد,130,1385,1,1,5.7899601708972535
شهر زیبا,63,1390,1,1,5.111987788356544
امیرآباد,97,1399,1,1,6.46302945692067
نواب,46,1397,1,1,4.882801922586371
تهرانپارس غربی,87,1386,1,1,5.3981627015177525
سعادت‌آباد,100,1388,0,1,5.942799375126701
ولنجک,130,1397,1,1,6.957497370876951
هروی,105,1391,1,1,6.111467339502679
پاسداران,250,1396,1,1,7.650168700845001
پاسداران,85,1390,1,1,6.19644412779452
سنایی,110,1399,1,1,6.478509642208569
پاسداران,125,1398,1,1,7.313886831633462
سعادت‌آباد,95,1388,1,1,6.3818160174060985
آجودانیه,100,1388,1,1,6.54534966033442
قیطریه,170,1395,1,1,6.85751406254539
جنت‌آباد مرکزی,135,1399,1,1,6.621405651764134
اقدسیه,140,1394,1,1,6.478509642208569
پونک,80,1387,1,1,5.720311776607412
سعادت‌آباد,340,1399,1,1,8.682877107057168
ازگل,169,1397,1,1,7.719129840906732
کوی فردوس,67,1385,1,1,5.6937321388027
پاسداران,78,1390,1,1,5.780743515792329
دروس,265,1399,1,1,7.824445930877619
ولنجک,175,1399,1,1,7.244941546337007
نیاوران,220,1395,1,1,7.719129840906732
سعادت‌آباد,100,1381,0,0,6.111467339502679
نظام‌آباد,45,1388,0,0,4.110873864173311
باغ فیض,100,1399,1,1,6.186208623900494
قیطریه,122,1396,1,1,6.90875477931522
کوی فردوس,88,1389,1,1,5.601011196620256
فرمانیه,192,1396,1,1,7.701200180857446
الهیه,140,1389,1,1,6.55250788703459
هاشم‌آباد,70,1380,0,0,4.564348191467836
کوهک,150,1398,1,1,6.523562306149512
اقدسیه,170,1394,1,1,6.68586094706836
جردن,120,1384,1,1,6.580639137284949
سعادت‌آباد,133,1398,1,1,6.85751406254539
شهرک محلاتی,106,1389,1,1,5.981414211254481
شهرک غرب,90,1385,1,1,6.133398042996649
محمودیه,115,1397,1,1,7.62608275807238
بریانک,60,1395,1,0,5.049856007249537
کوهک,126,1399,1,1,6.478509642208569
شیخ هادی,55,1386,0,0,5.14166355650266
دریاچه شهدای خلیج فارس,100,1396,1,1,5.802118375377063
پاسداران,190,1390,1,1,6.8885724595653635
تهرانپارس شرقی,65,1390,0,0,5.081404364984463
هروی,140,1396,1,1,6.673297967767654
پونک,100,1395,1,1,6.16541785423142
ستارخان,60,1398,1,1,5.707110264748875
طرشت,80,1391,0,1,5.568344503761097
شهرک پرواز,70,1385,0,0,5.60947179518496
پونک,150,1395,1,1,6.493753839851686
عبدل‌آباد,70,1396,1,1,5.25227342804663
پونک,125,1397,1,1,6.573680166960646
شهران جنوبی,105,1394,1,1,6.133398042996649
پرند,88,1392,1,0,4.2626798770413155
تسلیحات,120,1380,0,0,5.135798437050262
سعادت‌آباد,180,1398,1,1,7.601402334583733
قیطریه,120,1395,0,1,6.493753839851686
افسریه,74,1382,0,1,5.198497031265826
دروس,110,1396,1,1,6.55250788703459
طرشت,117,1395,1,1,5.802118375377063
پیروزی,60,1387,0,0,4.875197323201151
اوین,130,1396,1,1,6.7464121285733745
شهر زیبا,85,1390,0,1,5.771441123130016
جنت‌آباد مرکزی,100,1397,1,1,6.255750041753367
الهیه,175,1396,1,1,7.601402334583733
شهران جنوبی,80,1396,1,1,6.066108090103747
نیرو هوایی,75,1392,1,1,5.564520407322694
کوی بیمه,84,1393,1,1,5.993961427306569
فرمانیه,300,1397,1,1,8.160803920954665
اوقاف,130,1399,1,1,6.2166061010848646
پونک,105,1399,1,1,6.311734809152915
پونک,58,1383,1,1,5.673323267171493
دانشگاه علم و صنعت,92,1397,1,0,5.723585101952381
ازگل,70,1397,1,1,5.673323267171493
جردن,141,1389,1,1,6.493753839851686
طرشت,55,1394,1,1,5.5053315359323625
قیطریه,155,1385,1,1,6.634633357861686
نارمک,95,1390,1,1,6.133398042996649
ولنجک,135,1385,1,1,6.803505257608338
مرزداران,73,1395,1,1,5.616771097666572
پرند,60,1390,0,0,4.0943445622221
تهرانپارس غربی,65,1386,0,0,5.198497031265826
پاتریس لومومبا,68,1380,0,1,5.327876168789581
جنت‌آباد مرکزی,110,1397,1,1,6.19644412779452
یوسف‌آباد,150,1391,1,1,6.55250788703459
فرمانیه,230,1395,1,1,7.696667081526462
فرمانیه,170,1396,1,1,7.0909098220799835
زعفرانیه,350,1385,1,1,7.972810784121404
پاسداران,126,1391,1,1,6.90875477931522
وردآورد,66,1396,1,1,5.049856007249537
شهرک غرب,97,1385,0,1,5.968707559985366
نیاوران,125,1395,1,1,6.803505257608338
گمرک,65,1389,1,1,4.189654742026425
آبشار,110,1398,1,1,5.860786223465865
دریاچه شهدای خلیج فارس,106,1386,0,1,5.673323267171493
ارم,80,1384,1,1,5.707110264748875
امیرآباد,110,1388,1,1,6.311734809152915
گیشا (کوی نصر),142,1399,1,1,7.313886831633462
دارآباد,135,1393,1,1,6.311734809152915
ولنجک,150,1387,1,1,7.00397413672268
میرداماد,95,1385,1,1,6.1224928095143865
کوی فردوس,108,1390,1,1,6.175867270105761
سوهانک,112,1399,1,1,6.3473892096560105
ازگل,88,1384,1,1,6.089044875446846
کوی فردوس,60,1385,1,1,5.327876168789581
شهران جنوبی,160,1398,1,1,6.3818160174060985
کامرانیه,130,1363,0,1,6.398594934535208
بهار,135,1399,1,1,6.415096959171596
پیروزی,70,1392,1,0,5.198497031265826
نارمک,125,1399,1,1,6.898714534329988
پاسداران,260,1399,1,1,7.937731775260109
حکیمیه,86,1388,1,1,5.638354669333745
مرزداران,90,1399,1,1,6.431331081933479
پلیس,80,1383,0,0,4.983606621708336
نیاوران,110,1379,0,1,6.580639137284949
المهدی,60,1387,1,0,5.438079308923196
سعادت‌آباد,117,1398,1,1,6.85751406254539
پاسداران,110,1397,1,1,6.68586094706836
شهر زیبا,105,1394,1,1,6.111467339502679
کوی فردوس,81,1385,0,1,5.796057750765372
الهیه,130,1380,1,1,6.7580945044277305
دروس,100,1394,1,1,6.478509642208569
ستارخان,67,1380,0,0,5.351858133476067
ابوذر (منطقه ۱۵),85,1396,1,1,5.303304908059076
دریاچه شهدای خلیج فارس,125,1398,1,1,5.942799375126701
سعادت‌آباد,130,1397,1,1,7.048386408721883
قیطریه,210,1399,1,1,7.62608275807238
آجودانیه,265,1393,1,1,8.006700845440367
جنت‌آباد جنوبی,60,1385,0,1,5.429345628954441
دارآباد,70,1399,1,1,6.206575926724928
پونک,58,1386,1,1,5.707110264748875
آذربایجان,70,1385,0,0,5.484796933490655
اراج,220,1393,1,1,7.0825485693553
جنت‌آباد جنوبی,65,1380,0,0,5.442417710521793
تهرانپارس شرقی,70,1385,1,1,5.0369526024136295
سعادت‌آباد,145,1390,1,1,5.303304908059076
هروی,185,1398,1,1,7.3783837129967145
صادقیه,130,1386,1,1,6.311734809152915
پیروزی,57,1389,0,1,5.14166355650266
نیاوران,280,1399,1,1,7.901377353792616
اقدسیه,150,1397,1,1,7.313886831633462
الهیه,300,1385,1,1,7.0909098220799835
مرزداران,185,1399,1,1,7.3783837129967145
شهر زیبا,65,1393,1,1,5.4638318050256105
دروس,200,1398,1,1,7.346655163176539
سلسبیل,75,1385,0,0,5.303304908059076
سازمان برنامه,65,1385,1,1,5.673323267171493
شاهین,80,1380,0,1,5.673323267171493
شهرک راه‌آهن,180,1385,0,1,6.19644412779452
تهرانپارس غربی,85,1384,0,1,5.802118375377063
ستارخان,60,1397,1,1,5.993961427306569
میرداماد,160,1384,1,1,6.716594773520978
پونک,70,1399,1,1,6.111467339502679
سعادت‌آباد,145,1398,1,1,7.353081920515432
افسریه,72,1395,1,0,5.3981627015177525
دولت‌آباد,110,1397,1,1,5.5254529391317835
هروی,150,1399,1,1,7.1316985104669115
کوی فردوس,76,1387,1,1,5.942799375126701
هروی,150,1391,1,1,7.244941546337007
بهار,110,1375,0,0,5.356586274672012
سعادت‌آباد,100,1385,0,1,6.608000625296087
شهرک غرب,75,1398,1,1,5.802118375377063
زعفرانیه,110,1387,1,1,6.55250788703459
جنت‌آباد جنوبی,60,1389,0,1,5.723585101952381
شهر ری - استخر,80,1399,1,1,5.5053315359323625
ازگل,140,1397,1,1,6.846943139585379
فرمانیه,190,1392,1,1,7.741099090035366
پونک,120,1394,1,1,6.478509642208569
دروازه شمیران,105,1399,1,1,5.771441123130016
پونک,125,1393,1,1,6.089044875446846
شهر زیبا,100,1392,1,1,5.905361848054571
نارمک,75,1396,1,1,5.655991810819852
پردیس,110,1385,0,1,5.049856007249537
سعادت‌آباد,140,1390,1,1,6.803505257608338
کوی فردوس,96,1396,1,1,6.113682179832232
ابوذر (منطقه ۱۵),70,1380,0,0,5.25227342804663
الهیه,200,1390,1,1,7.313886831633462
امیرآباد,260,1399,1,1,8.006700845440367
شهران جنوبی,83,1380,1,1,5.4680601411351315
سازمان برنامه,60,1383,0,1,5.375278407684165
کوی فردوس,67,1396,1,1,5.713732805509369
پرند,78,1395,1,1,4.363098624788363
پونک,70,1385,1,0,5.860786223465865
نارمک,90,1399,1,1,6.066108090103747
کوی فردوس,125,1396,1,1,6.293419278846481
مرزداران,175,1399,1,1,7.313886831633462
جردن,175,1385,1,1,6.634633357861686
سعادت‌آباد,150,1399,1,1,7.824445930877619
مرزداران,90,1382,0,1,5.902633333401366
نیاوران,280,1371,0,0,8.216358332386156
اختیاریه,100,1383,1,1,6.329720905522696
جیحون,60,1390,0,0,4.948759890378168
شاهین,55,1381,0,1,5.564520407322694
پیروزی,65,1388,0,0,5.111987788356544
نارمک,95,1399,1,1,6.398594934535208
پونک,125,1397,1,1,6.580639137284949
پاسداران,65,1390,1,0,5.707110264748875
زعفرانیه,160,1393,1,1,7.0909098220799835
دروس,100,1399,1,1,6.673297967767654
شهرک غرب,65,1382,0,0,5.3981627015177525
شهرآرا,60,1392,1,1,5.916202062607435
پونک,153,1397,1,1,6.803505257608338
سهروردی,180,1399,1,1,7.550135342488429
الهیه,180,1390,1,1,7.601402334583733
آذربایجان,60,1393,0,1,4.948759890378168
پاسداران,120,1394,1,1,6.154858094016418
کوی فردوس,90,1395,1,1,6.113682179832232
کوی فردوس,95,1396,1,1,6.311734809152915
آذری,61,1391,1,1,5.0238805208462765
اتابک,85,1397,1,1,5.14166355650266
تهران‌سر,101,1390,1,1,5.942799375126701
شمس‌آباد,85,1387,1,1,5.641907070938114
نیاوران,150,1398,1,1,7.193685818395112
فرمانیه,300,1384,1,1,7.550135342488429
یوسف‌آباد,170,1395,1,1,7.496097345175956
تهرانپارس شرقی,72,1388,1,1,5.62040086571715
آجودانیه,350,1393,1,1,7.919719760924575
سازمان برنامه,83,1396,1,1,6.2166061010848646
سعادت‌آباد,160,1398,1,1,7.3783837129967145
الهیه,220,1397,1,1,7.719129840906732
اختیاریه,93,1399,1,1,6.55250788703459
خواجه نصیر طوسی,60,1385,0,1,5.25227342804663
نیاوران,170,1389,1,1,7.170888478512505
پونک,70,1387,0,1,5.420534999272286
سعادت‌آباد,110,1395,1,1,5.707110264748875
پیروزی,70,1390,0,0,4.997212273764115
سوهانک,130,1390,1,1,6.415096959171596
تهرانپارس شرقی,82,1386,0,1,5.5254529391317835
کامرانیه,110,1394,1,1,6.78105762593618
هروی,98,1398,1,1,6.329720905522696
ولنجک,130,1398,1,1,6.90875477931522
وحیدیه,55,1394,0,0,4.787491742782046
میرداماد,220,1387,1,1,7.313886831633462
الهیه,150,1399,1,1,7.496097345175956
زعفرانیه,265,1389,1,1,7.244941546337007
کوی فردوس,80,1390,1,1,5.908082938168931
سعادت‌آباد,140,1387,1,1,6.803505257608338
پونک,90,1399,1,1,6.274762021241939
سعادت‌آباد,225,1390,1,1,7.259116128097101
دهکده المپیک,133,1399,1,1,6.431331081933479
سنگلج,50,1388,0,0,4.51085950651685
آرژانتین,220,1375,1,1,7.0909098220799835
کوهک,245,1383,1,1,6.478509642208569
نیاوران,160,1399,1,1,7.244941546337007
پونک,90,1398,1,1,6.19644412779452
الهیه,270,1385,1,1,7.650168700845001
مرزداران,90,1398,1,1,6.338594078203183
پونک,70,1388,0,1,5.817111159963204
دولت‌آباد,70,1395,1,1,4.948759890378168
ولنجک,230,1397,1,1,8.006700845440367
فرمانیه,250,1399,1,1,8.160803920954665
نیاوران,140,1385,1,1,7.00397413672268
سعادت‌آباد,65,1390,1,1,5.831882477283517
اتابک,120,1396,1,1,5.5254529391317835
پاسداران,86,1387,1,1,6.133398042996649
جهاد,80,1380,0,0,5.673323267171493
اقدسیه,83,1396,1,1,6.311734809152915
اختیاریه,125,1385,1,1,6.68586094706836
باغ فیض,115,1384,0,1,5.786897381366708
الهیه,200,1394,1,1,7.741099090035366
تهرانپارس غربی,140,1399,1,1,6.53813982376767
شهریار,122,1399,1,1,5.8888779583328805
مجیدیه,70,1399,1,1,5.638354669333745
زعفرانیه,192,1395,1,1,7.937731775260109
پاسداران,215,1396,1,1,6.903747257584598
الهیه,150,1399,1,1,7.186144304522325
دولاب,48,1389,1,1,4.718498871295094
جنت‌آباد جنوبی,140,1397,1,1,6.274762021241939
مرزداران,100,1385,0,1,5.564520407322694
شهرک غرب,85,1385,1,1,6.066108090103747
ستارخان,85,1397,1,1,5.860786223465865
شهرک راه‌آهن,80,1390,0,0,5.303304908059076
آذربایجان,100,1363,0,0,5.860786223465865
پردیس,87,1398,1,1,4.653960350157523
نیاوران,200,1399,1,1,7.762596048540069
نارمک,85,1380,0,1,5.420534999272286
سعادت‌آباد,114,1391,1,1,6.175867270105761
سعادت‌آباد,110,1388,1,1,6.621405651764134
نیرو هوایی,65,1397,1,1,5.327876168789581
شمس‌آباد,110,1394,1,1,6.236369590203704
قیطریه,115,1384,1,1,6.470799503782602
اندیشه,125,1394,0,1,5.707110264748875
مرزداران,95,1380,0,1,6.0063531596017325
نیاوران,120,1390,1,1,6.673297967767654
کوی فردوس,74,1384,0,1,5.707110264748875
زعفرانیه,120,1393,1,1,7.00397413672268
گمرک,57,1391,1,1,4.983606621708336
فرمانیه,225,1399,1,1,7.741099090035366
اقدسیه,211,1395,1,1,7.3783837129967145
پاسداران,220,1397,1,1,6.814542897259958
سهروردی,110,1385,1,1,6.2166061010848646
سازمان برنامه,70,1396,1,1,5.802118375377063
اقدسیه,250,1399,1,1,8.412054873292933
چیتگر,125,1391,1,1,5.942799375126701
نارمک,100,1399,1,1,6.311734809152915
پاسداران,218,1392,1,1,7.496097345175956
سعادت‌آباد,75,1390,1,1,5.87493073085203
سعادت‌آباد,140,1390,1,1,6.566672429803241
زنجان,58,1388,0,0,4.919980925828125
کوی فردوس,85,1399,1,1,5.902633333401366
ظفر,100,1396,1,1,6.478509642208569
قیطریه,130,1391,1,1,6.68586094706836
نیاوران,160,1390,1,1,6.90875477931522
دروس,175,1375,1,1,7.1631723908466425
پرند,90,1399,1,1,5.3981627015177525
مرزداران,105,1396,1,1,6.248042874508429
پاسداران,165,1382,1,1,6.803505257608338
ولنجک,75,1396,1,1,6.803505257608338
پونک,58,1390,1,1,5.545177444479562
تهرانپارس شرقی,74,1395,1,1,5.602118820879701
قیطریه,130,1399,1,1,6.8885724595653635
شهر زیبا,50,1391,1,1,5.420534999272286
نیاوران,190,1386,1,1,7.3783837129967145
چهارصد دستگاه,75,1399,1,0,5.3981627015177525
سعادت‌آباد,145,1385,1,1,6.68586094706836
الهیه,165,1399,1,1,7.601402334583733
آذربایجان,77,1386,0,0,5.25227342804663
صادقیه,80,1395,1,1,5.75890177387728
جنت‌آباد جنوبی,130,1398,1,1,6.364750756851911
پونک,110,1399,1,1,6.3818160174060985
شمس‌آباد,92,1399,1,1,6.2166061010848646
میرداماد,150,1395,1,1,6.957497370876951
سعادت‌آباد,93,1393,1,1,6.255750041753367
کامرانیه,110,1387,1,1,6.90875477931522
شمس‌آباد,96,1391,1,1,5.860786223465865
پونک,60,1394,1,1,5.638354669333745
جنت‌آباد جنوبی,125,1390,1,1,6.364750756851911
شهرک غرب,120,1395,1,1,6.311734809152915
پونک,135,1399,1,1,6.406879986069314
فرمانیه,185,1389,1,1,7.1316985104669115
استاد معین,62,1399,1,1,5.707110264748875
ولنجک,145,1386,1,1,7.00397413672268
باغ خزانه,65,1375,0,0,4.465908118654584
نیلوفر,100,1396,1,1,6.042632833682381
ستارخان,110,1391,1,1,6.19644412779452
سعادت‌آباد,120,1398,1,1,6.90875477931522
هروی,85,1399,1,1,6.311734809152915
دریان‌نو,108,1397,1,1,6.175867270105761
جنت‌آباد شمالی,107,1380,1,1,6.111467339502679
پاسداران,130,1392,1,1,6.493753839851686
زعفرانیه,120,1396,1,1,6.898714534329988
دزاشیب,84,1399,1,1,6.478509642208569
سعادت‌آباد,120,1393,1,1,6.68586094706836
پونک,76,1395,1,1,5.993961427306569
چیذر,90,1371,0,1,5.638354669333745
درب دوم,67,1382,0,1,5.993961427306569
پونک,80,1389,0,1,5.5254529391317835
سعادت‌آباد,135,1392,1,1,6.7226297948554485
جنت‌آباد مرکزی,190,1399,1,1,7.048386408721883
آرژانتین,220,1371,1,1,6.580639137284949
اختیاریه,100,1391,1,1,6.470799503782602
بلوار کشاورز,115,1396,1,1,6.3818160174060985
نیاوران,152,1395,1,1,7.00397413672268
جردن,100,1391,1,1,5.993961427306569
نیاوران,280,1399,1,1,7.955425088912672
دریاچه شهدای خلیج فارس,80,1385,0,1,5.198497031265826
دربند,145,1390,1,1,6.80903930604298
نیاوران,200,1399,1,1,7.824445930877619
الهیه,67,1399,1,1,7.0909098220799835
نیاوران,112,1396,1,1,6.660575149839686
سازمان برنامه,125,1399,1,1,6.566672429803241
سعادت‌آباد,90,1390,1,1,6.255750041753367
اقدسیه,200,1382,1,1,7.741099090035366
پونک,75,1385,0,1,5.303304908059076
سعادت‌آباد,190,1390,1,1,7.1316985104669115
سازمان برنامه,85,1390,1,1,5.916202062607435
زرکش,85,1385,0,0,4.663439094112067
کامرانیه,220,1390,1,1,7.438971592395862
سعادت‌آباد,148,1380,1,1,7.0909098220799835
نواب,90,1399,1,1,5.493061443340548
اقدسیه,210,1386,1,1,7.467942332285852
قیطریه,240,1385,1,1,7.650168700845001
بومهن,80,1395,1,1,4.394449154672439
شهرک شریعتی,100,1390,0,1,5.666426688112432
پردیس,105,1398,1,1,4.653960350157523
جنت‌آباد مرکزی,200,1399,1,1,7.048386408721883
مرزداران,132,1393,1,1,6.338594078203183
سعادت‌آباد,95,1386,1,1,6.255750041753367
هروی,130,1399,1,1,7.00397413672268
استاد معین,62,1394,1,1,5.545177444479562
زعفرانیه,150,1385,0,0,7.280008252884188
دزاشیب,95,1399,1,1,6.68586094706836
پاسداران,95,1399,1,1,6.587550014824796
پاسداران,100,1371,0,1,6.16541785423142
سلیمانی,65,1380,0,0,4.871373226762748
جلفا,70,1378,0,1,5.916202062607435
باغ فیض,70,1388,0,1,5.25227342804663
اختیاریه,180,1398,1,1,7.601402334583733
سعادت‌آباد,90,1396,1,1,6.478509642208569
جردن,180,1386,1,1,6.634633357861686
نیرو هوایی,78,1391,1,1,5.655991810819852
نیاوران,310,1396,1,1,7.828436359157585
پونک,60,1390,0,1,5.5254529391317835
دزاشیب,150,1399,1,1,7.0909098220799835
ازگل,131,1391,1,1,6.311734809152915
هروی,156,1385,1,1,6.7464121285733745
فرمانیه,220,1390,1,1,7.601402334583733
پونک,65,1388,1,1,5.655991810819852
طرشت,60,1391,1,1,5.707110264748875
گرگان,45,1385,0,0,4.709530201312334
شهر قدس,87,1393,0,1,4.564348191467836
اباذر,100,1392,1,1,6.398594934535208
بریانک,65,1379,0,0,4.727387818712341
شهر ری - هاشم‌آباد,82,1398,1,1,4.61512051684126
جنت‌آباد جنوبی,135,1399,1,1,6.90875477931522
ونک,263,1395,1,1,7.741099090035366
پونک,127,1391,1,1,6.447305862541213
سعادت‌آباد,80,1392,1,1,6.329720905522696
جنت‌آباد شمالی,85,1395,1,1,6.089044875446846
سیدخندان,72,1386,1,1,5.583496308781699
بهار,55,1386,1,1,5.37989735354046
خلیج فارس,85,1398,1,1,5.017279836814924
پونک,125,1390,1,1,6.3473892096560105
پونک,60,1395,0,0,5.198497031265826
پردیس,65,1390,1,1,4.663439094112067
سعادت‌آباد,73,1393,1,1,5.929589143389895
ولنجک,65,1395,1,1,6.398594934535208
باغ فیض,82,1382,1,1,5.860786223465865
شهرک پرواز,110,1399,1,1,6.398594934535208
نواب,60,1390,1,0,5.081404364984463
نارمک,62,1398,1,1,5.62040086571715
زعفرانیه,225,1396,1,1,8.24301946898925
زعفرانیه,130,1397,1,1,7.170888478512505
سوهانک,173,1392,1,1,6.660575149839686
امیریه,53,1390,1,1,5.049856007249537
یافت‌آباد,50,1384,0,0,4.61512051684126
جنت‌آباد مرکزی,64,1380,0,0,5.14166355650266
ستارخان,50,1386,0,1,4.875197323201151
فرمانیه,130,1390,0,1,6.716594773520978
زعفرانیه,180,1395,1,1,7.601402334583733
مسعودیه,68,1399,1,1,5.153291594497779
سعادت‌آباد,160,1385,1,1,6.918695219020472
پاسداران,60,1396,1,1,6.111467339502679
شهر زیبا,90,1398,1,1,6.018593214496234
اندیشه,80,1388,0,1,4.672828834461906
قیطریه,140,1390,1,1,6.85751406254539
آبشار تهران,68,1385,1,1,5.14166355650266
نیاوران,250,1387,1,1,7.00397413672268
هروی,125,1399,1,1,6.523562306149512
سعادت‌آباد,150,1397,1,1,6.46302945692067
مجیدیه,95,1394,1,1,5.707110264748875
توحید,110,1398,1,1,6.311734809152915
سعادت‌آباد,150,1398,1,1,7.601402334583733
قلهک,110,1398,1,1,6.803505257608338
فاطمی,58,1391,1,1,5.442417710521793
سعادت‌آباد,82,1388,0,1,5.8888779583328805
ولنجک,119,1399,1,1,7.0909098220799835
تهرانپارس شرقی,92,1389,1,1,5.87493073085203
پیروزی,95,1398,1,1,5.993961427306569
میرداماد,106,1398,1,1,6.478509642208569
هروی,145,1399,1,1,7.00397413672268
تهرانپارس غربی,60,1385,0,1,5.303304908059076
تجریش,92,1398,1,0,6.302618975744905
پردیس,106,1399,1,1,4.844187086458591
جردن,105,1399,1,1,6.78105762593618
هروی,78,1389,1,1,5.62040086571715
شبیری,50,1397,1,0,4.836281906951478
نیاوران,125,1398,1,1,7.346655163176539
باغ فیض,78,1399,1,1,6.111467339502679
فرمانیه,77,1363,0,1,6.311734809152915
تهران‌سر,68,1383,1,1,5.25227342804663
دولت‌آباد,65,1399,1,0,5.081404364984463
کوهک,121,1397,1,1,6.2166061010848646
نیاوران,170,1373,0,1,7.0909098220799835
زعفرانیه,220,1390,1,1,7.467942332285852
نیاوران,140,1385,0,1,6.740519359606223
سعادت‌آباد,110,1395,1,1,6.311734809152915
ولنجک,85,1383,1,1,6.066108090103747
حکمت,225,1396,1,1,7.576097340623111
سلسبیل,100,1381,0,0,5.327876168789581
سعادت‌آباد,115,1399,1,1,6.710523109452428
کوی فردوس,75,1384,1,1,5.902633333401366
فرمانیه,210,1397,1,1,7.989899374942939
افسریه,68,1384,0,0,4.997212273764115
پونک,79,1384,1,1,5.860786223465865
پونک,200,1399,1,1,6.836259277277067
چیتگر,84,1383,1,1,5.5254529391317835
قلهک,80,1397,1,1,5.673323267171493
صادقیه,70,1396,1,1,5.802118375377063
شیوا,48,1383,0,0,4.663439094112067
دروس,160,1395,1,1,7.0909098220799835
تهرانپارس غربی,90,1390,1,1,5.3981627015177525
پاسداران,110,1384,1,1,6.478509642208569
کوهک,104,1397,1,1,6.025865973825314
بریانک,90,1398,1,1,5.638354669333745
سعادت‌آباد,110,1395,1,1,6.478509642208569
حکمت,111,1399,1,1,6.634633357861686
سهروردی,100,1380,1,1,6.111467339502679
فلاح,60,1393,0,0,4.564348191467836
نیاوران,200,1397,1,1,7.576097340623111
اوین,90,1399,1,1,6.423246963533519
خانی‌آباد,105,1399,1,1,5.62040086571715
پونک,80,1399,1,1,6.111467339502679
مرزداران,115,1390,1,1,6.364750756851911
سعادت‌آباد,165,1384,1,1,6.78105762593618
آرژانتین,250,1394,1,1,6.918695219020472
پاسداران,100,1399,1,1,6.710523109452428
دروس,80,1384,0,0,5.755742213586912
ونک,140,1399,1,1,6.7464121285733745
تهرانپارس شرقی,65,1385,0,1,5.298317366548036
پردیس,70,1385,0,1,4.343805421853684
هروی,130,1399,1,1,6.93828448401696
پونک,85,1396,1,1,6.066108090103747
سازمان برنامه,110,1395,1,1,6.175867270105761
مشیریه,60,1394,1,1,4.836281906951478
خواجه نظام الملک,55,1385,1,0,4.919980925828125
درب دوم,155,1397,1,1,7.1316985104669115
دروس,260,1399,1,1,7.650168700845001
طرشت,78,1391,0,1,5.688668836846153
سعادت‌آباد,65,1390,1,1,5.87493073085203
دارآباد,134,1390,1,1,6.329720905522696
اقدسیه,135,1385,1,1,6.478509642208569
بهار,80,1380,1,1,5.723585101952381
الهیه,215,1390,1,1,7.650168700845001
الهیه,150,1399,1,1,7.13966033596492
تهرانپارس غربی,75,1390,0,1,5.442417710521793
پونک,70,1392,1,1,5.638354669333745
اقدسیه,82,1393,1,1,5.831882477283517
شهر زیبا,75,1397,1,1,5.860786223465865
خانی‌آباد,70,1389,0,0,4.912654885736052
کوی فردوس,235,1399,1,1,7.496097345175956
سعادت‌آباد,160,1382,1,1,6.90875477931522
محمودیه,203,1386,1,1,7.601402334583733
قلهک,130,1385,1,1,6.329720905522696
ولنجک,135,1397,1,1,6.90875477931522
امیریه,110,1390,0,1,5.5254529391317835
میرداماد,116,1377,0,1,6.311734809152915
کوی فردوس,78,1388,1,1,5.602118820879701
قیطریه,140,1397,1,1,6.660575149839686
زعفرانیه,120,1393,1,1,6.775366090936392
قیطریه,100,1396,1,1,6.660575149839686
وحیدیه,68,1380,0,1,5.117993812416755
شهران جنوبی,65,1392,1,1,5.560681631015528
نیاوران,100,1390,1,1,6.621405651764134
سلسبیل,60,1384,0,0,5.099866427824199
پونک,58,1397,1,1,5.831882477283517
کوی فردوس,190,1394,1,1,7.0909098220799835
پردیس,114,1393,1,1,5.739792912179234
سعادت‌آباد,130,1395,1,1,7.123672785204607
دارآباد,95,1397,1,1,6.398594934535208
اباذر,65,1386,1,1,5.501258210544727
قیطریه,160,1397,1,1,7.208600337960199
پاسداران,60,1394,1,1,6.18826412308259
پونک,125,1395,1,1,6.406879986069314
ورامین,80,1390,0,1,4.465908118654584
دریا,145,1388,0,1,6.398594934535208
کوی فردوس,100,1397,1,1,6.398594934535208
ابوذر (منطقه ۱۵),65,1383,0,0,5.170483995038151
میرداماد,110,1399,1,1,6.634633357861686
فاطمی,88,1390,1,1,6.111467339502679
بریانک,40,1389,0,0,5.081404364984463
پونک,125,1390,1,1,6.55250788703459
جنت‌آباد جنوبی,83,1390,1,1,6.042632833682381
مرزداران,200,1396,1,1,7.0909098220799835
صادقیه,110,1385,0,1,5.981414211254481
سعادت‌آباد,225,1390,1,1,7.223295679562314
اختیاریه,140,1399,1,1,6.660575149839686
نیاوران,115,1385,1,1,6.46302945692067
شهر ری - اقدسیه,60,1395,1,1,5.225746673713202
خانی‌آباد نو,100,1389,0,0,4.948759890378168
نظام‌آباد,53,1380,0,0,4.406719247264253
شهرک غرب,130,1397,1,1,7.208600337960199
گیشا (کوی نصر),80,1399,1,1,5.942799375126701
سپهر,106,1388,1,1,6.154858094016418
کاشانک,135,1393,1,1,6.478509642208569
تهران‌سر,50,1383,0,1,5.056245805348308
قیطریه,145,1395,1,1,6.660575149839686
دردشت,90,1395,1,0,5.771441123130016
قیطریه,140,1399,1,1,6.803505257608338
شهرک غرب,148,1397,1,1,7.1316985104669115
عارف,50,1391,1,1,4.836281906951478
پاسداران,165,1383,1,1,6.803505257608338
جنت‌آباد جنوبی,125,1397,1,1,6.255750041753367
رودهن,120,1395,1,1,5.351858133476067
سازمان برنامه,110,1380,0,1,5.860786223465865
مهرآباد جنوبی,74,1399,1,1,5.4638318050256105
پردیس,87,1398,1,1,4.31748811353631
زعفرانیه,360,1389,1,1,7.741099090035366
مجیدیه,73,1385,0,0,5.583496308781699
دریاچه شهدای خلیج فارس,125,1392,1,1,5.755742213586912
سعادت‌آباد,165,1385,1,1,6.647688373563329
امیرآباد,145,1395,1,1,6.523562306149512
پونک,98,1397,1,1,6.398594934535208
اباذر,140,1393,1,1,6.447305862541213
سعادت‌آباد,65,1388,0,1,5.831882477283517
جنت‌آباد مرکزی,50,1384,1,0,5.545177444479562
اکباتان,176,1363,1,1,6.803505257608338
سیزده آبان,60,1397,1,0,4.875197323201151
کوی فردوس,62,1396,1,1,5.3981627015177525
شهرک نفت (منطقه ۵),65,1396,1,1,5.583496308781699
سعادت‌آباد,110,1399,1,1,6.957497370876951
جنت‌آباد شمالی,87,1389,1,1,6.077642243349034
الهیه,210,1399,1,1,7.523481312573497
امیرآباد,81,1398,1,1,6.311734809152915
اباذر,63,1386,1,1,5.5254529391317835
پرند,88,1394,0,1,4.7535901911063645
سعادت‌آباد,95,1390,1,1,6.255750041753367
یوسف‌آباد,84,1394,1,1,6.311734809152915
تهرانپارس شرقی,95,1395,1,1,5.831882477283517
صادقیه,137,1399,1,1,6.431331081933479
دروس,280,1395,1,1,7.365812837209472
سهروردی,100,1387,0,1,6.2166061010848646
نیاوران,150,1395,1,1,7.00397413672268
زعفرانیه,300,1397,1,1,8.294299608857235
سعادت‌آباد,90,1390,1,1,6.255750041753367
پونک,67,1383,0,1,5.420534999272286
اباذر,108,1386,1,1,6.274762021241939
الهیه,190,1391,1,0,7.766840537085513
کوی فردوس,88,1396,1,1,5.655991810819852
امیریه,75,1398,1,1,5.442417710521793
دریاچه شهدای خلیج فارس,103,1397,1,1,5.8888779583328805
الهیه,215,1389,1,1,7.650168700845001
تهرانپارس غربی,76,1390,1,1,5.707110264748875
دزاشیب,85,1399,1,1,6.7464121285733745
شادمهر,52,1397,1,1,5.707110264748875
ستارخان,90,1399,1,1,6.111467339502679
کوی فردوس,90,1395,1,1,6.042632833682381
پونک,85,1396,1,1,6.018593214496234
دروس,280,1398,1,1,8.24301946898925
پیروزی,50,1380,0,0,5.017279836814924
فشم,90,1392,0,0,6.0844994130751715
جنت‌آباد جنوبی,130,1399,1,1,6.3835066348840055
پونک,140,1394,1,1,6.398594934535208
جردن,124,1381,0,1,6.255750041753367
هروی,130,1399,1,1,6.90875477931522
نیاوران,120,1396,1,1,6.580639137284949
تهرانپارس غربی,135,1398,1,1,6.364750756851911
فرمانیه,115,1393,1,1,6.478509642208569
کوی فردوس,140,1398,1,1,6.398594934535208
قیطریه,150,1392,1,1,6.660575149839686
شهریار,170,1395,0,1,5.420534999272286
آجودانیه,350,1392,1,1,8.124446855715847
دریاچه شهدای خلیج فارس,130,1399,1,1,5.860786223465865
هروی,85,1395,1,1,6.293419278846481
حکیمیه,120,1399,1,1,6.398594934535208
پونک,85,1386,0,1,5.537334267018537
زعفرانیه,330,1389,1,1,8.006700845440367
ستارخان,90,1363,1,1,5.860786223465865
هفت چنار,85,1396,1,1,5.5254529391317835
سعادت‌آباد,130,1371,1,1,6.68586094706836
دانشگاه علم و صنعت,68,1396,1,1,5.605802066295998
سیدخندان,100,1380,0,1,6.111467339502679
جنت‌آباد جنوبی,90,1387,1,1,6.111467339502679
سعادت‌آباد,150,1397,1,1,6.792344427470809
میرداماد,120,1375,1,1,6.042632833682381
کامرانیه,100,1396,1,1,6.7580945044277305
جنت‌آباد جنوبی,125,1398,1,1,6.792344427470809
سعادت‌آباد,240,1396,1,1,7.696667081526462
باغ فیض,40,1389,1,0,5.0106352940962555
کامرانیه,130,1388,1,1,7.00397413672268
کوی فردوس,85,1396,1,1,6.111467339502679
ولنجک,180,1395,1,1,7.555381944240273
پونک,155,1399,1,1,6.85751406254539
اندیشه,126,1395,0,1,5.771441123130016
الهیه,190,1377,0,1,7.048386408721883
پونک,70,1388,1,1,5.817111159963204
سازمان برنامه,120,1396,1,1,6.431331081933479
هروی,100,1388,1,1,6.2166061010848646
ونک,160,1372,0,1,5.802118375377063
اقدسیه,95,1390,1,1,6.311734809152915
سازمان برنامه,67,1387,0,0,5.187385805840755
سعادت‌آباد,130,1387,1,1,6.68586094706836
نیرو هوایی,105,1389,1,1,5.902633333401366
تجریش,52,1363,0,0,5.707110264748875
الهیه,147,1399,1,1,7.0909098220799835
ولنجک,150,1396,1,1,7.1316985104669115
دروس,180,1383,0,1,7.0909098220799835
پاسداران,150,1398,1,1,6.580639137284949
کوی فردوس,90,1385,0,1,5.700443573390687
جردن,100,1394,1,1,6.68586094706836
شهریار,50,1382,0,0,4.3694478524670215
ستارخان,120,1397,1,1,6.329720905522696
هروی,250,1385,1,1,7.496097345175956
شهر زیبا,72,1383,0,0,5.5254529391317835
نارمک,64,1375,0,1,5.1298987149230735
جردن,100,1398,1,1,6.78105762593618
نیاوران,250,1386,0,1,7.601402334583733
کوی مهران,138,1390,1,1,6.8885724595653635
شمس‌آباد,65,1388,1,1,5.501258210544727
عباس‌آباد,65,1388,0,0,5.327876168789581
اقدسیه,160,1392,1,1,6.660575149839686
چیتگر,130,1399,1,1,6.066108090103747
ونک,105,1389,1,1,6.621405651764134
ابوذر (منطقه ۱۵),100,1380,0,1,5.993961427306569
جی,60,1389,0,0,4.875197323201151
شمس‌آباد,120,1389,1,1,6.398594934535208
دروس,270,1393,1,1,7.696667081526462
شهرک نفت (منطقه ۵),115,1385,0,1,5.846438775057725
مرزداران,115,1391,1,1,6.398594934535208
دروس,270,1391,1,1,7.346655163176539
نیاوران,130,1390,1,1,6.68586094706836
سعادت‌آباد,90,1387,1,1,6.175867270105761
اختیاریه,62,1390,1,1,5.942799375126701
قلهک,75,1387,0,0,5.860786223465865
کوی فردوس,150,1397,1,1,6.236369590203704
جنت‌آباد مرکزی,130,1397,1,1,6.621405651764134
دریاچه شهدای خلیج فارس,125,1392,1,1,5.942799375126701
منیریه,70,1390,1,1,5.5254529391317835
بریانک,45,1396,1,1,4.897839799950911
تجریش,140,1391,1,1,6.803505257608338
پونک,80,1390,1,1,6.111467339502679
سلسبیل,50,1385,1,1,4.762173934797756
بهار,80,1389,1,1,5.602118820879701
سعادت‌آباد,106,1385,0,1,5.981414211254481
کامرانیه,111,1392,1,1,6.478509642208569
سعادت‌آباد,80,1387,1,1,6.364750756851911
قلهک,80,1380,1,1,6.066108090103747
جماران,360,1396,1,1,7.972810784121404
حصارک,65,1387,0,1,5.153291594497779
ولنجک,167,1397,1,1,7.0909098220799835
سوهانک,85,1375,1,1,5.739792912179234
مرزداران,110,1391,1,1,6.175867270105761
آرژانتین,120,1385,1,1,6.329720905522696
زعفرانیه,185,1390,1,1,6.947937068614969
پاسداران,130,1389,1,1,6.7464121285733745
جنت‌آباد جنوبی,92,1394,1,1,6.110358077048392
سلسبیل,45,1383,0,0,4.836281906951478
دزاشیب,85,1399,1,1,6.523562306149512
کامرانیه,180,1388,1,1,7.1316985104669115
شهرک غرب,140,1380,0,0,6.284134161070802
جنت‌آباد مرکزی,75,1395,1,1,5.993961427306569
ولنجک,140,1397,1,1,6.85751406254539
جردن,120,1380,1,1,6.133398042996649
صادقیه,73,1399,1,1,6.111467339502679
سعادت‌آباد,135,1399,1,1,7.0909098220799835
سعادت‌آباد,95,1393,1,1,6.2166061010848646
دروس,185,1399,1,1,7.601402334583733
گرگان,60,1390,1,0,4.948759890378168
شهرک راه‌آهن,135,1394,1,1,6.186208623900494
طرشت,60,1399,1,1,5.69035945432406
ابوذر (منطقه ۱۵),40,1382,0,0,4.709530201312334
پاسداران,100,1385,1,1,6.364750756851911
جمال‌زاده,65,1388,0,1,6.594413459749778
الهیه,190,1389,1,1,6.90875477931522
الهیه,150,1399,1,1,7.208600337960199
کامرانیه,110,1395,1,1,6.68586094706836
کوهک,170,1399,1,1,7.0909098220799835
استاد معین,60,1388,0,0,4.875197323201151
تهرانپارس شرقی,40,1390,0,0,4.5591262474866845
اوقاف,65,1397,0,0,5.303304908059076
نیرو هوایی,80,1399,1,1,5.942799375126701
شمس‌آباد,95,1396,1,1,6.274762021241939
نیاوران,155,1396,1,1,7.1316985104669115
سعادت‌آباد,160,1392,1,1,6.673297967767654
طرشت,85,1399,1,1,6.089044875446846
اقدسیه,104,1397,1,1,6.68586094706836
ارم,62,1387,0,1,5.303304908059076
نواب,65,1385,1,0,5.017279836814924
الهیه,180,1393,1,1,7.438971592395862
مرزداران,95,1398,1,1,6.302618975744905
ستارخان,73,1395,1,1,5.69035945432406
زعفرانیه,250,1397,1,1,8.03947991910045
سعادت‌آباد,140,1389,1,1,6.803505257608338
الهیه,158,1399,1,1,7.591357046698551
ظفر,150,1398,1,1,6.966967138613983
حکیمیه,60,1394,1,1,4.941642422609304
جردن,100,1398,1,1,6.803505257608338
جنت‌آباد مرکزی,68,1380,0,1,5.497168225293202
پاکدشت,120,1389,0,0,4.718498871295094
سبلان,55,1398,1,1,5.170483995038151
شهرک غرب,150,1378,0,1,6.329720905522696
دزاشیب,136,1399,1,1,6.898714534329988
شهران شمالی,80,1387,1,1,5.655991810819852
کامرانیه,200,1396,1,1,7.601402334583733
چیذر,300,1385,1,1,7.3783837129967145
دبستان,78,1395,1,1,5.971261839790462
کوی فردوس,95,1398,1,1,6.398594934535208
شهر زیبا,50,1386,0,0,5.10594547390058
اقدسیه,150,1384,0,1,6.54534966033442
سعادت‌آباد,139,1389,1,1,6.523562306149512
زعفرانیه,400,1398,1,1,7.601402334583733
استاد معین,45,1398,1,0,5.017279836814924
سعادت‌آباد,190,1399,1,1,7.0909098220799835
تهران‌سر,100,1397,1,1,5.942799375126701
فرمانیه,200,1385,1,1,6.85751406254539
پردیس,98,1399,1,1,4.795790545596741
یوسف‌آباد,105,1375,0,1,5.69035945432406
خلیج فارس,70,1395,1,1,4.7535901911063645
نیاوران,125,1390,1,1,6.523562306149512
فرمانیه,200,1390,1,1,6.957497370876951
آذری,100,1390,1,1,5.5254529391317835
شهر زیبا,82,1397,1,1,5.771441123130016
صادقیه,78,1380,0,0,5.707110264748875
جنت‌آباد مرکزی,68,1383,0,1,5.351858133476067
سلسبیل,72,1396,1,1,4.882801922586371
سپهر,120,1380,0,1,5.802118375377063
تجریش,117,1390,1,1,6.7464121285733745
الهیه,200,1389,1,1,7.057036981697891
کوی مهران,95,1399,1,1,6.311734809152915
الهیه,120,1391,1,1,6.7580945044277305
مشیریه,45,1384,0,0,4.663439094112067
الهیه,140,1391,1,1,6.918695219020472
سعادت‌آباد,140,1398,1,1,7.353081920515432
دارآباد,57,1397,1,1,5.993961427306569
پونک,50,1399,1,1,5.723585101952381
شهران شمالی,75,1390,1,1,5.8888779583328805
امیرآباد,127,1398,1,1,6.470799503782602
محمودیه,160,1387,1,1,6.608000625296087
جنت‌آباد شمالی,120,1380,0,1,5.993961427306569
محمودیه,230,1399,1,1,8.294299608857235
نیاوران,240,1398,1,1,7.824445930877619
پونک,70,1386,1,0,5.860786223465865
محمودیه,130,1399,1,1,7.496097345175956
شهر زیبا,75,1396,1,1,5.4638318050256105
فرمانیه,140,1392,1,1,6.90875477931522
دروازه شمیران,65,1380,1,1,5.707110264748875
سازمان برنامه,150,1388,0,1,6.594413459749778
نجات اللهی,65,1380,0,0,5.5053315359323625
پیروزی,58,1395,0,0,4.795790545596741
نارمک,90,1399,1,1,5.8888779583328805
ازگل,165,1395,1,1,6.698268054115413
سعادت‌آباد,115,1390,1,1,6.90875477931522
شهریار,90,1397,1,0,4.844187086458591
نارمک جنوبی,90,1399,1,1,6.111467339502679
سعادت‌آباد,125,1398,1,1,7.1316985104669115
کوی فردوس,40,1396,1,1,5.5254529391317835
الهیه,210,1388,1,1,7.3783837129967145
تهرانپارس شرقی,62,1385,1,0,4.7535901911063645
یوسف‌آباد,205,1376,0,1,6.2166061010848646
میرداماد,120,1390,1,1,6.55250788703459
جردن,140,1388,1,1,6.311734809152915
درب دوم,110,1393,1,1,6.2166061010848646
سعادت‌آباد,100,1385,0,1,5.993961427306569
ولنجک,145,1385,1,1,6.90875477931522
شهرک راه‌آهن,110,1392,1,1,5.831882477283517
اسکندری,65,1388,0,0,5.111987788356544
پرند,100,1390,0,1,4.795790545596741
سازمان برنامه,64,1395,1,1,6.042632833682381
سعادت‌آباد,100,1390,1,1,6.2166061010848646
کوی فردوس,72,1384,0,1,5.771441123130016
سعادت‌آباد,130,1399,1,1,7.123672785204607
پونک,47,1387,1,1,5.25227342804663
جنت‌آباد مرکزی,200,1399,1,1,7.0909098220799835
گیشا (کوی نصر),175,1383,0,1,6.493753839851686
ولنجک,135,1397,1,1,7.208600337960199
نیاوران,110,1395,1,1,6.3561076606958915
میرداماد,150,1398,1,1,7.346655163176539
کوی فردوس,112,1399,1,1,6.53813982376767
پاسداران,147,1383,1,1,6.634633357861686
ستارخان,120,1386,1,1,6.311734809152915
جیحون,50,1395,1,1,5.081404364984463
اباذر,77,1395,1,1,6.154858094016418
یوسف‌آباد,101,1395,1,1,6.68586094706836
جیحون,59,1399,1,1,4.948759890378168
اندیشه,80,1390,0,1,4.875197323201151
جنت‌آباد مرکزی,140,1398,1,1,6.559615237493242
پاسداران,220,1398,1,1,7.313886831633462
شهر ری - اقدسیه,75,1396,1,0,5.303304908059076
ولنجک,300,1389,1,1,7.696667081526462
نیاوران,95,1385,1,1,6.415096959171596
پردیس,87,1396,1,1,4.564348191467836
شهران جنوبی,56,1385,0,1,5.638354669333745
استاد معین,70,1393,1,0,5.303304908059076
فرمانیه,350,1393,1,1,7.72356247227797
مرزداران,170,1396,1,1,6.90875477931522
جردن,145,1380,1,1,6.274762021241939
پونک,65,1387,1,1,5.484796933490655
شهران جنوبی,88,1384,0,1,5.5254529391317835
آجودانیه,150,1386,1,1,6.7464121285733745
پاسداران,170,1398,1,1,7.576097340623111
ازگل,85,1398,1,1,6.293419278846481
باغ فیض,105,1395,1,1,6.2166061010848646
دریاچه شهدای خلیج فارس,106,1390,0,1,5.655991810819852
الهیه,190,1390,1,1,7.00397413672268
جنت‌آباد مرکزی,112,1396,1,1,6.206575926724928
شهرک غرب,110,1399,1,1,7.048386408721883
هروی,100,1386,1,1,6.198478716492308
مینابی,88,1399,1,1,5.303304908059076
دارآباد,90,1399,1,1,6.478509642208569
سهروردی,125,1399,1,1,6.660575149839686
حکیمیه,85,1395,1,1,5.771441123130016
جنت‌آباد مرکزی,112,1396,1,1,6.175867270105761
فرمانیه,230,1399,1,1,7.601402334583733
سعادت‌آباد,65,1390,1,1,6.2166061010848646
پونک,130,1379,0,1,6.2166061010848646
زعفرانیه,340,1380,0,1,7.972810784121404
اباذر,195,1399,1,1,7.650168700845001
زعفرانیه,190,1398,1,1,8.071218539969863
تهرانپارس غربی,76,1394,1,1,5.771441123130016
نیرو هوایی,55,1384,1,0,4.948759890378168
الهیه,321,1380,1,1,7.208600337960199
آذربایجان,55,1391,1,1,4.983606621708336
قیطریه,156,1387,1,1,7.0909098220799835
سعادت‌آباد,120,1394,1,1,6.7464121285733745
شهرک شریعتی,80,1385,0,0,5.442417710521793
صادقیه,100,1384,0,1,6.111467339502679
اندیشه,55,1395,0,0,4.51085950651685
کوی فردوس,120,1380,0,1,5.389071729816501
ونک,300,1387,0,1,6.90875477931522
پردیس,87,1399,1,1,4.762173934797756
ولنجک,178,1394,1,1,7.1316985104669115
جردن,175,1383,1,1,6.634633357861686
اراج,85,1389,1,1,6.3818160174060985
نیاوران,180,1385,1,1,6.90875477931522
تهرانپارس شرقی,68,1388,1,1,5.5254529391317835
فرمانیه,220,1394,1,1,7.601402334583733
میرداماد,115,1397,1,1,6.621405651764134
گیشا (کوی نصر),165,1385,1,1,6.55250788703459
شهرک شهید باقری,96,1396,1,1,5.993961427306569
نیاوران,200,1386,1,1,6.803505257608338
اوقاف,77,1382,0,1,5.420534999272286
زعفرانیه,125,1390,1,1,6.7580945044277305
شهران شمالی,95,1399,1,1,6.329720905522696
آذربایجان,120,1399,1,1,6.042632833682381
شهرک پرواز,52,1381,0,1,5.332718793265369
ارم,50,1394,1,1,5.602118820879701
نیرو هوایی,107,1380,0,0,5.707110264748875
مخصوص,55,1394,1,1,4.770684624465665
ونک,130,1397,1,1,6.523562306149512
فرمانیه,210,1397,1,1,7.779466967458324
الهیه,180,1382,0,1,6.734591659972948
اوقاف,60,1388,0,0,5.081404364984463
ازگل,80,1389,1,1,5.916202062607435
شهر ری - استخر,75,1395,1,1,5.198497031265826
دروس,130,1384,1,1,7.170888478512505
شهرک غرب,125,1399,1,1,7.170888478512505
کوی فردوس,80,1387,0,1,5.783825182329737
شهرک غرب,160,1380,1,1,6.7464121285733745
جردن,200,1385,1,1,6.68586094706836
آجودانیه,82,1395,1,1,6.398594934535208
کوی فردوس,145,1399,1,1,6.7464121285733745
دریاچه شهدای خلیج فارس,107,1397,1,1,5.860786223465865
صادقیه,150,1398,1,1,6.803505257608338
قیطریه,140,1390,1,1,6.90875477931522
سهروردی,75,1392,1,1,5.942799375126701
چیتگر,140,1399,1,1,6.7464121285733745
دریاچه شهدای خلیج فارس,144,1398,1,1,6.111467339502679
پردیس,100,1399,1,1,4.499809670330265
نازی‌آباد,65,1386,1,0,5.043425116919247
سهروردی,45,1386,0,0,4.983606621708336
آجودانیه,85,1391,1,1,6.2166061010848646
قیطریه,158,1392,1,1,6.660575149839686
نارمک,65,1380,0,0,5.049856007249537
آجودانیه,100,1396,1,1,6.431331081933479
شهر زیبا,72,1385,0,0,5.707110264748875
دبستان,100,1397,1,1,6.274762021241939
سهروردی,145,1399,1,1,6.7464121285733745
ولنجک,340,1395,1,1,8.665785595466064
یوسف‌آباد,146,1399,1,1,6.7464121285733745
کوهک,115,1398,1,1,6.478509642208569
باغ فیض,95,1397,1,1,6.2166061010848646
پرستار,86,1399,1,1,5.993961427306569
سعادت‌آباد,125,1399,1,1,7.048386408721883
سعادت‌آباد,145,1396,1,1,6.825460036255307
یوسف‌آباد,65,1380,0,1,5.771441123130016
نیاوران,160,1399,1,1,6.90875477931522
پاسداران,75,1395,1,1,6.398594934535208
جنت‌آباد شمالی,52,1393,0,0,5.0369526024136295
نیاوران,250,1392,1,1,7.0909098220799835
کوی مهران,115,1385,0,1,5.755742213586912
سعادت‌آباد,100,1388,1,1,6.68586094706836
دروس,210,1398,1,1,7.901377353792616
امیرآباد,130,1395,1,1,6.46302945692067
ولنجک,240,1398,1,1,8.006700845440367
چیتگر,109,1396,1,1,5.860786223465865
گیشا (کوی نصر),75,1392,1,1,5.8888779583328805
الهیه,180,1396,1,1,7.313886831633462
میرداماد,130,1388,1,1,6.501289670540389
فرمانیه,350,1392,1,1,7.972810784121404
جردن,135,1382,0,1,6.311734809152915
کوهک,127,1397,1,1,6.2166061010848646
مهرآباد جنوبی,57,1388,0,1,4.663439094112067
سعادت‌آباد,140,1395,1,1,6.7580945044277305
شمس‌آباد,90,1385,1,1,5.560681631015528
مجیدیه,45,1395,1,0,4.912654885736052
رباط کریم,58,1389,0,1,4.330733340286331
سعادت‌آباد,145,1398,1,1,7.346655163176539
جردن,180,1385,1,1,6.628041376179533
سعادت‌آباد,155,1396,1,1,7.3783837129967145
نیاوران,80,1395,1,1,5.968707559985366
کامرانیه,120,1398,1,1,6.957497370876951
دریاچه شهدای خلیج فارس,125,1394,1,1,6.154858094016418
حشمتیه,70,1386,0,1,5.484796933490655
سازمان برنامه,68,1390,1,1,5.802118375377063
نیاوران,130,1399,1,1,6.803505257608338
ولنجک,172,1395,1,1,7.313886831633462
شهرک پاسداران,270,1385,0,1,7.972810784121404
باغ فیض,130,1396,1,1,6.293419278846481
لویزان,120,1397,1,1,6.329720905522696
الهیه,270,1398,1,1,7.8636512654486515
الهیه,160,1396,1,1,7.244941546337007
بریانک,85,1399,1,1,5.493061443340548
المهدی,80,1385,0,1,5.860786223465865
جیحون,55,1392,1,0,5.081404364984463
امیریه,50,1385,0,0,4.653960350157523
اقدسیه,100,1392,1,1,6.2166061010848646
پاکدشت,108,1399,1,1,4.875197323201151
نیاوران,200,1394,1,1,6.994849985833071
اقدسیه,220,1387,1,1,6.994849985833071
زعفرانیه,110,1388,1,1,6.46302945692067
اقدسیه,140,1395,1,1,7.048386408721883
چیتگر,100,1399,1,1,5.5254529391317835
سعادت‌آباد,68,1395,1,1,5.564520407322694
فرمانیه,280,1398,1,1,7.762596048540069
شهرک غرب,120,1395,1,1,6.878326468291325
جنت‌آباد جنوبی,133,1397,1,1,6.364750756851911
نیاوران,200,1399,1,1,7.783640596221253
هروی,100,1399,1,1,6.493753839851686
جنت‌آباد مرکزی,115,1398,1,1,6.364750756851911
ورامین,137,1395,1,1,5.602118820879701
کاشانک,130,1396,1,1,6.478509642208569
یوسف‌آباد,200,1398,1,1,7.280008252884188
سعادت‌آباد,160,1385,1,1,7.00397413672268
اختیاریه,145,1399,1,1,6.85751406254539
نیاوران,170,1395,1,1,7.523481312573497
سعادت‌آباد,84,1390,1,0,5.846438775057725
ازگل,145,1399,1,1,7.0909098220799835
کوی فردوس,75,1385,1,1,5.993961427306569
قیطریه,130,1380,1,1,6.236369590203704
سعادت‌آباد,145,1399,1,1,6.486160788944089
مدائن,68,1382,0,0,5.4638318050256105
ونک,265,1395,1,1,7.824445930877619
پونک,65,1388,1,1,5.817111159963204
پردیس,87,1398,1,1,4.61512051684126
دریا,160,1382,1,1,6.90875477931522
خلیج فارس,67,1387,0,0,4.836281906951478
ولنجک,115,1397,1,1,6.621405651764134
دریاچه شهدای خلیج فارس,64,1397,1,1,5.802118375377063
زعفرانیه,250,1399,1,1,8.24301946898925
فرمانیه,280,1389,1,1,7.58629630715272
پونک,80,1387,1,1,5.860786223465865
کوی فردوس,90,1389,0,1,5.916202062607435
دهکده المپیک,105,1385,0,1,5.3981627015177525
فرمانیه,350,1392,1,1,8.02322468471667
جنت‌آباد شمالی,60,1395,1,1,6.042632833682381
سعادت‌آباد,130,1388,1,1,6.634633357861686
نارمک,60,1387,0,1,5.123963979403259
استاد معین,72,1388,0,1,5.2832037287379885
نیاوران,135,1384,0,1,6.398594934535208
پاسداران,150,1385,1,1,6.68586094706836
نیرو هوایی,62,1387,1,0,5.198497031265826
سعادت‌آباد,63,1399,1,1,6.53813982376767
دروس,160,1397,1,1,7.1316985104669115
کوی فراز,170,1394,1,1,6.68586094706836
سازمان برنامه,58,1379,0,0,5.442417710521793
شهرک نفت (منطقه ۱),155,1399,1,1,6.621405651764134
دردشت,100,1399,1,1,6.398594934535208
شهرک غرب,120,1395,1,1,7.048386408721883
سنگلج,100,1387,0,1,5.327876168789581
ولنجک,150,1393,1,1,6.710523109452428
قیطریه,100,1374,0,1,6.311734809152915
تهرانپارس غربی,45,1385,0,1,4.912654885736052
سعادت‌آباد,135,1389,1,1,6.68586094706836
شاهد,78,1395,1,1,5.723585101952381
جنت‌آباد جنوبی,90,1395,1,1,6.19644412779452
سعادت‌آباد,250,1399,1,1,7.696667081526462
پونک,62,1384,0,0,5.198497031265826
فرمانیه,210,1394,1,1,7.384610383176974
کوی فردوس,80,1383,0,1,5.5254529391317835
آجودانیه,355,1398,1,1,8.174984532943087
دروس,120,1395,1,1,6.608000625296087
بریانک,60,1387,0,0,4.709530201312334
آجودانیه,85,1388,1,1,6.274762021241939
الهیه,240,1398,1,1,7.8826922062890254
الهیه,110,1396,1,1,6.85751406254539
الهیه,150,1399,1,1,7.1631723908466425
قبا,110,1385,1,1,6.226536669287466
سازمان برنامه,108,1394,1,1,6.398594934535208
هروی,245,1387,1,1,7.496097345175956
زعفرانیه,210,1395,1,1,7.955425088912672
قیطریه,220,1396,1,1,7.606387389772652
پیروزی,60,1385,0,0,4.454347296253507
تهران‌سر,70,1390,1,1,5.638354669333745
هروی,120,1395,1,1,6.255750041753367
جنت‌آباد مرکزی,75,1390,1,1,5.993961427306569
سعادت‌آباد,115,1388,0,0,6.154858094016418
پونک,95,1385,0,1,5.583496308781699
سعادت‌آباد,115,1394,1,1,6.85751406254539
پونک,65,1394,1,1,5.58724865840025
ولنجک,100,1396,1,1,6.621405651764134
سعادت‌آباد,120,1399,1,1,6.90875477931522
صادقیه,88,1392,1,1,5.564520407322694
شهرک راه‌آهن,119,1395,1,1,6.311734809152915
دروس,280,1395,1,1,7.501634457883413
میرداماد,160,1381,1,1,6.90875477931522
سلسبیل,51,1391,0,0,5.017279836814924
دریاچه شهدای خلیج فارس,106,1385,0,1,5.802118375377063
نارمک,85,1394,1,1,5.638354669333745
مرزداران,106,1399,1,1,6.68586094706836
میرداماد,150,1382,1,1,6.8885724595653635
سعادت‌آباد,120,1390,1,1,7.00397413672268
نارمک,80,1398,1,1,5.902633333401366
سازمان برنامه,130,1399,1,1,6.478509642208569
پاسداران,150,1390,1,1,7.313886831633462
ازگل,80,1393,1,1,5.786897381366708
شهرک غرب,136,1385,1,1,6.255750041753367
جنت‌آباد جنوبی,85,1385,0,1,6.111467339502679
نیاوران,130,1395,1,1,6.7580945044277305
دروس,370,1398,1,1,8.006700845440367
هروی,120,1397,1,1,6.329720905522696
یاخچی‌آباد,95,1397,0,1,4.941642422609304
ولنجک,77,1380,0,1,6.042632833682381
شهران شمالی,64,1380,0,0,5.4638318050256105
دارآباد,100,1399,1,1,6.621405651764134
سعادت‌آباد,78,1396,1,1,6.089044875446846
سهروردی,120,1399,1,1,6.608000625296087
فرمانیه,110,1395,1,1,6.792344427470809
زعفرانیه,250,1385,1,1,7.307202314764738
فرمانیه,105,1399,1,1,7.170888478512505
نارمک جنوبی,93,1399,1,1,6.089044875446846
تهران‌سر,102,1386,0,0,5.497168225293202
ازگل,80,1398,1,1,6.293419278846481
قیطریه,150,1394,1,1,6.415096959171596
نیاوران,210,1386,1,1,7.650168700845001
جنت‌آباد جنوبی,73,1382,1,1,5.707110264748875
هروی,110,1394,1,1,6.478509642208569
کامرانیه,250,1392,1,1,7.741099090035366
الهیه,185,1392,1,1,7.696667081526462
آبشار تهران,103,1399,1,1,5.8888779583328805
قنات‌کوثر,88,1397,1,1,5.981414211254481
بریانک,60,1380,0,0,4.836281906951478
نیاوران,100,1399,1,1,7.0909098220799835
هروی,200,1399,1,1,7.601402334583733
سعادت‌آباد,120,1399,1,1,7.0909098220799835
پیروزی,62,1385,1,0,4.795790545596741
پاسداران,129,1395,1,1,6.71295620067707
شهرک غرب,125,1390,1,1,6.493753839851686
شهرک راه‌آهن,125,1396,1,1,6.398594934535208
کوهک,95,1396,1,1,5.802118375377063
قیطریه,150,1386,1,1,6.710523109452428
قلهک,130,1386,0,1,5.916202062607435
اباذر,112,1385,1,1,6.364750756851911
شهران شمالی,125,1395,1,1,5.993961427306569
جنت‌آباد مرکزی,110,1394,1,1,5.981414211254481
نیاوران,100,1395,1,1,6.2166061010848646
شهرک غرب,160,1385,1,1,6.7464121285733745
جنت‌آباد جنوبی,56,1385,0,1,5.351858133476067
پردیس,87,1399,1,1,4.770684624465665
محمودیه,150,1386,1,1,6.825460036255307
سپهر,110,1384,0,0,6.111467339502679
جنت‌آباد جنوبی,65,1388,0,1,5.860786223465865
ظفر,117,1389,1,1,6.398594934535208
قیطریه,76,1398,1,1,6.236369590203704
سعادت‌آباد,140,1398,1,1,7.3783837129967145
ازگل,86,1390,1,1,6.111467339502679
نواب,65,1386,1,0,5.017279836814924
قنات‌کوثر,107,1388,1,1,5.993961427306569
جیحون,55,1384,0,1,4.948759890378168
کوی فردوس,88,1390,1,1,5.926926025970411
شهرآرا,100,1395,1,1,5.916202062607435
محمودیه,120,1398,1,1,7.523481312573497
گیشا (کوی نصر),160,1390,1,1,6.68586094706836
شهر ری - اقدسیه,65,1389,0,0,4.77912349311153
پاسداران,185,1399,1,1,7.496097345175956
قیطریه,250,1398,1,1,7.307202314764738
قیطریه,215,1399,1,1,7.581209826196346
دروس,180,1385,1,1,6.873163834212518
دریاچه شهدای خلیج فارس,98,1391,1,1,5.831882477283517
فاطمی,150,1397,1,1,6.775366090936392
کوی فردوس,158,1395,1,1,6.792344427470809
نارمک,83,1389,1,1,5.860786223465865
کوی فردوس,75,1390,1,1,5.993961427306569
مرزداران,130,1399,1,1,6.594413459749778
هروی,70,1396,1,1,6.111467339502679
تهرانپارس شرقی,60,1390,0,0,4.736198448394496
زعفرانیه,230,1394,0,1,7.824445930877619
ایرانشهر,85,1399,1,1,5.655991810819852
صادقیه,100,1392,1,1,6.113682179832232
فرمانیه,260,1399,1,1,8.006700845440367
شهرک غرب,100,1397,1,1,6.529418838262226
اباذر,89,1396,1,1,6.133398042996649
کوی فردوس,155,1399,1,1,6.698268054115413
نیاوران,150,1388,1,1,6.90875477931522
سعادت‌آباد,150,1390,1,1,6.90875477931522
پونک,72,1396,1,1,5.846438775057725
ولنجک,100,1385,1,1,6.566672429803241
باغ فیض,85,1399,1,1,6.144185634125646
آجودانیه,140,1390,1,1,6.478509642208569
آهنگ,120,1396,1,1,5.993961427306569
یوسف‌آباد,130,1385,1,0,6.206575926724928
سعادت‌آباد,120,1395,1,1,6.7464121285733745
نیاوران,270,1380,0,1,7.496097345175956
مرزداران,55,1385,0,1,5.375278407684165
گیشا (کوی نصر),100,1395,1,1,6.55250788703459
قلهک,113,1387,1,1,6.621405651764134
خاک سفید,45,1397,0,0,4.51085950651685
میرداماد,40,1392,1,0,5.4638318050256105
شهرک نفت (منطقه ۵),65,1395,1,1,5.5254529391317835
مجیدیه,60,1391,0,0,5.049856007249537
شهرآرا,94,1399,1,1,6.175867270105761
جردن,110,1388,1,1,6.274762021241939
تهرانپارس غربی,160,1399,1,1,6.803505257608338
پردیس,84,1395,1,0,4.454347296253507
ولنجک,80,1396,1,1,6.2166061010848646
قیطریه,210,1385,1,1,6.85751406254539
سعادت‌آباد,100,1386,1,1,6.478509642208569
اقدسیه,250,1398,1,1,7.741099090035366
سعادت‌آباد,136,1388,1,1,6.621405651764134
سعادت‌آباد,141,1386,1,1,6.976348070447749
نارمک جنوبی,155,1399,1,1,6.26530121273771
ظفر,50,1387,1,0,4.919980925828125
نیاوران,300,1390,1,1,7.972810784121404
باغ فیض,82,1392,1,1,5.942799375126701
نیاوران,180,1399,1,1,7.601402334583733
سوهانک,85,1392,1,1,5.916202062607435
دریاچه شهدای خلیج فارس,123,1393,1,1,6.478509642208569
اقدسیه,250,1387,1,1,8.006700845440367
قیطریه,120,1391,1,1,6.8885724595653635
سهروردی,150,1399,1,1,6.740519359606223
سیدخندان,110,1382,0,1,5.739792912179234
شمس‌آباد,65,1399,1,1,5.993961427306569
باغ فیض,75,1381,1,1,6.2166061010848646
الهیه,140,1387,1,1,6.55250788703459
پاکدشت,75,1397,0,0,4.204692619390966
شهر زیبا,53,1396,1,1,5.476463551931511
دهکده المپیک,104,1395,1,1,6.246106765481563
دروس,142,1393,1,1,6.90875477931522
سازمان آب,70,1384,0,1,5.942799375126701
شمس‌آباد,123,1396,1,1,6.501289670540389
سوهانک,85,1380,0,1,5.860786223465865
ونک,210,1397,1,1,7.00397413672268
سعادت‌آباد,100,1395,1,1,6.246106765481563
قیطریه,125,1394,1,1,6.90875477931522
نواب,67,1395,1,1,5.017279836814924
نواب,86,1386,1,0,5.351858133476067
قیطریه,170,1398,1,1,7.244941546337007
ازگل,74,1394,1,1,5.638354669333745
دانشگاه علم و صنعت,50,1389,0,0,5.25227342804663
سعادت‌آباد,100,1390,1,1,6.594413459749778
جیحون,90,1378,0,1,4.948759890378168
تهرانپارس شرقی,50,1394,1,1,5.081404364984463
امیرآباد,130,1395,1,1,6.447305862541213
مجیدیه,85,1390,1,1,5.69035945432406
دروس,210,1396,1,1,7.1785454837637
قلهک,116,1393,1,1,6.284134161070802
زعفرانیه,170,1388,1,1,7.0909098220799835
سعادت‌آباد,135,1389,1,1,6.255750041753367
کامرانیه,270,1397,1,1,7.550135342488429
سعادت‌آباد,100,1390,1,1,6.054439346269371
سهروردی,110,1384,0,1,6.008813185442595
شهر زیبا,160,1385,1,1,6.311734809152915
نیاوران,322,1394,1,1,8.294299608857235
ولنجک,300,1387,1,1,8.071218539969863
اقدسیه,250,1396,1,1,8.160803920954665
جیحون,60,1390,0,0,4.875197323201151
نیرو هوایی,53,1382,0,0,5.303304908059076
نارمک جنوبی,40,1380,0,0,4.795790545596741
ابوذر (منطقه ۱۵),80,1380,0,1,5.564520407322694
قیطریه,95,1395,1,1,6.55250788703459
پاسداران,105,1395,1,1,6.621405651764134
صادقیه,63,1398,1,1,5.5254529391317835
جنت‌آباد مرکزی,115,1395,1,1,6.100318952020064
فلاح,60,1390,1,0,4.727387818712341
دروس,180,1385,1,1,6.8885724595653635
تهرانپارس غربی,150,1399,1,1,6.85751406254539
الهیه,260,1394,1,1,7.67368812926773
شهرک راه‌آهن,160,1398,1,1,6.478509642208569
مرزداران,92,1394,1,1,6.089044875446846
باغ فیض,75,1394,1,1,5.8888779583328805
الهیه,250,1399,1,1,8.216358332386156
دریاچه شهدای خلیج فارس,110,1393,1,1,5.942799375126701
نارمک,92,1399,1,1,6.07993319509559
هروی,70,1398,1,1,6.175867270105761
شهر زیبا,85,1399,1,1,6.089044875446846
جنت‌آباد جنوبی,120,1390,1,1,6.089044875446846
جنت‌آباد شمالی,85,1395,1,1,5.69035945432406
پاسداران,215,1397,1,1,6.8885724595653635
طرشت,54,1388,0,1,5.303304908059076
شهرک کوهسار,110,1375,0,1,5.993961427306569
مولوی,80,1394,1,1,5.081404364984463
آهنگ,75,1398,1,1,5.327876168789581
زعفرانیه,240,1390,1,1,7.450660796211539
کوی فردوس,150,1380,0,1,6.089044875446846
الهیه,145,1390,1,1,6.918695219020472
افسریه,69,1388,0,0,4.553876891600541
سهروردی,72,1375,0,0,5.673323267171493
مرزداران,58,1390,1,1,5.638354669333745
پونک,85,1395,1,1,6.311734809152915
نیاوران,250,1398,1,1,7.824445930877619
گیشا (کوی نصر),88,1399,1,1,6.431331081933479
پردیس,87,1399,1,0,4.875197323201151
بهار,75,1390,1,1,5.545177444479562
شهریار,120,1388,1,1,5.4680601411351315
پردیس,87,1399,1,1,4.564348191467836
آبشار,120,1399,1,1,5.993961427306569
جنت‌آباد مرکزی,122,1396,1,1,6.431331081933479
ازگل,80,1394,1,1,5.786897381366708
شهر زیبا,105,1395,1,1,5.739792912179234
کوی بیمه,80,1386,1,1,5.14166355650266
دریاچه شهدای خلیج فارس,100,1395,1,1,6.100318952020064
نیاوران,170,1399,1,1,6.846943139585379
ولنجک,130,1390,1,1,6.3818160174060985
قیطریه,68,1396,1,1,6.111467339502679
ولنجک,150,1399,1,1,7.1316985104669115
زعفرانیه,260,1395,1,1,7.523481312573497
یوسف‌آباد,156,1363,1,1,7.030857476116121
اقدسیه,85,1396,1,1,6.364750756851911
دروس,80,1389,1,1,6.111467339502679
کوی فردوس,107,1399,1,1,6.478509642208569
قیطریه,55,1395,1,1,5.802118375377063
سلسبیل,72,1386,0,1,5.14166355650266
آذربایجان,80,1399,1,1,5.993961427306569
فرمانیه,360,1390,1,1,7.824445930877619
افسریه,72,1390,0,1,4.90527477843843
شهرک نفت (منطقه ۱),123,1392,1,1,6.68586094706836
ایران,52,1388,0,0,4.948759890378168
سعادت‌آباد,205,1398,1,1,7.741099090035366
دانشگاه علم و صنعت,60,1386,1,1,5.442417710521793
جنت‌آباد شمالی,75,1386,0,1,5.707110264748875
زعفرانیه,240,1396,1,1,8.006700845440367
شهرک غرب,68,1396,1,1,6.274762021241939
قیطریه,235,1392,1,1,7.300472814267799
هروی,95,1386,1,1,6.018593214496234
وصفنارد,75,1393,1,0,5.198497031265826
هروی,152,1397,1,1,6.594413459749778
نیاوران,220,1398,1,1,7.523481312573497
ونک,85,1388,1,1,6.478509642208569
یوسف‌آباد,130,1394,1,1,6.447305862541213
آجودانیه,100,1392,1,1,6.54534966033442
نیاوران,235,1393,1,1,6.8885724595653635
شهران شمالی,160,1398,1,1,6.3818160174060985
پاسداران,185,1390,1,1,7.030857476116121
یوسف‌آباد,90,1385,1,1,5.87493073085203
فرمانیه,180,1388,1,1,7.550135342488429
پونک,105,1399,1,1,6.431331081933479
پیروزی,66,1376,0,0,4.795790545596741
سعادت‌آباد,140,1398,1,1,7.346655163176539
سعادت‌آباد,115,1397,1,1,7.244941546337007
باغ فیض,64,1380,0,1,5.564520407322694
جردن,200,1390,1,1,7.313886831633462
کوی فردوس,55,1388,1,1,5.176149732573829
سعادت‌آباد,95,1393,1,1,6.238324625039508
شاهین,90,1390,1,1,5.860786223465865
سعادت‌آباد,220,1397,1,1,7.955425088912672
دریان‌نو,45,1380,0,0,4.709530201312334
ولنجک,100,1397,1,1,6.594413459749778
شهران جنوبی,110,1388,1,1,6.3818160174060985
جنت‌آباد شمالی,68,1394,1,0,5.442417710521793
باغ فیض,105,1397,1,1,6.311734809152915
طرشت,92,1392,1,1,5.916202062607435
شهرک غرب,92,1390,1,1,6.311734809152915
فرمانیه,200,1395,1,1,7.650168700845001
جنت‌آباد مرکزی,130,1395,1,1,5.942799375126701
صاحب الزمان,60,1392,1,1,4.804021044733257
جنت‌آباد مرکزی,53,1383,0,0,5.225746673713202
کوی فردوس,60,1394,1,1,5.564520407322694
عباس‌آباد,110,1392,1,1,6.447305862541213
شهرک راه‌آهن,93,1391,0,0,5.942799375126701
نیاوران,160,1398,1,1,6.90875477931522
تهرانپارس شرقی,85,1395,0,1,5.3981627015177525
ظفر,51,1393,1,0,5.2574953720277815
پیروزی,40,1386,0,0,4.672828834461906
سعادت‌آباد,140,1393,1,1,6.90875477931522
تهرانپارس شرقی,50,1384,0,0,4.795790545596741
اوقاف,75,1387,1,0,5.081404364984463
اختیاریه,115,1363,0,1,5.739792912179234
زعفرانیه,300,1389,0,1,7.601402334583733
زعفرانیه,320,1390,1,1,8.160803920954665
زعفرانیه,300,1396,1,1,8.294299608857235
ولنجک,305,1395,1,1,7.696667081526462
باغ فیض,78,1382,1,1,5.860786223465865
نیاوران,450,1395,1,1,8.699681400989514
ائمه اطهار,59,1385,0,0,4.875197323201151
نیاوران,200,1397,1,1,7.783640596221253
دارآباد,60,1389,0,0,5.017279836814924
پونک,90,1388,1,1,5.802118375377063
الهیه,180,1389,1,1,7.244941546337007
مجیدیه,45,1393,0,0,4.7535901911063645
نیاوران,240,1398,1,1,7.824445930877619
مرزداران,100,1394,1,1,6.206575926724928
سعادت‌آباد,75,1384,1,1,6.311734809152915
مرزداران,51,1399,1,1,5.771441123130016
ولنجک,310,1390,1,1,7.824445930877619
تجریش,90,1384,0,0,5.942799375126701
ورامین,80,1392,0,0,4.394449154672439
شمیران‌نو,55,1399,0,0,4.795790545596741
نیرو هوایی,65,1384,0,0,5.153291594497779
ظفر,72,1371,1,1,5.968707559985366
امیرآباد,130,1389,1,1,6.523562306149512
ولنجک,145,1387,1,1,6.7226297948554485
پونک,65,1398,1,1,5.673323267171493
پونک,65,1387,1,1,5.817111159963204
تهران‌سر,95,1396,1,1,5.739792912179234
کوی فردوس,72,1388,1,1,5.802118375377063
شهرک راه‌آهن,150,1394,1,1,6.19644412779452
محمودیه,110,1386,1,1,6.398594934535208
تهرانپارس غربی,85,1395,1,1,6.052089168924417
ونک,65,1386,1,1,5.69035945432406
شهرک نفت (منطقه ۱),90,1375,0,0,5.860786223465865
فرمانیه,127,1395,1,1,6.7464121285733745
سعادت‌آباد,120,1398,1,1,7.244941546337007
دروس,143,1396,1,1,6.85751406254539
سلسبیل,140,1373,0,0,5.638354669333745
نیرو هوایی,145,1385,0,1,6.236369590203704
الهیه,300,1390,1,1,7.0909098220799835
سعادت‌آباد,100,1387,1,1,6.478509642208569
شهرک غرب,85,1380,0,1,6.111467339502679
جنت‌آباد مرکزی,87,1391,1,1,5.860786223465865
سعادت‌آباد,240,1399,1,1,7.901377353792616
هفت چنار,35,1385,0,0,4.454347296253507
شادمهر,120,1384,0,1,5.993961427306569
الهیه,150,1395,1,1,7.601402334583733
دزاشیب,95,1399,1,1,6.3818160174060985
تهرانپارس غربی,125,1393,1,1,6.447305862541213
ولنجک,150,1397,1,1,7.1316985104669115
شهرک غرب,130,1380,0,1,6.3561076606958915
کوی فردوس,100,1390,1,1,6.398594934535208
الهیه,210,1389,1,1,7.576097340623111
پیروزی,60,1384,0,0,4.836281906951478
سعادت‌آباد,121,1397,1,1,6.825460036255307
اختیاریه,110,1385,1,1,6.3818160174060985
سعادت‌آباد,180,1390,1,1,6.90875477931522
دروس,167,1391,1,1,7.0909098220799835
جنت‌آباد شمالی,85,1397,1,1,6.042632833682381
پونک,160,1396,1,1,6.523562306149512
مرزداران,185,1399,1,1,7.280008252884188
پاتریس لومومبا,120,1399,1,1,6.68586094706836
شهرک راه‌آهن,150,1393,0,1,6.003887067106539
دزاشیب,180,1399,1,1,7.340186835320115
دارآباد,98,1397,1,1,6.608000625296087
پاسداران,105,1398,1,1,6.3473892096560105
قیطریه,100,1380,1,1,6.55250788703459
الهیه,200,1386,1,1,6.878326468291325
نیاوران,125,1397,1,1,6.7580945044277305
تهرانپارس غربی,115,1384,1,0,5.942799375126701
اقدسیه,210,1399,1,1,7.67368812926773
جوانمرد قصاب,125,1398,1,1,5.802118375377063
زعفرانیه,286,1399,1,1,8.11701408773731
اوقاف,50,1383,0,1,5.14166355650266
هروی,100,1385,1,1,6.144185634125646
سعادت‌آباد,105,1395,1,1,6.478509642208569
فرمانیه,125,1392,1,1,6.523562306149512
سهروردی,100,1390,1,1,5.802118375377063
دهکده المپیک,110,1399,1,1,6.3561076606958915
تهرانپارس غربی,150,1399,1,1,6.90875477931522
جنت‌آباد جنوبی,90,1392,1,1,6.236369590203704
اختیاریه,130,1399,1,1,6.8885724595653635
دریاچه شهدای خلیج فارس,130,1399,1,1,6.2166061010848646
شهر زیبا,55,1394,1,1,5.420534999272286
سازمان برنامه,110,1386,1,1,6.19644412779452
جنت‌آباد مرکزی,130,1396,1,1,6.55250788703459
سعادت‌آباد,135,1392,1,1,6.68586094706836
کوی فردوس,100,1394,1,1,6.175867270105761
پرند,58,1389,0,1,4.02535169073515
رودهن,83,1396,0,1,4.189654742026425
کوی فردوس,100,1391,1,1,6.311734809152915
کوی فردوس,75,1383,0,1,5.703782474656201
شهران جنوبی,160,1394,1,1,6.7464121285733745
تهرانپارس شرقی,63,1383,0,1,5.247024072160486
شهرک ولیعصر,65,1389,0,0,4.51085950651685
شهرک غرب,160,1388,1,1,6.673297967767654
الهیه,250,1398,1,1,8.03947991910045
فرمانیه,220,1395,1,1,8.071218539969863
نارمک,60,1398,1,0,5.5254529391317835
ونک,120,1389,1,0,6.3473892096560105
ولنجک,100,1399,1,1,6.803505257608338
تهرانپارس شرقی,55,1385,0,0,5.017279836814924
شمس‌آباد,65,1389,1,1,5.707110264748875
جنت‌آباد شمالی,108,1390,1,1,6.133398042996649
جنت‌آباد شمالی,120,1398,1,1,6.55250788703459
شهر قدس,150,1398,1,1,5.5053315359323625
نواب,60,1385,1,0,4.74493212836325
یوسف‌آباد,108,1371,0,1,5.69035945432406
نیرو هوایی,160,1399,1,1,6.90875477931522
سهروردی,115,1387,1,1,6.621405651764134
میرداماد,255,1386,1,1,7.438971592395862
گیشا (کوی نصر),91,1384,1,1,6.054439346269371
دبستان,100,1389,1,1,5.638354669333745
سعادت‌آباد,98,1393,1,1,6.2166061010848646
قبا,160,1390,1,1,7.0909098220799835
هروی,110,1396,1,1,6.621405651764134
نیاوران,350,1398,1,1,8.294299608857235
سعادت‌آباد,80,1392,1,1,6.364750756851911
سعادت‌آباد,100,1391,1,1,6.478509642208569
پاسداران,180,1399,1,1,7.438971592395862
الهیه,300,1392,1,1,7.824445930877619
شهر قدس,60,1393,0,0,4.110873864173311
پونک,75,1385,0,0,5.303304908059076
سعادت‌آباد,150,1388,1,1,7.099201743553092
مرزداران,120,1381,0,1,5.820082930352362
فرمانیه,130,1394,1,1,6.621405651764134
شهر ری - استخر,110,1380,0,0,5.942799375126701
الهیه,195,1395,1,1,7.878912912297133
قیطریه,110,1393,1,1,6.398594934535208
صادقیه,75,1392,1,0,5.62040086571715
جنت‌آباد شمالی,80,1391,1,1,5.71042701737487
تهرانپارس شرقی,67,1384,1,1,5.5254529391317835
صادقیه,50,1396,1,1,5.2832037287379885
فرمانیه,210,1390,1,1,7.650168700845001
شهرک راه‌آهن,140,1394,1,1,6.3561076606958915
فرمانیه,220,1397,1,1,7.0825485693553
پیروزی,60,1391,0,0,4.564348191467836
پونک,80,1392,1,1,6.111467339502679
اراج,65,1388,1,1,5.993961427306569
پیروزی,65,1395,1,0,5.420534999272286
قیطریه,130,1389,0,1,6.698268054115413
نیاوران,320,1399,1,1,8.160803920954665
فرمانیه,140,1399,1,1,7.00397413672268
زعفرانیه,360,1388,1,1,8.006700845440367
ونک,193,1399,1,1,7.280008252884188
سعادت‌آباد,140,1396,1,1,7.244941546337007
نیاوران,125,1395,1,1,6.78105762593618
سعادت‌آباد,100,1397,1,1,6.236369590203704
باغ فیض,75,1392,1,1,5.993961427306569
پونک,165,1396,1,1,6.666956792429207
کوی فردوس,100,1399,1,1,6.39024066706535
فرمانیه,110,1393,1,1,6.803505257608338
تهران‌نو,90,1397,1,1,5.802118375377063
الهیه,180,1396,1,1,7.696667081526462
نیاوران,205,1397,1,1,7.215975002651466
زعفرانیه,200,1388,1,1,7.244941546337007
زنجان,70,1389,0,0,5.3706380281276624
الهیه,120,1385,1,1,6.68586094706836
صادقیه,107,1377,0,1,6.061456918928017
قیطریه,140,1397,1,1,6.803505257608338
گرگان,80,1387,0,0,5.14166355650266
اباذر,95,1398,1,1,6.311734809152915
شهرک راه‌آهن,105,1397,1,1,6.329720905522696
سعادت‌آباد,165,1395,1,1,7.3783837129967145
نارمک,130,1395,1,1,6.329720905522696
شهر قدس,157,1399,1,1,5.707110264748875
پاسداران,200,1387,1,1,7.0909098220799835
تهرانپارس شرقی,65,1399,1,1,5.564520407322694
تهرانپارس شرقی,90,1390,1,1,5.942799375126701
نارمک,80,1385,1,0,6.1224928095143865
دروس,155,1387,1,1,6.85751406254539
هروی,220,1399,1,1,7.601402334583733
شهرک راه‌آهن,190,1399,1,1,6.947937068614969
آجودانیه,100,1387,1,1,6.54534966033442
دریاچه شهدای خلیج فارس,114,1396,1,1,6.111467339502679
المهدی,70,1390,0,1,5.4638318050256105
یوسف‌آباد,250,1375,0,1,7.313886831633462
باغ فیض,100,1390,1,1,6.2166061010848646
سعادت‌آباد,115,1390,1,1,6.415096959171596
ونک,110,1389,1,1,6.398594934535208
شهرک راه‌آهن,175,1389,0,1,6.398594934535208
هروی,150,1394,1,1,7.280008252884188
مرزداران,98,1382,0,1,5.902633333401366
باغ فیض,55,1396,1,1,5.707110264748875
سبلان,53,1399,1,1,5.303304908059076
آجودانیه,100,1391,1,1,6.493753839851686
شهر زیبا,63,1386,1,1,5.652489180268651
نواب,57,1388,1,0,4.836281906951478
پرند,88,1394,0,1,4.709530201312334
ولنجک,90,1394,1,1,7.00397413672268
زرگنده,67,1385,0,1,5.2832037287379885
مرزداران,140,1380,0,1,6.255750041753367
سعادت‌آباد,50,1391,1,1,5.993961427306569
کوی مهران,90,1399,1,1,6.311734809152915
پونک,123,1399,1,1,6.673297967767654
اقدسیه,120,1385,1,1,5.983936280687191
بریانک,140,1399,1,1,5.673323267171493
حکیمیه,63,1391,1,1,4.983606621708336
نیاوران,360,1395,1,1,7.937731775260109
اباذر,143,1397,1,1,6.734591659972948
طرشت,80,1392,1,1,5.802118375377063
قیطریه,105,1399,1,1,6.7580945044277305
تهرانپارس غربی,95,1384,1,1,5.5254529391317835
باغ فیض,100,1398,1,1,6.175867270105761
نیاوران,228,1397,1,1,7.523481312573497
ونک,180,1395,1,1,6.90875477931522
ستارخان,120,1386,1,1,6.398594934535208
شهران شمالی,96,1399,1,1,6.311734809152915
قیطریه,110,1399,1,1,6.68586094706836
نیاوران,150,1399,1,1,7.244941546337007
قیطریه,80,1399,1,1,6.2166061010848646
فرمانیه,300,1380,1,1,7.550135342488429
باغ فیض,80,1399,1,1,6.111467339502679
مشیریه,47,1384,1,0,4.5217885770490405
کوی فردوس,100,1393,1,1,6.206575926724928
نارمک,95,1392,1,1,5.993961427306569
هروی,70,1385,1,1,6.311734809152915
نیاوران,155,1387,1,1,6.90875477931522
قیطریه,70,1388,1,1,6.154858094016418
شهر زیبا,115,1395,1,1,6.175867270105761
جلفا,116,1371,0,1,6.364750756851911
سعادت‌آباد,75,1386,1,1,5.739792912179234
سعادت‌آباد,180,1399,1,1,7.696667081526462
اختیاریه,150,1398,1,1,7.0909098220799835
ونک,200,1385,1,1,6.803505257608338
گرگان,82,1397,1,1,5.707110264748875
قنات‌کوثر,183,1391,1,1,6.90875477931522
ولنجک,90,1395,1,1,7.00397413672268
فرمانیه,180,1388,1,1,6.634633357861686
شیان,75,1390,1,1,6.018593214496234
مسعودیه,30,1382,0,1,4.189654742026425
ظفر,135,1399,1,1,6.431331081933479
شهرآرا,68,1392,1,0,5.673323267171493
زعفرانیه,195,1388,1,1,7.496097345175956
آجودانیه,67,1399,1,1,6.206575926724928
ولنجک,170,1398,1,1,7.67368812926773
ستارخان,85,1380,0,1,5.860786223465865
دروس,128,1388,1,1,7.147559271189454
صادقیه,110,1390,1,1,6.206575926724928
اختیاریه,180,1399,1,1,7.438971592395862
یوسف‌آباد,45,1363,0,0,5.442417710521793
الهیه,240,1380,1,1,7.244941546337007
گیشا (کوی نصر),77,1397,1,1,6.3473892096560105
فرمانیه,310,1391,1,1,8.006700845440367
مرزداران,175,1399,1,1,7.244941546337007
پونک,60,1388,1,1,5.198497031265826
میرداماد,260,1390,1,1,7.3783837129967145
قیطریه,350,1399,1,1,8.294299608857235
سعادت‌آباد,120,1392,1,1,6.53813982376767
شمس‌آباد,63,1399,1,1,5.993961427306569
قنات‌کوثر,182,1391,1,1,6.85751406254539
الهیه,191,1387,1,1,6.862757913051401
استخر,147,1395,1,1,6.364750756851911
فرمانیه,195,1399,1,1,7.719129840906732
قیطریه,140,1399,1,1,7.208600337960199
اختیاریه,115,1392,1,1,6.493753839851686
سعادت‌آباد,135,1397,1,1,6.734591659972948
سهروردی,125,1399,1,1,6.621405651764134
کوی فردوس,155,1395,1,1,6.566672429803241
میرداماد,210,1391,1,1,7.057036981697891
اقدسیه,224,1391,1,1,7.00397413672268
قیطریه,110,1399,1,1,6.7464121285733745
اندیشه,60,1390,1,1,4.709530201312334
مرزداران,185,1378,0,1,6.55250788703459
محمودیه,185,1393,1,1,7.208600337960199
فرمانیه,140,1396,1,1,6.621405651764134
جنت‌آباد مرکزی,111,1398,1,1,6.186208623900494
سیدخندان,110,1382,0,1,5.802118375377063
پونک,130,1385,0,1,5.796057750765372
جیحون,100,1399,1,1,5.860786223465865
باغ فیض,70,1387,0,1,5.267858159063328
چیتگر,110,1396,1,1,6.042632833682381
سعادت‌آباد,130,1399,1,1,7.313886831633462
ازگل,160,1394,1,1,6.698268054115413
امیرآباد,125,1388,1,1,6.478509642208569
الهیه,150,1399,1,1,7.550135342488429
پونک,110,1388,1,1,6.054439346269371
دولتخواه,80,1394,0,0,5.017279836814924
جنت‌آباد مرکزی,125,1388,1,1,6.364750756851911
اقدسیه,400,1398,1,1,8.630700432209832
مرزداران,108,1399,1,1,6.594413459749778
شهرک غرب,140,1398,1,1,7.00397413672268
جردن,400,1385,1,1,7.741099090035366
قیطریه,109,1399,1,1,6.814542897259958
جنت‌آباد مرکزی,110,1387,1,1,6.311734809152915
قیطریه,100,1397,1,1,7.170888478512505
نیاوران,105,1394,1,1,7.0909098220799835
کوی فردوس,64,1394,1,1,5.723585101952381
پیروزی,70,1396,1,0,5.25227342804663
سعادت‌آباد,100,1390,1,1,6.478509642208569
سعادت‌آباد,130,1393,1,1,7.0909098220799835
دریاچه شهدای خلیج فارس,150,1396,1,1,6.398594934535208
آذربایجان,80,1394,0,1,5.442417710521793
زعفرانیه,178,1399,1,1,7.518064181233078
تهرانپارس غربی,145,1398,1,1,6.3818160174060985
طرشت,95,1395,1,1,6.133398042996649
نیاوران,120,1388,1,1,6.329720905522696
امیرآباد,105,1379,0,1,5.817111159963204
قیطریه,125,1386,1,1,6.68586094706836
سعادت‌آباد,161,1388,1,1,6.679599185844383
طرشت,150,1380,0,1,6.2166061010848646
پونک,55,1382,1,1,5.14166355650266
کوی فردوس,147,1399,1,1,6.255750041753367
کوی فردوس,100,1395,1,1,6.398594934535208
سعادت‌آباد,120,1399,1,1,7.048386408721883
فرمانیه,130,1380,0,1,6.423246963533519
نارمک,150,1398,1,1,6.68586094706836
نیاوران,165,1394,1,1,6.90875477931522
جنت‌آباد مرکزی,110,1398,1,1,6.16541785423142
اختیاریه,100,1387,1,1,6.431331081933479
اقدسیه,155,1391,1,1,7.0909098220799835
نیاوران,222,1399,1,1,7.937731775260109
تهران‌سر,55,1384,0,1,4.787491742782046
جنت‌آباد مرکزی,115,1399,1,1,6.55250788703459
پردیس,124,1399,1,1,5.786897381366708
اقدسیه,100,1390,1,1,6.311734809152915
یافت‌آباد,85,1399,1,1,5.262690188904886
اقدسیه,210,1392,1,1,7.0909098220799835
جنت‌آباد جنوبی,110,1390,1,1,5.942799375126701
اقدسیه,175,1387,1,1,7.601402334583733
سعادت‌آباد,152,1385,1,1,6.673297967767654
سعادت‌آباد,212,1390,1,1,7.0909098220799835
صادقیه,135,1395,1,1,6.398594934535208
پاسداران,100,1385,1,1,6.329720905522696
آذربایجان,61,1393,1,1,5.602118820879701
نیاوران,140,1389,1,1,7.00397413672268
نیاوران,320,1388,1,1,7.2868764117507
طرشت,110,1394,1,1,6.102558594613569
فرمانیه,140,1384,1,1,6.90875477931522
درکه,180,1395,1,1,7.00397413672268
پاسداران,160,1390,1,1,7.0909098220799835
کوی فردوس,70,1390,1,1,5.564520407322694
چیتگر,112,1396,1,1,6.0063531596017325
سعادت‌آباد,120,1390,1,1,6.660575149839686
اقدسیه,65,1385,1,1,5.831882477283517
قلهک,65,1398,1,1,5.583496308781699
صادقیه,70,1380,0,1,5.4638318050256105
میرداماد,110,1398,1,1,6.566672429803241
الهیه,120,1389,1,1,6.85751406254539
شهرک مسلمین,75,1399,1,1,5.3981627015177525
حکیمیه,67,1390,1,1,5.198497031265826
ازگل,90,1399,1,1,6.68586094706836
جنت‌آباد شمالی,147,1399,1,1,6.740519359606223
سوهانک,155,1392,1,1,7.065613363597717
سعادت‌آباد,100,1397,1,1,6.154858094016418
لواسان,120,1389,0,0,5.993961427306569
پردیس,85,1394,1,1,4.61512051684126
شهران شمالی,85,1385,1,1,5.707110264748875
دریا,95,1390,1,1,6.3818160174060985
پاتریس لومومبا,75,1371,0,1,5.313205979041787
سلیمانی,58,1380,0,1,5.017279836814924
قیطریه,120,1395,1,1,6.501289670540389
پونک,102,1395,1,1,6.018593214496234
نیرو هوایی,150,1390,1,1,6.621405651764134
پونک,120,1399,1,1,6.566672429803241
کوی فردوس,90,1380,1,1,5.916202062607435
جیحون,125,1399,1,1,6.042632833682381
سرو آزاد,120,1399,1,1,6.311734809152915
الهیه,250,1397,1,1,8.160803920954665
پونک,140,1396,1,1,6.345636360828596
یوسف‌آباد,140,1399,1,1,6.7464121285733745
سعادت‌آباد,130,1395,1,1,6.144185634125646
شهران جنوبی,90,1393,1,1,5.860786223465865
پردیس,87,1398,1,1,4.709530201312334
شهرک غرب,120,1385,0,1,6.398594934535208
مرزداران,122,1384,1,0,6.0867747269123065
علی‌آباد,85,1389,0,1,5.081404364984463
زعفرانیه,250,1394,1,1,7.601402334583733
جنت‌آباد مرکزی,135,1390,1,1,5.817111159963204
سرآسیاب مهرآباد,56,1395,0,1,4.709530201312334
رودهن,85,1396,1,1,5.017279836814924
قیطریه,110,1398,1,1,6.523562306149512
جنت‌آباد مرکزی,130,1389,0,1,5.817111159963204
شهران جنوبی,110,1392,1,1,6.2166061010848646
الهیه,210,1386,1,1,7.3783837129967145
فرمانیه,240,1387,1,1,7.346655163176539
شهرک غرب,120,1394,1,1,6.493753839851686
اقدسیه,330,1394,1,1,7.8636512654486515
پاسداران,145,1380,0,1,6.769641976852503
سعادت‌آباد,70,1395,1,1,6.186208623900494
مرزداران,73,1392,1,1,5.655991810819852
ارم,108,1399,1,1,6.478509642208569
نیاوران,160,1394,1,1,7.00397413672268
پاکدشت,135,1398,1,1,4.948759890378168
پاسداران,135,1375,0,0,5.942799375126701
نیاوران,160,1399,1,1,7.313886831633462
اباذر,145,1397,1,1,6.628041376179533
اقدسیه,140,1385,1,1,6.55250788703459
مرزداران,125,1395,1,1,6.516193076042964
تهرانپارس غربی,85,1396,1,1,5.968707559985366
ولنجک,145,1389,1,1,7.00397413672268
شهرک غرب,95,1388,1,0,6.478509642208569
دروس,275,1395,1,1,7.741099090035366
سعادت‌آباد,150,1385,1,1,7.280008252884188
سازمان برنامه,85,1385,0,0,5.198497031265826
پاسداران,85,1397,1,1,5.993961427306569
وردآورد,60,1392,1,1,4.59511985013459
سعادت‌آباد,130,1390,1,1,6.68586094706836
الهیه,150,1390,1,1,6.947937068614969
پونک,115,1396,1,1,6.338594078203183
نیاوران,110,1393,1,1,6.415096959171596
رباط کریم,74,1394,1,0,4.290459441148391
سعادت‌آباد,145,1389,1,1,6.274762021241939
فرمانیه,250,1394,1,1,7.244941546337007
جردن,90,1391,1,1,6.478509642208569
نظام‌آباد,98,1398,1,1,5.484796933490655
نیاوران,180,1385,1,1,7.3783837129967145
زعفرانیه,55,1399,1,1,6.2166061010848646
اقدسیه,360,1398,1,1,8.517393171418904
فاطمی,75,1387,0,0,5.673323267171493
ولنجک,160,1388,1,1,6.90875477931522
سعادت‌آباد,76,1386,1,1,6.329720905522696
جردن,140,1385,1,1,6.621405651764134
پیروزی,55,1394,0,1,5.081404364984463
دهکده المپیک,110,1399,1,1,6.2166061010848646
پردیس,130,1394,1,1,5.602118820879701
مرزداران,180,1399,1,1,7.244941546337007
نیاوران,100,1396,1,1,6.634633357861686
ونک,190,1399,1,1,7.189922170745808
بهار,88,1399,1,1,6.2166061010848646
نیاوران,150,1363,0,0,6.089044875446846
جنت‌آباد مرکزی,175,1388,0,1,6.364750756851911
هروی,150,1398,1,1,7.0909098220799835
فرمانیه,210,1385,1,1,7.650168700845001
کوی فردوس,50,1389,1,1,5.049856007249537
باغ فیض,101,1399,1,1,6.186208623900494
فرمانیه,210,1390,1,1,7.601402334583733
آهنگ,85,1399,1,1,5.707110264748875
فاطمی,130,1385,0,1,6.398594934535208
نیرو هوایی,75,1391,1,1,5.583496308781699
ظفر,140,1380,1,1,6.478509642208569
ازگل,150,1399,1,1,7.1316985104669115
پونک,130,1398,1,1,6.573680166960646
سعادت‌آباد,120,1398,1,1,7.048386408721883
سهروردی,100,1383,0,1,6.077642243349034
جنت‌آباد مرکزی,115,1399,1,1,6.364750756851911
امیریه,91,1380,0,1,5.204006687076795
استاد معین,55,1395,1,1,5.0238805208462765
پرند,75,1399,1,1,4.07753744390572
شهر زیبا,100,1385,1,1,5.71042701737487
سعادت‌آباد,180,1384,1,1,6.85751406254539
نیلوفر,80,1396,1,1,6.2166061010848646
جنت‌آباد مرکزی,126,1395,1,1,6.621405651764134
نازی‌آباد,86,1396,1,1,5.707110264748875
قیطریه,110,1375,0,0,6.478509642208569
پاسداران,120,1387,1,1,6.398594934535208
شهر قدس,85,1381,0,0,4.2626798770413155
طرشت,96,1380,0,1,5.25227342804663
جمال‌زاده,125,1399,1,1,6.478509642208569
قیطریه,130,1394,1,1,6.7580945044277305
شهرک غرب,190,1388,0,0,6.947937068614969
کامرانیه,200,1398,1,1,7.155396301896734
آبشار تهران,160,1399,1,1,6.175867270105761
میرداماد,100,1395,1,1,6.478509642208569
ازگل,145,1399,1,1,7.00397413672268
شهرک غرب,160,1371,1,1,6.814542897259958
پونک,67,1385,1,1,5.564520407322694
فرمانیه,300,1385,1,1,7.473637108496206
افسریه,135,1399,1,1,6.311734809152915
سعادت‌آباد,98,1386,0,1,5.8888779583328805
بریانک,45,1396,1,1,4.927253685157205
نیاوران,300,1399,1,1,7.762596048540069
جوانمرد قصاب,72,1383,1,1,5.043425116919247
الهیه,150,1396,1,1,7.244941546337007
کاشانک,170,1375,0,0,6.054439346269371
فرمانیه,79,1372,0,1,6.329720905522696
باغ فیض,85,1394,1,1,6.018593214496234
پونک,80,1393,1,1,5.983936280687191
دروس,130,1386,1,1,6.431331081933479
جنت‌آباد جنوبی,115,1385,0,1,5.723585101952381
کوی فردوس,135,1378,0,1,5.846438775057725
صادقیه,185,1399,1,1,7.438971592395862
شهرک راه‌آهن,185,1394,1,1,6.68586094706836
میرداماد,140,1394,1,1,6.68586094706836
پاتریس لومومبا,105,1390,1,1,5.8888779583328805
یوسف‌آباد,130,1395,1,1,6.53813982376767
شهر قدس,151,1398,1,1,5.5254529391317835
میرداماد,95,1384,1,1,6.1224928095143865
پونک,75,1384,0,1,5.3981627015177525
پردیس,92,1394,1,1,4.663439094112067
اباذر,87,1389,1,1,5.817111159963204
شهرک ولیعصر,55,1398,1,1,4.948759890378168
درکه,170,1393,1,1,7.1316985104669115
تهرانپارس غربی,94,1390,1,1,5.638354669333745
امامزاده حسن(ع),125,1395,1,1,5.673323267171493
محمودیه,160,1388,1,1,6.608000625296087
هروی,100,1399,1,1,6.493753839851686
نیاوران,160,1394,1,1,6.8885724595653635
جنت‌آباد شمالی,120,1390,0,1,5.968707559985366
مجیدیه,70,1391,0,0,5.303304908059076
الهیه,240,1398,1,1,7.844240718141811
شهران شمالی,100,1399,1,1,6.398594934535208
کن,155,1398,1,1,6.3818160174060985
نارمک,75,1383,0,1,5.420534999272286
هروی,145,1395,1,1,6.634633357861686
مجیدیه,50,1399,1,1,5.442417710521793
شهرک دریا,120,1392,1,1,5.942799375126701
نارمک,70,1375,0,1,5.5254529391317835
شهر قدس,60,1397,0,0,4.2626798770413155
پاسداران,82,1396,1,1,6.329720905522696
جنت‌آباد جنوبی,60,1385,0,1,5.303304908059076
سهروردی,75,1385,1,1,5.993961427306569
حکیمیه,92,1392,1,1,5.860786223465865
شهرک راه‌آهن,127,1395,1,1,6.329720905522696
زعفرانیه,220,1386,1,1,6.2166061010848646
کوی فردوس,65,1385,0,1,5.303304908059076
پاسداران,150,1396,1,1,6.93828448401696
جمهوری,72,1385,0,0,5.5053315359323625
پاسداران,85,1396,1,1,6.398594934535208
ولنجک,155,1395,1,1,7.048386408721883
اقدسیه,200,1399,1,1,7.696667081526462
نارمک,75,1395,1,0,5.484796933490655
هروی,85,1399,1,1,6.470799503782602
پردیس,107,1399,1,1,5.123963979403259
هروی,135,1386,0,1,6.493753839851686
سعادت‌آباد,180,1386,1,1,7.074116816197362
نیاوران,125,1390,1,1,6.566672429803241
تهران‌سر,93,1392,0,1,5.707110264748875
شهر زیبا,55,1399,1,1,5.484796933490655
نارمک جنوبی,115,1399,1,1,5.993961427306569
نیاوران,70,1385,0,1,6.311734809152915
زعفرانیه,155,1392,1,1,7.244941546337007
زرگنده,134,1363,0,0,6.2166061010848646
جردن,113,1399,1,1,6.78105762593618
پاسداران,220,1398,1,1,6.78105762593618
ازگل,100,1397,1,1,6.7580945044277305
سعادت‌آباد,125,1399,1,1,6.68586094706836
جیحون,130,1399,1,1,5.993961427306569
اقدسیه,200,1386,1,1,7.550135342488429
میرداماد,240,1385,1,1,7.00397413672268
شهران جنوبی,150,1399,1,1,6.415096959171596
امیرآباد,220,1399,1,1,7.496097345175956
سعادت‌آباد,140,1396,1,1,7.359467638255621
ولنجک,105,1397,1,1,6.621405651764134
الهیه,150,1399,1,1,7.601402334583733
صادقیه,110,1393,1,1,6.19644412779452
ولنجک,185,1390,1,1,7.2305631534092925
استخر,60,1397,1,1,5.272999558563747
زعفرانیه,360,1387,1,1,8.006700845440367
زعفرانیه,280,1397,1,1,8.160803920954665
ازگل,127,1397,1,1,6.78105762593618
ولنجک,150,1395,1,1,7.273092595999522
ولنجک,95,1399,1,1,6.68586094706836
کوهک,118,1394,1,1,6.19644412779452
جنت‌آباد جنوبی,90,1392,1,1,6.398594934535208
سعادت‌آباد,200,1398,1,1,7.0825485693553
ولنجک,185,1388,1,1,7.170888478512505
امیرآباد,200,1363,0,1,6.957497370876951
شمس‌آباد,123,1396,1,1,6.508769136971682
مرزداران,85,1395,1,1,6.111467339502679
آجودانیه,120,1391,1,1,6.3818160174060985
صادقیه,130,1395,1,1,6.398594934535208
سعادت‌آباد,80,1394,1,1,6.398594934535208
پاسداران,105,1385,1,1,6.342121418721152
شمس‌آباد,72,1394,1,1,5.655991810819852
سعادت‌آباد,80,1388,1,0,6.293419278846481
ظفر,100,1383,0,1,6.154858094016418
امامت,116,1387,1,0,5.545177444479562
صادقیه,85,1392,1,1,6.293419278846481
سعادت‌آباد,100,1390,1,1,6.559615237493242
شهرک محلاتی,130,1378,0,1,6.447305862541213
سعادت‌آباد,83,1386,1,1,6.19644412779452
ولنجک,130,1396,1,1,7.170888478512505
تهرانپارس شرقی,140,1387,1,1,6.2166061010848646
ستارخان,135,1375,0,1,6.311734809152915
شهرک غرب,250,1382,0,0,7.824445930877619
حکیمیه,86,1396,1,1,5.707110264748875
پردیس,88,1392,1,1,4.795790545596741
کوهک,65,1399,1,1,5.3981627015177525
جنت‌آباد مرکزی,76,1382,0,1,5.53338948872752
کاشانک,180,1394,1,1,6.803505257608338
امام حسین(ع),65,1399,1,1,5.303304908059076
کوی فردوس,140,1396,1,1,6.55250788703459
فرمانیه,225,1385,0,1,7.00397413672268
ونک,150,1387,1,1,6.493753839851686
سعادت‌آباد,90,1384,1,1,6.320768294250582
پونک,60,1393,0,1,5.442417710521793
سعادت‌آباد,95,1391,1,1,6.255750041753367
ولنجک,165,1385,1,1,6.814542897259958
قیطریه,117,1399,1,1,6.814542897259958
الهیه,220,1397,1,1,7.783640596221253
ولنجک,150,1392,1,1,7.273092595999522
اوین,140,1397,1,1,6.734591659972948
پردیس,78,1399,1,1,4.61512051684126
پردیس,87,1399,1,1,4.836281906951478
فرمانیه,200,1393,1,1,7.762596048540069
پونک,75,1388,0,1,5.4638318050256105
آهنگ,87,1386,1,1,5.860786223465865
ظفر,57,1380,0,0,5.802118375377063
قیطریه,175,1398,1,1,7.155396301896734
قیطریه,145,1399,1,1,7.313886831633462
جیحون,60,1399,1,0,5.198497031265826
گیشا (کوی نصر),130,1397,1,1,6.673297967767654
پرند,85,1398,1,1,4.454347296253507
اختیاریه,85,1385,1,1,5.968707559985366
دروس,180,1399,1,1,7.1316985104669115
سعادت‌آباد,70,1390,1,1,6.030685260261263
تهرانپارس شرقی,95,1399,1,1,5.993961427306569
تهرانپارس شرقی,100,1385,0,0,5.170483995038151
پاسداران,180,1399,1,1,7.696667081526462
ظفر,115,1388,1,1,6.398594934535208
پونک,55,1382,0,0,5.442417710521793
جیحون,66,1399,1,1,5.351858133476067
قیطریه,132,1398,1,1,6.710523109452428
قیطریه,240,1399,1,1,7.62608275807238
سازمان برنامه,65,1382,0,0,5.327876168789581
فرمانیه,600,1397,1,1,8.294299608857235
تهرانپارس غربی,85,1399,1,1,5.942799375126701
تهرانپارس غربی,95,1396,1,1,6.077642243349034
قنات‌کوثر,90,1399,1,1,6.018593214496234
فرمانیه,80,1388,1,1,5.940171252720432
بهار,100,1380,0,1,5.968707559985366
سازمان برنامه,70,1389,1,1,5.564520407322694
پونک,125,1385,0,1,5.802118375377063
پونک,62,1380,0,1,5.638354669333745
نیاوران,100,1393,1,1,6.710523109452428
بریانک,50,1393,0,0,4.204692619390966
پردیس,100,1385,0,1,4.875197323201151
پونک,70,1385,0,1,5.375278407684165
یوسف‌آباد,100,1394,1,1,6.55250788703459
پاسداران,110,1385,0,1,6.398594934535208
شهریار,110,1394,0,0,4.709530201312334
کوی فردوس,66,1375,0,0,5.081404364984463
صادقیه,78,1399,1,1,6.089044875446846
پاسداران,130,1385,1,0,5.902633333401366
سعادت‌آباد,109,1386,1,1,6.634633357861686
قیطریه,135,1384,1,1,6.559615237493242
نیاوران,137,1385,1,1,6.373319789577012
سعادت‌آباد,127,1399,1,1,7.170888478512505
دروازه شمیران,56,1396,1,0,5.111987788356544
مرزداران,140,1399,1,1,6.8885724595653635
سعادت‌آباد,140,1386,1,1,6.68586094706836
فاطمی,100,1390,1,1,6.364750756851911
گمرک,55,1385,0,0,4.564348191467836
قیطریه,130,1390,1,1,6.803505257608338
صادقیه,75,1399,1,1,6.042632833682381
شهرک شریعتی,45,1390,0,0,4.543294782270004
پلیس,81,1371,0,0,5.081404364984463
فرمانیه,160,1391,1,1,7.313886831633462
پاسداران,130,1388,1,1,6.660575149839686
سیدخندان,225,1375,0,0,6.523562306149512
سعادت‌آباد,140,1395,1,1,7.0909098220799835
پاسداران,260,1398,1,1,8.006700845440367
ولنجک,120,1396,1,1,6.90875477931522
سعادت‌آباد,110,1394,1,1,6.698268054115413
جنت‌آباد مرکزی,95,1385,0,1,5.739792912179234
دریاچه شهدای خلیج فارس,110,1396,1,1,5.8888779583328805
جنت‌آباد شمالی,84,1388,0,1,5.707110264748875
زعفرانیه,165,1394,1,1,7.824445930877619
هروی,140,1394,1,1,6.634633357861686
فرمانیه,130,1393,1,1,6.628041376179533
زعفرانیه,240,1394,1,1,7.550135342488429
پونک,135,1395,1,1,6.647688373563329
مرزداران,81,1399,1,1,5.902633333401366
الهیه,120,1390,1,1,6.68586094706836
کوی فردوس,60,1385,1,1,5.484796933490655
زعفرانیه,235,1389,1,1,7.450660796211539
پونک,66,1385,0,1,5.455321115357702
قلهک,175,1385,1,1,7.00397413672268
یوسف‌آباد,80,1393,1,1,6.293419278846481
هفت چنار,45,1388,0,0,4.663439094112067
شهر زیبا,83,1399,1,1,6.089044875446846
ولنجک,200,1380,0,1,6.898714534329988
زعفرانیه,350,1388,1,1,8.071218539969863
سهروردی,85,1385,1,0,6.066108090103747
ستارخان,65,1383,0,0,5.351858133476067
شهرک غرب,111,1399,1,1,6.7226297948554485
اختیاریه,105,1391,1,1,6.55250788703459
جنت‌آباد مرکزی,115,1396,1,1,6.042632833682381
جنت‌آباد شمالی,60,1390,0,1,5.442417710521793
کامرانیه,90,1399,1,1,6.803505257608338
گمرک,45,1381,0,1,4.553876891600541
یوسف‌آباد,135,1398,1,1,6.90875477931522
سعادت‌آباد,110,1399,1,1,6.311734809152915
ولنجک,150,1385,1,1,7.01301578963963
شهرک راه‌آهن,190,1399,1,1,6.962243464266207
ستارخان,75,1395,1,1,5.771441123130016
سعادت‌آباد,90,1388,1,1,6.398594934535208
اقدسیه,135,1387,1,1,6.329720905522696
تهرانپارس شرقی,61,1385,0,1,5.278114659230517
نیاوران,200,1391,1,1,7.0909098220799835
فرمانیه,230,1386,1,1,6.957497370876951
آسمان,81,1376,0,0,5.993961427306569
سعادت‌آباد,150,1399,1,1,7.3783837129967145
تهرانپارس غربی,112,1398,1,1,6.803505257608338
کوی فردوس,100,1391,1,1,6.175867270105761
گیشا (کوی نصر),164,1388,1,1,6.957497370876951
ستارخان,80,1375,0,0,5.351858133476067
سلسبیل,55,1388,0,1,4.948759890378168
چیتگر,165,1393,1,1,6.398594934535208
فاطمی,125,1386,0,1,6.144185634125646
چیذر,81,1398,1,1,6.608000625296087
تهرانپارس غربی,85,1388,0,1,5.4638318050256105
لواسان,210,1399,1,1,7.496097345175956
پردیس,100,1395,1,1,5.017279836814924
مشیریه,45,1385,0,1,5.017279836814924
اندیشه,60,1389,0,1,4.795790545596741
کامرانیه,165,1390,1,1,7.244941546337007
قیطریه,70,1380,0,0,5.820082930352362
اندیشه,55,1388,0,0,4.110873864173311
تجریش,250,1386,1,1,7.0909098220799835
ازگل,135,1398,1,1,7.1316985104669115
جنت‌آباد مرکزی,120,1395,1,1,6.398594934535208
پیروزی,105,1399,1,1,6.066108090103747
چیتگر,90,1399,1,1,6.364750756851911
سعادت‌آباد,145,1386,1,1,6.7464121285733745
الهیه,140,1398,1,1,7.550135342488429
شهران شمالی,75,1390,1,1,5.707110264748875
فرمانیه,200,1395,1,1,7.601402334583733
منیریه,52,1383,0,0,4.8283137373023015
کوی فردوس,85,1385,0,1,5.840641657373398
درکه,170,1399,1,1,8.006700845440367
مجیدآباد,70,1382,1,1,5.3981627015177525
ظفر,135,1389,1,1,6.478509642208569
پونک,55,1386,0,1,5.303304908059076
نارمک,125,1395,1,1,6.55250788703459
رباط کریم,100,1399,0,1,4.51085950651685
هروی,110,1389,1,1,5.916202062607435
باغ فیض,75,1399,1,1,6.111467339502679
قرچک,58,1398,1,1,4.219507705176107
سعادت‌آباد,155,1399,1,1,7.346655163176539
تهرانپارس شرقی,50,1382,0,1,4.736198448394496
پونک,120,1399,1,1,6.621405651764134
کوی فردوس,225,1382,0,1,6.46302945692067
پرند,87,1395,0,1,4.709530201312334
دریان‌نو,140,1399,1,1,6.7464121285733745
فرمانیه,290,1386,1,1,7.550135342488429
زعفرانیه,190,1390,1,1,6.947937068614969
صادقیه,78,1384,1,0,5.44673737166631
تجریش,95,1395,1,1,6.133398042996649
دولت‌آباد,100,1397,1,1,5.771441123130016
شهریار,90,1385,0,0,5.017279836814924
زعفرانیه,220,1396,1,1,7.824445930877619
پاسداران,130,1381,0,0,6.311734809152915
جردن,100,1390,1,1,6.066108090103747
باغ فیض,93,1398,1,1,6.19644412779452
سعادت‌آباد,178,1390,1,1,6.836259277277067
فاطمی,125,1380,0,1,6.111467339502679
پردیس,115,1389,0,1,4.762173934797756
الهیه,200,1372,0,1,7.0909098220799835
جنت‌آباد جنوبی,65,1384,0,1,5.54907608489522
نارمک,77,1395,1,1,5.60947179518496
مینا,41,1397,0,1,4.6913478822291435
تهرانپارس غربی,75,1384,0,1,5.545177444479562
شهران شمالی,60,1388,0,1,5.303304908059076
سعادت‌آباد,180,1382,1,1,6.634633357861686
سعادت‌آباد,123,1398,1,1,6.792344427470809
پونک,43,1399,1,1,5.54907608489522
سبلان,55,1391,0,0,4.709530201312334
تهران‌سر,48,1379,0,0,5.0369526024136295
جنت‌آباد جنوبی,105,1389,0,1,5.420534999272286
پردیس,87,1396,1,1,4.465908118654584
اختیاریه,100,1390,1,1,6.3561076606958915
افسریه,105,1399,1,1,5.860786223465865
جوادیه,50,1379,0,0,4.23410650459726
اقدسیه,175,1387,1,1,7.0909098220799835
فرمانیه,205,1388,1,1,6.898714534329988
الهیه,310,1390,1,1,8.101980731853192
جنت‌آباد شمالی,147,1399,1,1,6.803505257608338
شهر ری - استخر,130,1399,1,1,6.028278520230698
ائمه اطهار,60,1382,1,0,5.298317366548036
پونک,50,1384,1,1,5.5254529391317835
امیرآباد,160,1375,0,1,6.311734809152915
پیروزی,90,1394,0,1,5.638354669333745
سعادت‌آباد,180,1387,1,1,7.00397413672268
رودهن,142,1397,1,1,5.3981627015177525
هوانیروز,110,1399,1,1,6.175867270105761
میرداماد,148,1399,1,1,6.918695219020472
قیطریه,125,1398,1,1,6.7464121285733745
سعادت‌آباد,100,1388,1,1,6.478509642208569
صادقیه,127,1392,1,1,6.621405651764134
تهرانپارس شرقی,73,1378,0,0,5.204006687076795
نواب,45,1390,1,1,4.61512051684126
اوین,260,1375,1,1,7.223295679562314
فرمانیه,85,1399,1,1,6.431331081933479
فرمانیه,420,1392,1,1,8.160803920954665
اقدسیه,82,1396,1,1,6.311734809152915
کوی فردوس,55,1399,1,1,5.723585101952381
جردن,62,1385,1,1,6.042632833682381
سازمان برنامه,138,1397,1,1,6.7464121285733745
آجودانیه,160,1394,1,1,7.244941546337007
اختیاریه,68,1397,1,1,6.54534966033442
تجریش,105,1397,1,1,6.68586094706836
آذربایجان,55,1396,1,0,5.056245805348308
تهران‌سر,95,1399,1,1,5.860786223465865
نیاوران,150,1395,1,1,6.647688373563329
سبلان,56,1394,1,1,5.5254529391317835
نیاوران,160,1394,1,1,7.3783837129967145
پونک,70,1398,1,1,6.2166061010848646
زعفرانیه,350,1388,1,1,7.824445930877619
تهرانپارس غربی,92,1396,1,1,6.111467339502679
زعفرانیه,120,1390,1,1,6.7580945044277305
پیروزی,91,1389,0,1,5.771441123130016
بومهن,45,1374,0,0,3.828641396489095
مرزداران,115,1389,1,1,6.431331081933479
شاهین,100,1399,1,1,6.55250788703459
ولنجک,120,1388,1,1,6.836259277277067
شهران شمالی,100,1396,1,1,5.69035945432406
دروس,300,1399,1,1,8.294299608857235
گیشا (کوی نصر),115,1395,1,1,6.621405651764134
اندیشه,50,1391,1,1,5.420534999272286
مرزداران,260,1399,1,1,7.576097340623111
دریاچه شهدای خلیج فارس,160,1396,1,1,6.493753839851686
پونک,70,1399,1,1,6.208590026096629
ابوذر (منطقه ۱۵),63,1388,1,1,5.3981627015177525
جیحون,45,1395,1,1,4.948759890378168
نیاوران,200,1397,1,1,7.223295679562314
باغ فیض,89,1388,1,1,5.968707559985366
فرمانیه,85,1399,1,1,6.398594934535208
سعادت‌آباد,95,1391,1,1,6.2166061010848646
صادقیه,135,1389,1,1,6.68586094706836
دروس,190,1396,1,1,7.313886831633462
جی,112,1399,1,1,5.863631175598097
اختیاریه,107,1385,0,1,6.054439346269371
پردیس,150,1399,0,1,6.478509642208569
نیاوران,250,1397,1,1,8.216358332386156
قلهک,117,1397,1,1,6.293419278846481
کوی فردوس,67,1382,1,0,5.703782474656201
هروی,110,1395,1,1,6.621405651764134
ستارخان,73,1390,1,1,5.771441123130016
نیاوران,250,1399,1,1,7.62608275807238
فدک,95,1396,1,1,5.8888779583328805
سعادت‌آباد,140,1387,1,1,6.634633357861686
گیشا (کوی نصر),75,1395,1,1,5.8888779583328805
طرشت,80,1388,1,1,5.4638318050256105
قیطریه,300,1393,1,1,7.8636512654486515
اقدسیه,96,1386,1,1,6.089044875446846
میرداماد,90,1385,1,1,5.955837369464831
آسمان,78,1391,1,1,6.066108090103747
جنت‌آباد جنوبی,55,1380,0,1,5.225746673713202
دریاچه شهدای خلیج فارس,110,1397,1,1,6.111467339502679
گیشا (کوی نصر),72,1394,1,1,6.39024066706535
پونک,150,1393,1,1,6.68586094706836
شهران جنوبی,80,1387,1,1,5.3981627015177525
دروس,155,1393,1,1,7.313886831633462
کوی فردوس,80,1395,1,1,5.707110264748875
نیاوران,160,1363,0,0,6.68586094706836
مرزداران,95,1393,1,1,6.1224928095143865
باغ فیض,42,1391,1,0,5.342334251964811
تهرانپارس شرقی,55,1388,0,0,4.672828834461906
فرمانیه,320,1397,1,1,7.804251383528112
سبلان,43,1386,1,0,4.61512051684126
جنت‌آباد مرکزی,140,1395,1,1,6.621405651764134
دردشت,40,1384,0,0,5.170483995038151
سعادت‌آباد,105,1399,1,1,6.792344427470809
سعادت‌آباد,90,1388,1,1,6.415096959171596
سعادت‌آباد,140,1388,1,1,6.928537818164665
شهران شمالی,50,1385,0,1,5.25227342804663
حمزه‌آباد,75,1395,1,1,5.198497031265826
سعادت‌آباد,65,1388,1,1,5.831882477283517
پونک,120,1395,1,1,6.406879986069314
دروس,150,1396,1,1,6.93828448401696
شهران شمالی,94,1399,1,1,6.398594934535208
یوسف‌آباد,155,1399,1,1,7.155396301896734
پاسداران,125,1397,1,1,7.0909098220799835
شهر قدس,70,1394,0,0,4.2626798770413155
طرشت,72,1395,1,1,5.860786223465865
جنت‌آباد شمالی,77,1394,1,1,5.802118375377063
جنت‌آباد جنوبی,92,1390,1,0,5.942799375126701
زعفرانیه,350,1389,1,1,8.083637203141548
پونک,70,1395,1,0,5.638354669333745
شهر ری - اقدسیه,80,1363,0,1,6.2166061010848646
الهیه,125,1385,1,1,6.792344427470809
اوقاف,60,1384,0,0,5.25227342804663
سهروردی,110,1390,1,1,5.981414211254481
شهرک راه‌آهن,120,1395,1,1,6.398594934535208
زعفرانیه,185,1396,1,1,7.741099090035366
تهران‌نو,85,1399,1,1,6.066108090103747
تهرانپارس غربی,60,1380,0,1,5.043425116919247
نیاوران,130,1390,1,1,6.478509642208569
الهیه,155,1395,1,1,7.601402334583733
شهرک غرب,100,1397,1,1,6.55250788703459
الهیه,135,1393,1,1,7.313886831633462
پونک,73,1390,0,1,5.4638318050256105
هروی,95,1397,1,1,6.320768294250582
مرزداران,125,1380,0,1,5.8888779583328805
مرزداران,150,1380,0,1,6.3818160174060985
فرمانیه,220,1396,1,1,7.937731775260109
سعادت‌آباد,65,1391,1,1,6.111467339502679
الهیه,245,1387,1,1,7.741099090035366
نیاوران,128,1394,1,1,6.523562306149512
سعادت‌آباد,70,1388,0,0,5.638354669333745
فرمانیه,400,1396,1,1,8.630700432209832
نارمک جنوبی,41,1389,0,0,5.017279836814924
دریاچه شهدای خلیج فارس,64,1399,1,1,5.802118375377063
نیاوران,220,1390,1,1,6.8885724595653635
نیاوران,120,1397,1,1,7.650168700845001
آجودانیه,65,1385,1,1,6.311734809152915
سعادت‌آباد,136,1385,0,1,6.803505257608338
سعادت‌آباد,176,1388,1,1,7.244941546337007
سعادت‌آباد,110,1398,1,1,7.313886831633462
سعادت‌آباد,90,1390,1,1,6.236369590203704
ولنجک,120,1399,1,1,6.803505257608338
کوی فردوس,110,1396,1,1,5.723585101952381
یوسف‌آباد,80,1397,1,1,6.175867270105761
زیبادشت,110,1399,1,1,6.3818160174060985
سعادت‌آباد,185,1396,1,1,7.1316985104669115
شهرک غرب,50,1380,0,0,5.351858133476067
ستارخان,157,1363,1,1,6.478509642208569
چیتگر,105,1398,1,1,5.831882477283517
هروی,80,1398,1,1,6.2166061010848646
امیرآباد,88,1399,1,0,6.3473892096560105
مرزداران,75,1396,1,1,5.916202062607435
تجریش,120,1392,1,1,6.814542897259958
پیروزی,78,1391,1,0,5.5254529391317835
مرزداران,90,1384,0,1,5.918893854273146
محمودیه,350,1390,1,1,8.160803920954665
خواجه نظام الملک,110,1399,1,1,5.993961427306569
هفت حوض,62,1387,0,1,5.332718793265369
جیحون,60,1385,0,0,5.111987788356544
تهرانپارس غربی,90,1391,1,1,6.0330862217988015
میرداماد,140,1397,1,1,6.78105762593618
سعادت‌آباد,140,1396,1,1,6.803505257608338
زعفرانیه,300,1380,0,1,7.937731775260109
دزاشیب,140,1387,1,1,7.00397413672268
هروی,130,1398,1,1,6.508769136971682
قیطریه,90,1384,0,1,5.968707559985366
حکیمیه,130,1399,1,1,6.55250788703459
سعادت‌آباد,125,1380,1,1,6.478509642208569
پرند,60,1393,1,1,3.828641396489095
سعادت‌آباد,80,1392,1,1,6.284134161070802
جنت‌آباد جنوبی,83,1393,1,1,5.69035945432406
سعادت‌آباد,100,1386,1,1,6.621405651764134
پونک,72,1387,0,1,5.4638318050256105
پاسداران,88,1390,1,1,6.236369590203704
پرند,105,1399,1,1,5.3981627015177525
تهرانپارس غربی,65,1390,1,0,5.375278407684165
هروی,105,1390,1,1,6.111467339502679
شهرک غرب,82,1389,1,1,6.175867270105761
سعادت‌آباد,155,1385,1,1,7.048386408721883
اوقاف,95,1399,1,1,5.564520407322694
الهیه,150,1390,1,1,6.68586094706836
قرچک,90,1399,0,0,4.727387818712341
کوی فردوس,95,1394,1,1,6.113682179832232
جنت‌آباد مرکزی,68,1378,0,1,5.53338948872752
سعادت‌آباد,120,1397,1,1,6.68586094706836
تهرانپارس شرقی,57,1399,1,1,5.564520407322694
جنت‌آباد مرکزی,120,1399,1,1,6.415096959171596
شهر ری - علائین,50,1395,1,0,4.454347296253507
سعادت‌آباد,105,1390,1,1,6.478509642208569
خواجه نظام الملک,64,1399,1,1,5.541263545158426
شهرک محلاتی,220,1380,0,1,7.313886831633462
قلهک,72,1388,1,1,6.154858094016418
ولنجک,130,1392,1,1,7.147559271189454
تهران‌نو,47,1381,0,0,4.912654885736052
سعادت‌آباد,50,1388,1,1,5.993961427306569
اندیشه,80,1393,0,0,5.081404364984463
شهرک محلاتی,100,1399,1,1,6.523562306149512
تهرانپارس شرقی,210,1380,0,1,6.523562306149512
هروی,185,1399,1,1,7.3783837129967145
شهرک غرب,100,1395,1,1,6.246106765481563
سعادت‌آباد,150,1388,1,1,6.665683717782408
صادقیه,120,1399,1,1,6.3818160174060985
تهرانپارس غربی,60,1387,1,1,5.14166355650266
نیاوران,95,1390,1,1,6.46302945692067
نواب,85,1387,0,1,5.278114659230517
پیروزی,60,1386,0,1,5.081404364984463
شهرک غرب,150,1388,1,1,6.85751406254539
شهرک راه‌آهن,107,1385,0,1,5.707110264748875
سرو آزاد,76,1396,1,1,5.442417710521793
کوی فردوس,80,1387,1,1,5.602118820879701
پردیس,100,1385,1,1,5.442417710521793
کوی فردوس,70,1389,1,1,5.278114659230517
اقدسیه,90,1392,1,1,5.916202062607435
شهریار,160,1399,1,1,5.860786223465865
نیاوران,250,1397,1,1,8.343077871169383
سعادت‌آباد,145,1398,1,1,7.346655163176539
سازمان برنامه,67,1382,0,1,5.707110264748875
باغ فیض,77,1386,1,1,5.872117789475416
باغ فیض,105,1399,1,1,6.293419278846481
پونک,80,1385,1,1,6.018593214496234
ستارخان,75,1380,0,1,5.327876168789581
الهیه,110,1395,1,1,6.918695219020472
هروی,150,1380,0,1,5.968707559985366
شمس‌آباد,63,1389,1,1,5.707110264748875
کوی فردوس,80,1389,1,1,5.942799375126701
شهر زیبا,115,1384,0,1,6.042632833682381
سعادت‌آباد,103,1393,1,1,6.566672429803241
فرمانیه,230,1390,1,1,7.438971592395862
مرزداران,95,1396,1,1,6.329720905522696
میرداماد,255,1395,1,1,7.280008252884188
پاسداران,200,1389,1,1,7.496097345175956
سوهانک,130,1388,1,1,6.621405651764134
شارق شرقی,50,1387,0,1,4.59511985013459
اندیشه,45,1395,1,0,4.394449154672439
نیلوفر,115,1395,1,1,6.68586094706836
پاسداران,70,1399,1,1,6.089044875446846
کوی فردوس,90,1393,1,1,6.100318952020064
زعفرانیه,235,1399,1,1,7.327123292259293
نارمک,96,1391,1,1,6.0063531596017325
نیاوران,330,1399,1,1,8.216358332386156
هروی,140,1396,1,1,6.710523109452428
قبا,165,1392,1,1,7.048386408721883
ورامین,95,1399,1,1,5.484796933490655
فلاح,110,1398,1,1,5.25227342804663
شهرک غرب,120,1399,1,1,7.00397413672268
نیاوران,160,1399,1,1,7.00397413672268
نیاوران,250,1399,1,1,8.006700845440367
دروس,180,1399,1,1,7.824445930877619
تهران‌سر,115,1398,1,1,5.902633333401366
شهرک غرب,90,1388,1,1,6.364750756851911
آجودانیه,70,1399,1,1,6.236369590203704
سعادت‌آباد,120,1397,1,1,6.53813982376767
اراج,65,1387,1,0,5.831882477283517
شهرک راه‌آهن,120,1396,1,1,6.311734809152915
الهیه,195,1393,1,1,7.00397413672268
سعادت‌آباد,65,1387,1,1,5.831882477283517
پونک,140,1399,1,1,6.803505257608338
ولنجک,125,1395,1,1,6.415096959171596
قلهک,115,1385,0,1,6.311734809152915
مجیدیه,50,1398,1,1,4.770684624465665
شهرک نفت (منطقه ۵),125,1399,1,1,6.803505257608338
فرمانیه,400,1393,1,1,7.601402334583733
سعادت‌آباد,145,1398,1,1,7.3783837129967145
پاسداران,100,1397,1,1,6.311734809152915
اقدسیه,250,1397,1,1,8.412054873292933
تهرانپارس غربی,150,1399,1,1,6.734591659972948
سعادت‌آباد,145,1392,1,1,6.566672429803241
دهکده المپیک,80,1385,0,1,5.62040086571715
کوی مهران,120,1399,1,1,6.373319789577012
پونک,180,1385,0,1,6.311734809152915
مرزداران,85,1396,1,1,5.62040086571715
جلفا,72,1385,1,1,5.583496308781699
قیطریه,130,1398,1,1,7.00397413672268
دروس,275,1392,1,1,7.741099090035366
سعادت‌آباد,95,1388,1,1,6.186208623900494
سعادت‌آباد,140,1391,1,1,6.647688373563329
پاسداران,145,1398,1,1,6.698268054115413
شهرک والفجر (منطقه ۶),140,1399,1,1,6.7464121285733745
زعفرانیه,170,1399,1,1,7.741099090035366
اباذر,143,1397,1,1,6.628041376179533
شهریار,67,1397,1,0,4.584967478670572
سعادت‌آباد,110,1387,1,1,6.68586094706836
دروس,155,1399,1,1,7.327123292259293
پاسداران,110,1399,1,1,6.493753839851686
قیطریه,100,1396,1,1,6.621405651764134
گیشا (کوی نصر),75,1393,1,1,5.802118375377063
نارمک,85,1375,0,0,5.25227342804663
فاطمی,90,1399,1,1,6.398594934535208
پونک,65,1397,1,1,5.673323267171493
اختیاریه,75,1399,1,1,6.274762021241939
سعادت‌آباد,185,1395,1,1,7.1316985104669115
نیاوران,140,1388,1,1,6.660575149839686
سلسبیل,57,1385,0,1,5.278114659230517
نیرو هوایی,57,1386,1,0,5.303304908059076
گرگان,71,1380,0,1,5.278114659230517
سازمان آب,67,1385,0,1,5.303304908059076
نواب,50,1388,0,1,4.77912349311153
لویزان,55,1387,0,0,4.948759890378168
سهروردی,140,1399,1,1,6.7464121285733745
اوقاف,55,1384,0,1,5.198497031265826
سعادت‌آباد,150,1388,1,1,7.208600337960199
الهیه,200,1385,1,1,7.00397413672268
سعادت‌آباد,179,1387,1,1,6.634633357861686
مرزداران,115,1390,1,1,6.398594934535208
جنت‌آباد شمالی,107,1384,1,1,6.089044875446846
نیاوران,100,1393,1,1,6.90875477931522
زعفرانیه,280,1399,1,1,8.294299608857235
اقدسیه,160,1398,1,1,7.346655163176539
کوی فردوس,190,1395,1,1,7.0909098220799835
سعادت‌آباد,90,1390,1,1,6.53813982376767
اباذر,84,1392,1,1,6.311734809152915
پونک,90,1397,1,1,6.19644412779452
الهیه,240,1388,1,1,7.170888478512505
اختیاریه,205,1386,1,1,6.957497370876951
سازمان برنامه,115,1397,1,1,6.3818160174060985
دریاچه شهدای خلیج فارس,127,1397,1,1,6.329720905522696
تهران‌سر,60,1392,1,1,5.293304824724492
شهر زیبا,50,1395,1,1,5.484796933490655
دروس,275,1393,1,1,7.696667081526462
سلسبیل,45,1388,0,0,4.564348191467836
ونک,145,1394,1,1,6.862757913051401
سعادت‌آباد,120,1398,1,1,6.8679744089702925
پونک,120,1399,1,1,6.594413459749778
جنت‌آباد جنوبی,95,1387,1,1,5.968707559985366
سعادت‌آباد,110,1384,0,1,6.447305862541213
هروی,100,1392,1,1,6.018593214496234
قیطریه,52,1396,1,1,5.817111159963204
قیطریه,160,1397,1,1,7.313886831633462
زعفرانیه,125,1387,1,1,6.7580945044277305
سلسبیل,50,1388,0,1,4.948759890378168
آبشار تهران,105,1399,1,1,5.739792912179234
سعادت‌آباد,150,1398,1,1,7.244941546337007
پونک,200,1399,1,1,7.00397413672268
کامرانیه,185,1384,1,1,7.484930283289661
جردن,120,1371,1,1,6.523562306149512
قیطریه,210,1399,1,1,7.550135342488429
نظام‌آباد,43,1398,1,0,4.718498871295094
خواجه نظام الملک,110,1399,1,1,5.981414211254481
اباذر,90,1396,1,1,6.133398042996649
سعادت‌آباد,110,1394,1,1,6.55250788703459
قیطریه,120,1394,1,1,6.478509642208569
شهرک غرب,165,1381,1,1,6.68586094706836
ولنجک,165,1390,1,1,7.484930283289661
شهران جنوبی,60,1386,1,1,5.442417710521793
پونک,75,1398,1,1,6.2166061010848646
جنت‌آباد جنوبی,105,1399,1,1,6.206575926724928
قنات‌کوثر,87,1397,1,1,5.993961427306569
ولنجک,115,1395,1,1,6.85751406254539
شهرک پرواز,90,1397,1,1,5.968707559985366
نیاوران,330,1399,1,1,7.313886831633462
سیدخندان,120,1399,1,1,6.311734809152915
فرمانیه,160,1398,1,1,7.3783837129967145
کوی فردوس,75,1385,0,1,5.771441123130016
جنت‌آباد مرکزی,75,1387,0,1,5.739792912179234
میرداماد,50,1363,0,0,5.69035945432406
پاسداران,250,1396,1,1,7.601402334583733
ولنجک,250,1378,0,0,6.803505257608338
مسعودیه,58,1394,1,1,4.824305715904762
نارمک,110,1396,1,1,6.2166061010848646
پونک,100,1399,1,1,6.111467339502679
پونک,110,1385,1,1,5.739792912179234
سعادت‌آباد,102,1392,1,1,6.3818160174060985
زعفرانیه,220,1390,1,1,7.00397413672268
فرمانیه,110,1385,0,1,6.78105762593618
شهر قدس,65,1395,1,1,4.795790545596741
زعفرانیه,170,1396,1,1,6.976348070447749
دربند,200,1385,1,1,6.90875477931522
الهیه,180,1395,1,1,7.0909098220799835
ازگل,75,1392,1,1,5.739792912179234
جنت‌آباد جنوبی,140,1399,1,1,5.707110264748875
خانی‌آباد نو,67,1385,0,1,5.198497031265826
فرمانیه,260,1385,1,1,7.346655163176539
شهران جنوبی,95,1399,1,0,5.87493073085203
دریاچه شهدای خلیج فارس,125,1388,1,1,5.942799375126701
هروی,250,1386,1,1,7.313886831633462
هروی,110,1390,1,1,6.398594934535208
نارمک,63,1384,0,1,5.332718793265369
اوین,155,1381,1,1,6.398594934535208
اقدسیه,107,1398,1,1,6.415096959171596
جردن,100,1396,1,1,6.641182169740591
جیحون,92,1390,0,1,5.673323267171493
آهنگ,40,1388,0,1,4.61512051684126
پاسداران,300,1385,1,1,7.783640596221253
جنت‌آباد شمالی,75,1380,0,1,5.707110264748875
فرمانیه,260,1399,1,1,8.412054873292933
شهر ری - استخر,65,1389,0,0,4.564348191467836
مرزداران,80,1385,0,1,5.739792912179234
نارمک,57,1388,1,1,5.327876168789581
زعفرانیه,275,1399,1,1,8.25608813381491
ولنجک,340,1380,0,1,7.824445930877619
اوین,155,1398,1,1,6.803505257608338
پاسداران,200,1395,1,1,6.78105762593618
هروی,175,1395,1,1,7.057036981697891
لواسان,240,1390,0,1,7.616283561580385
تهرانپارس شرقی,130,1399,1,1,6.439350371100098
باغ فیض,70,1387,1,1,5.707110264748875
تهران‌سر,53,1380,0,1,4.919980925828125
دروازه شمیران,60,1391,1,1,5.484796933490655
مرزداران,90,1380,0,1,5.902633333401366
اباذر,95,1393,1,1,6.111467339502679
نیاوران,125,1396,1,1,6.78105762593618
تهران‌سر,48,1383,0,1,5.017279836814924
پونک,150,1399,1,1,6.966967138613983
پونک,100,1387,1,1,5.902633333401366
تهرانپارس شرقی,78,1385,0,0,4.969813299576001
سعادت‌آباد,100,1397,1,1,6.803505257608338
سعادت‌آباد,120,1390,1,1,6.398594934535208
کوی فردوس,65,1394,1,1,5.673323267171493
مهرآباد جنوبی,52,1388,0,0,4.875197323201151
سعادت‌آباد,95,1388,1,1,6.478509642208569
کوی فردوس,117,1384,1,1,6.2166061010848646
جنت‌آباد شمالی,75,1385,0,1,5.69035945432406
یوسف‌آباد,145,1396,1,1,6.7464121285733745
جنت‌آباد جنوبی,170,1399,1,1,7.0909098220799835
هروی,110,1395,1,1,6.478509642208569
ولنجک,154,1399,1,1,7.313886831633462
پونک,95,1389,1,1,6.175867270105761
قیطریه,140,1385,0,1,6.329720905522696
سعادت‌آباد,230,1396,1,1,7.762596048540069
پرند,80,1393,1,1,4.394449154672439
نیاوران,163,1393,1,1,6.803505257608338
فاطمی,68,1393,1,1,5.942799375126701
دربند,50,1391,0,1,5.707110264748875
پیروزی,55,1386,0,1,5.278114659230517
مرزداران,70,1397,1,1,5.942799375126701
مجیدیه,62,1393,1,1,5.707110264748875
فرمانیه,240,1396,1,1,7.762596048540069
ولنجک,170,1392,1,1,7.0909098220799835
عباس‌آباد,115,1392,1,1,6.398594934535208
سعادت‌آباد,125,1393,1,1,6.803505257608338
شهر زیبا,76,1397,1,1,5.860786223465865
اوقاف,125,1399,1,1,6.311734809152915
سعادت‌آباد,170,1399,1,1,7.762596048540069
پاسداران,110,1384,1,1,6.398594934535208
فرمانیه,101,1393,1,1,6.55250788703459
زعفرانیه,155,1397,1,1,7.244941546337007
اراج,82,1392,1,1,5.831882477283517
یوسف‌آباد,92,1393,1,1,6.26530121273771
پونک,90,1395,1,1,5.820082930352362
شهرک ولیعصر,60,1380,0,1,4.983606621708336
سعادت‌آباد,100,1393,1,1,6.3818160174060985
پردیس,87,1399,1,0,4.454347296253507
تهرانپارس غربی,85,1382,0,0,4.867535373532079
فاطمی,125,1399,1,1,6.415096959171596
تجریش,120,1392,1,1,6.7464121285733745
نیاوران,215,1388,1,1,7.313886831633462
کوی فردوس,75,1385,0,1,5.739792912179234
دزاشیب,120,1395,1,1,6.7464121285733745
صادقیه,175,1390,1,1,6.2166061010848646
اباذر,145,1395,1,1,6.470799503782602
نیرو هوایی,80,1395,1,1,5.673323267171493
شهرک ولیعصر,45,1388,0,0,4.59511985013459
زعفرانیه,240,1395,1,1,7.313886831633462
تجریش,140,1399,1,1,6.957497370876951
صادقیه,95,1383,1,1,5.993961427306569
دروس,270,1394,1,1,7.550135342488429
شهرک غرب,66,1386,0,1,5.860786223465865
پونک,68,1390,0,1,5.638354669333745
امیر بهادر,100,1380,0,0,5.442417710521793
مجیدآباد,95,1398,1,1,5.817111159963204
صادقیه,155,1399,1,1,6.814542897259958
امیر بهادر,62,1384,0,1,5.081404364984463
الهیه,350,1395,1,1,8.537191877922927
فرمانیه,180,1394,1,1,7.438971592395862
نیاوران,220,1395,1,1,7.844240718141811
دروس,265,1393,1,1,7.67368812926773
مرزداران,92,1395,1,1,5.916202062607435
سعادت‌آباد,300,1399,1,1,8.537191877922927
نارمک,32,1392,1,0,4.90527477843843
مرزداران,125,1398,1,1,6.478509642208569
جلفا,110,1396,1,1,6.478509642208569
پونک,75,1389,0,1,5.4638318050256105
جنت‌آباد جنوبی,80,1399,1,1,6.175867270105761
صد دستگاه,60,1389,0,1,4.7664383335842135
حکمت,90,1393,1,0,6.206575926724928
سعادت‌آباد,160,1385,1,1,6.814542897259958
نارمک,62,1390,0,0,4.948759890378168
آبشار تهران,114,1398,1,1,6.018593214496234
مسعودیه,40,1385,0,0,4.406719247264253
آرژانتین,75,1382,1,0,5.564520407322694
پونک,138,1399,1,1,6.647688373563329
سنایی,110,1399,1,1,6.46302945692067
پونک,75,1390,1,1,5.983936280687191
باغ فیض,100,1382,1,1,6.056784013228625
جنت‌آباد مرکزی,113,1395,1,1,6.07993319509559
دروس,205,1399,1,1,7.901377353792616
سعادت‌آباد,150,1398,1,1,7.313886831633462
باغ فیض,85,1389,1,1,5.955837369464831
دریاچه شهدای خلیج فارس,110,1395,1,1,6.111467339502679
شهران جنوبی,125,1397,1,1,5.993961427306569
پاسداران,260,1399,1,1,8.006700845440367
تهران‌سر,110,1393,1,1,5.8888779583328805
سعادت‌آباد,125,1390,1,1,6.46302945692067
اباذر,135,1397,1,1,6.7580945044277305
پونک,90,1388,1,1,6.2166061010848646
پونک,78,1382,0,0,5.303304908059076
سهروردی,230,1399,1,1,7.215975002651466
جنت‌آباد جنوبی,170,1383,0,0,5.942799375126701
باغ فیض,75,1386,0,1,5.53338948872752
نیاوران,125,1388,1,1,6.523562306149512
فرمانیه,110,1380,0,1,6.621405651764134
قیطریه,140,1394,1,1,6.415096959171596
دروس,120,1387,1,1,6.329720905522696
نیرو هوایی,110,1394,1,1,6.311734809152915
اقدسیه,360,1398,1,1,8.630700432209832
شهر قدس,56,1388,0,0,4.23410650459726
آهنگ,36,1385,0,0,4.2626798770413155
هروی,95,1394,1,1,5.303304908059076
یوسف‌آباد,160,1383,1,1,7.1316985104669115
دروس,170,1398,1,1,7.601402334583733
ولنجک,180,1392,1,1,7.00397413672268
رودهن,100,1398,1,1,5.351858133476067
ولنجک,130,1385,1,1,7.00397413672268
نازی‌آباد,63,1380,0,0,4.912654885736052
الهیه,230,1391,1,1,7.650168700845001
شهرک کیانشهر,55,1393,0,0,4.605170185988092
سهروردی,75,1387,1,1,5.560681631015528
پردیس,87,1395,1,1,4.454347296253507
سعادت‌آباد,115,1397,1,1,6.566672429803241
گیشا (کوی نصر),160,1392,1,1,6.68586094706836
شیخ هادی,45,1392,1,0,5.017279836814924
تهرانپارس غربی,130,1385,0,1,6.478509642208569
بهارستان,70,1382,0,0,5.111987788356544
اندیشه,63,1390,0,1,4.624972813284271
نارمک,53,1363,0,0,4.836281906951478
نظام‌آباد,40,1394,0,0,3.4657359027997265
آذربایجان,65,1390,0,1,5.278114659230517
سعادت‌آباد,122,1399,1,1,7.147559271189454
شهرک غرب,85,1377,0,1,6.111467339502679
جی,43,1395,1,0,4.672828834461906
تهران‌سر,55,1381,0,0,5.176149732573829
اباذر,85,1390,1,1,6.274762021241939
شهرک غرب,140,1382,1,1,6.947937068614969
پونک,86,1385,1,1,5.739792912179234
سیدخندان,73,1399,1,1,6.16541785423142
شهران جنوبی,65,1385,0,0,5.484796933490655
شهر قدس,70,1385,0,0,4.465908118654584
شهر ری - شهرک شهید مفتح,70,1391,1,0,4.709530201312334
پیروزی,95,1392,1,1,5.707110264748875
گیشا (کوی نصر),145,1373,0,1,6.478509642208569
حکمت,100,1399,1,1,6.634633357861686
پاکدشت,68,1390,0,0,4.189654742026425
سعادت‌آباد,160,1388,1,1,6.85751406254539
ستارخان,65,1392,1,0,5.707110264748875
سازمان برنامه,120,1394,1,1,6.255750041753367
شهرک غرب,60,1394,1,0,6.133398042996649
اقدسیه,250,1395,1,1,7.901377353792616
باغ فیض,90,1387,1,1,5.846438775057725
سعادت‌آباد,140,1390,1,1,6.7464121285733745
سوهانک,205,1392,1,1,6.734591659972948
پاسداران,90,1390,1,1,5.902633333401366
سعادت‌آباد,104,1389,1,1,6.621405651764134
شهر زیبا,60,1396,1,1,5.638354669333745
نیاوران,70,1399,1,1,6.493753839851686
ورامین,71,1386,0,1,4.330733340286331
نارمک جنوبی,50,1392,0,0,5.017279836814924
نیاوران,138,1390,1,1,7.0909098220799835
صادقیه,120,1399,1,1,6.329720905522696
سعادت‌آباد,75,1395,1,1,6.55250788703459
نیاوران,120,1394,1,1,6.634633357861686
هفت حوض,63,1383,0,0,5.327876168789581
خواجه نظام الملک,95,1398,1,1,5.993961427306569
جنت‌آباد مرکزی,116,1399,1,1,6.364750756851911
کامرانیه,180,1388,1,1,7.244941546337007
الهیه,170,1397,1,1,7.741099090035366
اندیشه,52,1396,0,0,4.2626798770413155
نارمک,104,1388,1,1,5.8805329864007
چیتگر,110,1399,1,1,6.311734809152915
ولنجک,270,1385,1,1,7.467942332285852
سهروردی,150,1375,0,0,5.929589143389895
سعادت‌آباد,200,1390,1,1,6.660575149839686
زعفرانیه,120,1391,1,1,6.90875477931522
جمال‌زاده,68,1394,1,1,5.564520407322694
شمس‌آباد,102,1393,1,1,6.206575926724928
اختیاریه,81,1396,1,1,6.398594934535208
شهر قدس,50,1397,0,1,4.007333185232471
شمس‌آباد,145,1386,0,1,6.255750041753367
صادقیه,70,1385,0,1,5.673323267171493
زعفرانیه,210,1398,1,1,7.346655163176539
کوی مهران,260,1398,1,1,7.696667081526462
دزاشیب,95,1399,1,1,6.7464121285733745
سعادت‌آباد,69,1389,1,0,6.580639137284949
کوی فردوس,65,1396,1,1,5.860786223465865
اباذر,70,1380,0,1,5.545177444479562
جنت‌آباد مرکزی,140,1396,1,1,6.634633357861686
پونک,85,1395,1,1,5.802118375377063
سعادت‌آباد,155,1398,1,1,7.346655163176539
شهرک غرب,100,1399,1,1,6.734591659972948
شهرک غرب,95,1387,1,1,6.478509642208569
مرزداران,100,1399,1,1,6.111467339502679
آذربایجان,70,1386,0,0,5.4638318050256105
جوادیه,80,1373,0,1,4.61512051684126
فاطمی,80,1391,1,1,6.175867270105761
ارم,65,1385,1,1,5.170483995038151
سعادت‌آباد,180,1393,1,1,7.201170883281678
پیروزی,50,1385,0,0,4.709530201312334
جردن,120,1380,0,1,5.916202062607435
پونک,60,1395,1,1,5.733341276897746
جنت‌آباد شمالی,150,1391,1,1,6.68586094706836
زعفرانیه,223,1397,1,1,7.467942332285852
شهریار,45,1390,0,0,4.034240638152395
میرداماد,145,1385,1,1,6.836259277277067
نیاوران,300,1397,1,1,8.412054873292933
ایرانشهر,60,1380,0,1,5.111987788356544
جردن,330,1381,1,1,7.313886831633462
نظام‌آباد,100,1399,1,1,5.916202062607435
فاطمی,220,1374,0,1,6.2166061010848646
قیطریه,130,1396,1,1,6.918695219020472
پردیس,112,1399,1,1,4.6443908991413725
فاطمی,95,1380,1,1,6.111467339502679
ازگل,130,1391,1,1,6.3818160174060985
تهرانپارس غربی,120,1375,0,0,5.860786223465865
تهرانپارس غربی,90,1396,1,1,5.5254529391317835
کوی فردوس,90,1390,1,1,5.69035945432406
پونک,95,1399,1,1,6.236369590203704
فرمانیه,170,1385,1,1,7.170888478512505
هروی,100,1385,1,1,6.077642243349034
جردن,190,1388,1,1,6.673297967767654
شهر ری - هاشم‌آباد,112,1399,1,1,5.017279836814924
ونک,71,1385,1,1,5.831882477283517
کوی فردوس,85,1388,1,1,5.916202062607435
پونک,125,1398,1,1,6.634633357861686
امیرآباد,145,1390,1,1,6.55250788703459
بهجت‌آباد,170,1380,1,1,6.7464121285733745
دریاچه شهدای خلیج فارس,138,1398,1,1,6.803505257608338
شهر زیبا,88,1388,0,1,5.755742213586912
پونک,100,1385,0,1,6.100318952020064
آجودانیه,133,1384,1,1,6.478509642208569
سعادت‌آباد,150,1388,1,1,6.566672429803241
دروازه شمیران,55,1385,0,0,5.214935757608986
ولنجک,130,1388,1,1,7.1316985104669115
جنت‌آباد شمالی,75,1388,0,1,5.673323267171493
نیاوران,108,1390,1,1,6.493753839851686
باغ فیض,100,1393,1,1,5.958424693029782
پونک,90,1395,1,1,6.018593214496234
سعادت‌آباد,190,1397,1,1,7.1785454837637
اباذر,85,1392,1,1,6.255750041753367
شاهین,60,1395,1,0,5.707110264748875
سعادت‌آباد,120,1397,1,1,6.7464121285733745
پاسداران,97,1382,0,1,5.62040086571715
فرمانیه,217,1391,1,1,5.860786223465865
تهرانپارس غربی,110,1380,0,1,5.4638318050256105
قیطریه,95,1380,0,0,5.993961427306569
سلسبیل,65,1392,1,1,5.484796933490655
کوی فردوس,75,1389,1,1,5.673323267171493
خواجه نصیر طوسی,92,1396,1,0,5.659482215759621
باغ فیض,75,1380,0,0,5.564520407322694
پونک,85,1386,0,1,5.75890177387728
قیطریه,220,1389,1,1,7.550135342488429
جردن,170,1391,1,1,6.566672429803241
زعفرانیه,250,1399,1,1,8.412054873292933
کوهک,140,1397,1,1,6.423246963533519
نیاوران,75,1388,0,1,6.311734809152915
سعادت‌آباد,100,1396,1,1,6.2166061010848646
ورامین,78,1399,1,1,4.787491742782046
شهر زیبا,85,1377,1,0,5.135798437050262
اباذر,100,1394,1,1,6.398594934535208
خاوران,40,1380,0,0,4.795790545596741
دکتر هوشیار,53,1388,0,0,5.017279836814924
استاد معین,72,1390,0,0,5.25227342804663
قیطریه,85,1385,1,1,6.431331081933479
الهیه,190,1395,1,1,7.696667081526462
لواسان,130,1389,0,1,6.55250788703459
قیطریه,120,1390,1,1,6.478509642208569
سازمان برنامه,62,1382,0,1,5.4116460518550396
پونک,75,1399,1,1,6.186208623900494
تهرانپارس غربی,85,1379,0,1,5.771441123130016
پونک,58,1399,1,1,5.771441123130016
کوی فردوس,57,1397,1,1,5.602118820879701
سهروردی,100,1385,1,1,5.831882477283517
سازمان برنامه,70,1392,1,1,5.739792912179234
شهرک غرب,88,1384,1,1,6.111467339502679
ظفر,90,1394,1,1,5.916202062607435
فرمانیه,235,1399,1,1,6.90875477931522
مرزداران,88,1394,1,1,6.19644412779452
دریاچه شهدای خلیج فارس,115,1391,1,1,5.8377304471659395
مرزداران,105,1397,1,1,6.398594934535208
میرداماد,200,1386,1,1,6.947937068614969
نیاوران,160,1395,1,1,7.00397413672268
شهرک غرب,155,1399,0,1,6.85751406254539
یوسف‌آباد,80,1395,1,1,6.398594934535208
هروی,195,1397,1,1,7.155396301896734
سعادت‌آباد,85,1390,1,1,6.364750756851911
سهروردی,130,1399,1,1,6.7464121285733745
باغ فیض,90,1388,0,1,5.993961427306569
سهروردی,150,1399,1,1,6.7464121285733745
ولنجک,250,1398,1,1,8.294299608857235
شهرک غرب,155,1399,1,1,7.030857476116121
زعفرانیه,180,1397,1,1,7.601402334583733
حشمتیه,135,1396,1,1,6.061456918928017
هزارسنگ,165,1399,1,1,6.803505257608338
سعادت‌آباد,130,1397,1,1,6.55250788703459
استخر,80,1388,1,1,5.771441123130016
پونک,80,1384,1,1,5.860786223465865
سعادت‌آباد,122,1398,1,1,6.85751406254539
دروس,350,1399,1,1,8.131824785007195
پونک,82,1396,1,1,5.981414211254481
نیاوران,360,1396,1,1,8.31898612539206
فرمانیه,170,1396,1,1,7.340186835320115
ونک,130,1390,1,1,6.580639137284949
هروی,100,1382,0,1,5.602118820879701
جنت‌آباد مرکزی,134,1399,1,1,6.55250788703459
فرمانیه,155,1392,1,1,6.8885724595653635
زعفرانیه,330,1390,1,1,8.006700845440367
ابوذر (منطقه ۱۵),58,1386,0,1,5.25227342804663
هروی,220,1399,1,1,7.696667081526462
گلاب دره,100,1398,1,1,6.018593214496234
شهرک نفت (منطقه ۵),62,1396,1,1,5.583496308781699
جردن,100,1399,1,1,6.431331081933479
سعادت‌آباد,170,1399,1,1,8.006700845440367
جنت‌آباد شمالی,80,1398,1,1,5.860786223465865
نارمک,65,1383,1,0,5.424950017481403
ظفر,75,1388,1,1,5.968707559985366
ازگل,72,1385,1,1,5.739792912179234
پونک,65,1385,0,1,5.375278407684165
الهیه,215,1386,1,1,7.650168700845001
حکیمیه,137,1399,1,1,6.329720905522696
پونک,130,1399,1,1,6.55250788703459
پونک,70,1380,0,1,5.420534999272286
مرزداران,123,1384,0,1,6.054439346269371
کرمان,58,1389,1,1,5.638354669333745
پاسداران,280,1380,1,1,7.467942332285852
دانشگاه علم و صنعت,74,1393,1,1,5.3981627015177525
شهرک غرب,145,1385,1,1,6.918695219020472
جردن,110,1389,1,1,6.329720905522696
ولنجک,205,1399,1,1,7.972810784121404
دروس,300,1387,1,1,8.301769763117166
نیاوران,208,1398,1,1,7.0909098220799835
مرزداران,101,1396,1,1,6.3473892096560105
کامرانیه,185,1382,0,1,6.85751406254539
نارمک,100,1384,0,1,6.089044875446846
کوی فردوس,93,1397,1,1,6.311734809152915
شریف‌آباد,120,1399,0,1,4.709530201312334
سازمان برنامه,80,1385,0,1,5.802118375377063
پونک,120,1395,1,1,6.3818160174060985
فرمانیه,220,1397,1,1,7.550135342488429
مرزداران,170,1375,0,1,6.55250788703459
کوی فردوس,90,1395,1,1,6.100318952020064
فرمانیه,140,1390,1,1,6.7464121285733745
دروس,120,1399,1,1,6.803505257608338
شهر زیبا,87,1399,1,1,6.089044875446846
ونک,170,1363,1,1,7.170888478512505
حکیمیه,90,1397,1,1,5.860786223465865
کوی فراز,240,1389,1,1,7.601402334583733
جیحون,65,1390,1,1,5.351858133476067
ونک,85,1399,1,1,6.621405651764134
شهر قدس,130,1390,0,1,4.948759890378168
پاسداران,130,1395,1,1,6.3818160174060985
دزاشیب,180,1399,1,1,7.438971592395862
تهرانپارس شرقی,49,1387,0,1,5.081404364984463
جنت‌آباد جنوبی,65,1388,1,1,5.831882477283517
قیطریه,70,1397,1,1,6.621405651764134
فرمانیه,270,1390,1,1,7.523481312573497
جنت‌آباد مرکزی,87,1390,1,1,5.860786223465865
ستارخان,55,1389,1,1,5.5254529391317835
هروی,95,1397,1,1,6.274762021241939
دروس,400,1380,0,1,7.937731775260109
شهر زیبا,90,1393,1,1,5.860786223465865
جنت‌آباد شمالی,200,1399,1,1,7.030857476116121
جنت‌آباد مرکزی,135,1392,1,1,6.621405651764134
فرمانیه,180,1392,1,1,7.266128779556451
سعادت‌آباد,85,1389,1,1,6.364750756851911
تهران‌سر,85,1394,1,1,5.521460917862246
قیطریه,130,1399,1,1,6.78105762593618
قیطریه,120,1399,1,1,6.68586094706836
ولنجک,210,1396,1,1,7.844240718141811
زعفرانیه,180,1399,1,1,7.467942332285852
ونک,125,1383,0,0,5.968707559985366
قیطریه,125,1396,1,1,6.501289670540389
تهران‌نو,83,1385,0,1,5.4638318050256105
حسین‌آباد,120,1395,1,1,6.329720905522696
کوهک,112,1399,1,1,6.311734809152915
سعادت‌آباد,115,1385,0,0,6.311734809152915
باغ فیض,72,1386,1,1,5.303304908059076
سیدخندان,115,1398,1,1,6.39024066706535
درب دوم,155,1397,1,1,7.147559271189454
دریاچه شهدای خلیج فارس,114,1395,1,1,5.993961427306569
ولنجک,100,1386,1,1,6.621405651764134
شهر زیبا,90,1392,1,1,5.993961427306569
مرزداران,140,1395,1,1,6.698268054115413
سنایی,160,1373,1,1,6.46302945692067
الهیه,275,1393,1,1,7.601402334583733
الهیه,350,1396,1,1,8.160803920954665
میرداماد,110,1399,1,1,6.621405651764134
سهروردی,145,1380,0,1,6.398594934535208
الهیه,240,1398,1,1,7.919719760924575
اوقاف,87,1395,1,1,5.831882477283517
دروس,118,1392,1,1,6.46302945692067
پونک,70,1396,1,1,5.802118375377063
قیطریه,115,1397,1,1,6.621405651764134
مرزداران,167,1398,1,1,7.32052696227274
فرمانیه,220,1393,1,1,7.1316985104669115
سعادت‌آباد,300,1399,1,1,8.294299608857235
ظفر,130,1391,1,1,6.803505257608338
سعادت‌آباد,120,1398,1,1,7.048386408721883
پونک,70,1388,0,1,5.3981627015177525
جنت‌آباد مرکزی,135,1389,1,1,6.313548046277095
تهرانپارس غربی,58,1380,0,0,4.983606621708336
شمس‌آباد,86,1386,1,1,5.583496308781699
شهرک غرب,90,1380,0,0,6.236369590203704
فرمانیه,360,1390,1,1,7.804251383528112
تهران‌سر,60,1383,0,1,5.14166355650266
استاد معین,56,1397,1,0,5.225746673713202
دروس,300,1385,1,1,6.2166061010848646
چیتگر,150,1399,1,1,6.311734809152915
مسعودیه,92,1399,1,1,5.69035945432406
پیروزی,50,1390,0,0,4.836281906951478
الهیه,240,1394,1,1,7.741099090035366
نیاوران,200,1397,1,1,7.3783837129967145
کوی فردوس,118,1399,1,1,6.373319789577012
فرمانیه,210,1399,1,1,8.11701408773731
پیروزی,65,1397,1,1,5.327876168789581
حکیمیه,110,1397,1,1,5.942799375126701
میرداماد,120,1399,1,1,6.634633357861686
نیرو هوایی,75,1391,0,0,5.438079308923196
شهرک راه‌آهن,110,1393,0,1,5.993961427306569
پونک,65,1394,1,1,5.583496308781699
تهرانپارس غربی,100,1390,1,1,6.111467339502679
سوهانک,130,1382,1,1,6.452048954437226
سهروردی,200,1363,1,1,7.00397413672268
شهرک راه‌آهن,146,1392,0,1,6.2166061010848646
جنت‌آباد جنوبی,140,1396,1,1,6.46302945692067
الهیه,200,1380,1,1,7.3783837129967145
ظفر,148,1380,0,1,6.0063531596017325
سعادت‌آباد,110,1395,1,1,6.85751406254539
ظفر,60,1398,0,0,5.327876168789581
اختیاریه,185,1399,1,1,7.427144133408616
تجریش,220,1385,1,1,6.7464121285733745
باغ فیض,90,1384,0,1,5.968707559985366
زعفرانیه,240,1395,1,1,7.762596048540069
قیطریه,110,1385,1,1,6.329720905522696
جنت‌آباد جنوبی,65,1382,0,1,5.472270673671475
قیطریه,110,1387,1,1,6.406879986069314
شهرک پرواز,68,1385,0,0,5.60947179518496
جنت‌آباد مرکزی,125,1392,1,1,6.364750756851911
دروس,72,1386,1,0,5.564520407322694
جنت‌آباد مرکزی,108,1388,1,1,6.274762021241939
کوی فردوس,232,1399,1,1,7.496097345175956
آجودانیه,220,1384,0,1,7.170888478512505
آذربایجان,53,1385,1,1,4.983606621708336
شمس‌آباد,100,1389,1,1,5.860786223465865
الهیه,240,1399,1,1,7.901377353792616
جیحون,60,1396,1,1,5.25227342804663
فرمانیه,101,1394,1,1,6.55250788703459
جنت‌آباد جنوبی,65,1381,0,0,5.545177444479562
نارمک جنوبی,50,1389,0,0,4.983606621708336
تهرانپارس غربی,96,1399,1,1,6.077642243349034
کوی فردوس,100,1395,1,1,6.089044875446846
شهرک غرب,105,1393,1,1,6.55250788703459
فاطمی,92,1399,1,1,6.398594934535208
الهیه,320,1390,1,1,7.824445930877619
سعادت‌آباد,140,1385,1,1,6.803505257608338
قیطریه,140,1390,1,1,6.46302945692067
نیرو هوایی,70,1399,1,1,5.802118375377063
پونک,130,1399,1,1,6.641182169740591
الهیه,310,1393,1,1,7.824445930877619
الهیه,270,1393,1,1,7.67368812926773
هروی,125,1397,1,1,6.85751406254539
نیرو هوایی,100,1385,0,1,5.707110264748875
مجیدیه,51,1382,0,0,4.990432586778736
نیاوران,202,1398,1,1,7.462214939768189
هروی,90,1396,1,1,5.4847981783031585
هروی,60,1388,1,1,5.707110264748875
نیاوران,215,1390,1,1,7.313886831633462
جماران,200,1395,1,1,7.01301578963963
زعفرانیه,240,1398,1,1,7.972810784121404
جردن,135,1388,1,1,6.493753839851686
سعادت‌آباد,133,1390,1,1,6.7580945044277305
قیطریه,150,1388,1,1,6.641182169740591
جنت‌آباد جنوبی,65,1389,0,0,5.5093883366279774
فاطمی,101,1390,1,1,6.364750756851911
ارامنه,70,1398,1,1,5.303304908059076
جنت‌آباد مرکزی,125,1389,1,1,6.364750756851911
کوی فردوس,76,1395,1,1,5.707110264748875
پونک,120,1395,1,1,6.621405651764134
پاسداران,250,1399,1,1,7.901377353792616
باغ فیض,60,1382,1,1,5.351858133476067
نارمک,85,1390,1,0,5.638354669333745
باغ فیض,90,1399,1,1,6.154858094016418
پونک,80,1399,1,1,6.154858094016418
شهرک نفت (منطقه ۱),125,1393,1,1,6.68586094706836
ولنجک,120,1393,1,1,6.957497370876951
پونک,135,1399,1,1,6.836259277277067
پردیس,100,1393,1,1,5.0106352940962555
اباذر,106,1385,1,1,6.274762021241939
دروس,128,1395,1,1,6.7464121285733745
صادقیه,112,1392,1,1,6.206575926724928
پونک,111,1399,1,1,6.206575926724928
پرند,61,1395,1,1,3.828641396489095
تهرانپارس غربی,50,1387,0,0,5.198497031265826
شهرک تختی,50,1385,0,0,4.110873864173311
جنت‌آباد شمالی,110,1396,1,1,6.1224928095143865
دریاچه شهدای خلیج فارس,110,1397,1,1,6.19644412779452
مرزداران,85,1397,1,1,6.133398042996649
سهروردی,110,1399,1,1,7.0909098220799835
تهران‌سر,52,1383,0,1,4.795790545596741
جردن,224,1375,0,0,6.68586094706836
سعادت‌آباد,115,1390,1,1,6.55250788703459
جردن,202,1385,0,1,6.803505257608338
سعادت‌آباد,97,1388,0,1,5.993961427306569
نیاوران,270,1397,1,1,7.438971592395862
پاسداران,200,1386,1,1,6.985641817639208
شهرک غرب,115,1394,1,1,6.621405651764134
ولنجک,178,1385,1,1,7.00397413672268
قیطریه,85,1396,1,1,6.621405651764134
استاد معین,120,1375,1,1,5.424950017481403
پونک,170,1390,1,1,6.478509642208569
قیطریه,85,1397,1,1,6.398594934535208
سعادت‌آباد,165,1397,1,1,6.8679744089702925
زرگنده,198,1386,1,1,6.621405651764134
سعادت‌آباد,148,1395,1,1,7.313886831633462
سوهانک,210,1392,1,1,6.90875477931522
شوش,74,1386,0,0,5.198497031265826
شهر زیبا,120,1399,1,1,6.415096959171596
یوسف‌آباد,75,1384,0,0,5.583496308781699
الهیه,135,1394,1,1,7.313886831633462
ولنجک,95,1392,1,1,6.634633357861686
دزاشیب,160,1399,1,1,7.00397413672268
زعفرانیه,120,1391,1,1,6.78105762593618
کوی فردوس,120,1395,1,1,6.53813982376767
ولنجک,145,1395,1,1,7.0909098220799835
امامزاده قاسم,312,1399,1,1,8.517393171418904
نیاوران,200,1395,1,1,7.057036981697891
باغ فیض,90,1390,1,1,5.802118375377063
فرمانیه,310,1396,1,1,8.412054873292933
سعادت‌آباد,95,1393,1,1,6.364750756851911
امیرآباد,144,1395,1,1,7.123672785204607
پونک,76,1390,1,1,5.545177444479562
شهران شمالی,110,1399,1,1,6.594413459749778
فرمانیه,240,1387,1,1,7.1316985104669115
طرشت,90,1392,1,1,5.932245187448011
درکه,180,1387,1,1,7.00397413672268
دروس,275,1395,1,1,7.484930283289661
فرمانیه,150,1397,1,1,7.576097340623111
پیروزی,84,1390,1,1,5.831882477283517
فرمانیه,290,1389,1,1,7.550135342488429
نواب,40,1389,0,0,4.454347296253507
پاسداران,95,1394,1,1,6.236369590203704
شهر زیبا,65,1386,1,1,5.638354669333745
تهران‌سر,55,1388,0,1,5.198497031265826
اندیشه,53,1393,0,0,4.394449154672439
کوی فردوس,95,1397,1,1,6.311734809152915
آبشار تهران,114,1399,1,1,6.018593214496234
سوهانک,90,1385,0,0,5.602118820879701
قیطریه,110,1393,1,1,6.493753839851686
طرشت,105,1392,1,1,5.641907070938114
آذربایجان,61,1383,0,1,5.303304908059076
شهرک شریعتی,100,1397,1,1,5.5093883366279774
زعفرانیه,140,1390,1,1,7.244941546337007
دهکده المپیک,107,1398,1,1,6.111467339502679
کوی فردوس,90,1397,1,1,6.113682179832232
سعادت‌آباد,200,1398,1,1,7.1785454837637
سعادت‌آباد,140,1394,1,1,6.90875477931522
میرداماد,150,1386,1,1,6.8885724595653635
ونک,40,1395,1,0,5.049856007249537
مرزداران,160,1393,1,1,6.415096959171596
الهیه,148,1393,1,1,7.00397413672268
شهر زیبا,105,1391,1,1,5.942799375126701
سنگلج,130,1363,0,1,6.111467339502679
فرمانیه,185,1388,1,1,7.1316985104669115
هروی,120,1385,1,1,6.493753839851686
سهروردی,65,1388,1,1,5.3981627015177525
الهیه,380,1399,1,1,8.682877107057168
اکباتان,176,1371,1,1,6.478509642208569
مسعودیه,51,1392,0,1,4.2626798770413155
مجیدیه,52,1395,0,0,5.017279836814924
هروی,65,1387,1,0,5.655991810819852
الهیه,150,1390,1,1,7.039660349862076
پیروزی,50,1389,1,1,4.564348191467836
زعفرانیه,300,1399,1,1,7.972810784121404
سعادت‌آباد,137,1385,0,0,6.133398042996649
نارمک جنوبی,55,1397,1,1,5.2832037287379885
اندیشه,65,1396,1,0,4.795790545596741
نیاوران,75,1372,0,1,5.771441123130016
سعادت‌آباد,95,1390,1,1,6.478509642208569
صادقیه,78,1384,0,0,5.382198850528739
جردن,90,1399,1,1,6.608000625296087
پونک,102,1399,1,1,6.3818160174060985
سعادت‌آباد,95,1386,1,1,6.274762021241939
اندیشه,70,1390,0,1,4.836281906951478
زعفرانیه,350,1385,1,1,7.601402334583733
قیطریه,150,1397,1,1,6.53813982376767
جردن,130,1388,1,1,6.329720905522696
زعفرانیه,240,1396,1,1,7.307202314764738
کاروان,87,1395,1,0,5.303304908059076
نیرو هوایی,85,1399,1,1,6.042632833682381
گمرک,55,1396,0,0,4.836281906951478
اقدسیه,200,1399,1,1,7.762596048540069
فرمانیه,225,1380,0,1,7.00397413672268
فرمانیه,250,1391,1,1,7.696667081526462
جردن,120,1385,1,1,6.154858094016418
سلسبیل,70,1396,1,0,5.081404364984463
شهرک غرب,155,1387,0,1,6.3818160174060985
فرمانیه,150,1395,1,1,6.85751406254539
الهیه,270,1397,1,1,7.783640596221253
نیاوران,170,1388,0,1,6.478509642208569
میرداماد,140,1389,1,1,6.364750756851911
میرداماد,110,1385,1,1,6.398594934535208
الهیه,340,1386,1,1,8.35490952835879
پونک,150,1399,1,1,6.985641817639208
کوی فردوس,68,1385,0,1,5.638354669333745
زعفرانیه,170,1385,1,1,6.752270376141742
سیدخندان,150,1363,0,1,6.066108090103747
ظفر,120,1380,0,1,6.19644412779452
تهران‌سر,70,1396,1,1,5.5254529391317835
زعفرانیه,240,1392,1,1,8.006700845440367
قیطریه,117,1388,1,1,6.55250788703459
شهر ری - اقدسیه,110,1399,1,1,5.993961427306569
سهروردی,100,1387,1,1,6.398594934535208
ولنجک,100,1392,1,1,7.0909098220799835
ظفر,60,1380,0,0,5.459585514144159
پردیس,87,1398,1,1,4.248495242049359
تهران‌سر,72,1388,1,1,5.4680601411351315
سعادت‌آباد,160,1388,1,1,6.621405651764134
شهرک غرب,160,1377,1,1,6.90875477931522
پرستار,105,1399,1,1,6.19644412779452
قیطریه,150,1399,1,1,6.734591659972948
افسریه,72,1390,0,1,5.442417710521793
چیتگر,90,1399,1,1,6.398594934535208
تهرانپارس غربی,105,1396,1,1,6.398594934535208
محمودیه,175,1385,1,1,6.608000625296087
زعفرانیه,230,1399,1,1,8.294299608857235
سعادت‌آباد,170,1383,1,1,6.90875477931522
نیاوران,220,1398,1,1,8.006700845440367
زعفرانیه,120,1390,1,1,6.398594934535208
شهرک غرب,155,1385,0,1,6.415096959171596
آجودانیه,300,1395,1,1,8.006700845440367
سعادت‌آباد,115,1385,1,1,6.621405651764134
آبشار تهران,96,1399,1,1,5.802118375377063
کوی فردوس,70,1390,1,1,5.802118375377063
تهرانپارس غربی,185,1384,1,1,6.3818160174060985
کوهک,120,1394,1,1,6.19644412779452
دریاچه شهدای خلیج فارس,102,1399,1,1,5.8888779583328805
جنت‌آباد مرکزی,73,1385,1,1,5.993961427306569
کامرانیه,170,1397,1,1,7.215975002651466
پونک,85,1390,1,1,5.993961427306569
باغ فیض,65,1390,1,1,5.564520407322694
شهران جنوبی,107,1390,1,1,6.398594934535208
پونک,89,1385,0,1,5.993961427306569
آذربایجان,120,1399,1,1,6.2166061010848646
پونک,70,1384,1,0,5.860786223465865
سیدخندان,110,1378,0,0,6.2166061010848646
سلسبیل,57,1385,0,0,4.897839799950911
سعادت‌آباد,150,1391,1,1,6.90875477931522
الهیه,147,1397,1,1,7.0909098220799835
فرمانیه,380,1392,1,1,8.006700845440367
فاطمی,55,1399,1,1,5.981414211254481
باغ فیض,90,1397,1,1,5.771441123130016
سعادت‌آباد,70,1385,1,1,5.831882477283517
پیروزی,71,1390,0,1,5.556828061699537
جنت‌آباد مرکزی,70,1385,0,1,5.225746673713202
پونک,54,1382,0,1,4.875197323201151
دروس,250,1399,1,1,7.95892649305011
دربند,83,1388,0,0,5.25227342804663
حکیمیه,80,1399,1,0,5.860786223465865
نیاوران,220,1399,1,1,7.901377353792616
محمودیه,108,1393,1,1,6.398594934535208
الهیه,107,1393,1,1,7.01301578963963
شهرک غرب,130,1387,1,1,6.493753839851686
زعفرانیه,120,1393,1,1,6.792344427470809
کوی فردوس,115,1399,1,1,6.53813982376767
چیذر,170,1397,1,1,7.244941546337007
نیاوران,142,1375,0,1,6.769641976852503
نیرو هوایی,108,1380,0,0,5.707110264748875
سهروردی,114,1399,1,1,6.508769136971682
شهرک غرب,138,1385,0,1,6.398594934535208
پاسداران,280,1395,1,1,7.484930283289661
کوی فردوس,80,1385,1,1,5.484796933490655
جردن,250,1386,1,1,7.170888478512505
شیخ هادی,105,1380,0,0,5.442417710521793
تهران‌ویلا,55,1399,1,1,5.831882477283517
کوی فردوس,59,1384,0,0,5.187385805840755
سعادت‌آباد,160,1386,1,1,6.523562306149512
زعفرانیه,230,1381,1,1,7.3783837129967145
شهید دستغیب,50,1393,1,1,4.762173934797756
ابوذر (منطقه ۱۵),138,1375,0,0,5.860786223465865
سازمان برنامه,95,1395,1,1,6.042632833682381
کوی فردوس,82,1399,1,1,5.902633333401366
جنت‌آباد مرکزی,110,1387,1,1,6.2166061010848646
زعفرانیه,203,1380,1,1,7.467942332285852
کوی فردوس,65,1387,1,1,5.170483995038151
فاطمی,70,1380,0,0,5.723585101952381
تهران‌سر,80,1399,1,1,5.5254529391317835
تهرانپارس شرقی,94,1399,1,1,5.860786223465865
امیریه,50,1384,0,0,4.61512051684126
سعادت‌آباد,180,1383,1,1,7.00397413672268
سعادت‌آباد,138,1398,1,1,6.85751406254539
اباذر,108,1384,1,1,6.017375928892483
شهرک ولیعصر,50,1378,0,0,4.465908118654584
نظام‌آباد,85,1397,1,1,5.37989735354046
باغ فیض,100,1399,1,1,6.364750756851911
قیطریه,195,1399,1,1,7.601402334583733
پونک,115,1386,0,1,5.755742213586912
شهر ری - استخر,145,1399,1,1,6.2166061010848646
شهرک غرب,90,1394,1,1,6.478509642208569
سازمان برنامه,115,1393,1,1,6.311734809152915
ولنجک,125,1386,1,1,6.3818160174060985
شهران شمالی,96,1399,1,1,6.329720905522696
دروس,135,1389,1,1,6.803505257608338
پونک,82,1391,1,1,6.133398042996649
قیطریه,120,1389,1,1,6.478509642208569
جنت‌آباد جنوبی,75,1387,0,1,5.3706380281276624
سعادت‌آباد,140,1384,1,1,7.00397413672268
اختیاریه,100,1392,1,1,6.311734809152915
سعادت‌آباد,115,1398,1,1,7.244941546337007
فیروزآبادی,70,1391,0,0,4.808111029984782
نارمک,130,1380,0,0,5.993961427306569
فرمانیه,240,1381,1,1,7.2868764117507
زعفرانیه,210,1396,1,1,7.937731775260109
پردیس,86,1396,1,0,4.51085950651685
نیاوران,180,1396,1,1,7.783640596221253
تهرانپارس غربی,87,1380,1,0,5.25227342804663
اباذر,195,1399,1,1,7.62608275807238
جردن,105,1395,1,1,6.803505257608338
شهرک شریفی,40,1397,0,0,4.330733340286331
نارمک,130,1391,1,1,6.236369590203704
جردن,165,1388,1,1,6.803505257608338
جنت‌آباد جنوبی,65,1388,0,1,5.14166355650266
سعادت‌آباد,140,1390,1,1,6.93828448401696
طرشت,80,1392,0,1,5.655991810819852
اقدسیه,90,1396,1,1,6.364750756851911
پیروزی,60,1384,0,0,5.049856007249537
سعادت‌آباد,160,1389,1,1,7.0909098220799835
دارآباد,210,1397,1,1,7.170888478512505
میرداماد,123,1390,1,1,6.621405651764134
نیاوران,160,1396,1,1,6.93828448401696
نظام‌آباد,140,1399,1,1,6.175867270105761
نیاوران,150,1395,1,1,7.048386408721883
جنت‌آباد مرکزی,135,1396,1,1,6.621405651764134
جنت‌آباد شمالی,122,1390,0,1,5.968707559985366
فرمانیه,500,1388,1,1,8.294299608857235
تجریش,90,1399,1,1,6.2166061010848646
اقدسیه,85,1395,1,1,5.916202062607435
پاسداران,250,1399,1,1,7.601402334583733
سیدخندان,100,1383,1,1,6.175867270105761
الهیه,185,1392,1,1,7.601402334583733
اراج,150,1396,1,1,6.566672429803241
زعفرانیه,120,1392,1,1,6.883462586413092
قیطریه,150,1363,0,0,6.90875477931522
مجیدیه,70,1390,0,0,5.303304908059076
کوی فردوس,110,1385,1,1,6.3473892096560105
هروی,86,1398,1,1,5.993961427306569
میرداماد,95,1387,1,1,6.129050210060545
رودهن,95,1397,1,1,5.181783550292085
مرزداران,86,1395,1,1,5.942799375126701
اندیشه,70,1393,0,1,4.919980925828125
زعفرانیه,170,1392,1,1,6.846943139585379
سوهانک,200,1384,1,1,7.00397413672268
پاسداران,215,1399,1,1,7.601402334583733
دریاچه شهدای خلیج فارس,137,1398,1,1,6.311734809152915
فاطمی,100,1389,1,1,6.364750756851911
الهیه,335,1380,1,1,8.071218539969863
شهرک صدرا,145,1396,1,1,5.351859081342916
مرزداران,165,1393,1,1,6.493753839851686
پیروزی,41,1396,1,1,4.948759890378168
سیدخندان,90,1363,0,1,5.993961427306569
الهیه,135,1380,1,1,6.608000625296087
تهرانپارس شرقی,65,1393,1,1,5.049856007249537
بهار,81,1387,1,1,5.484796933490655
اقدسیه,139,1385,1,1,6.478509642208569
فرمانیه,90,1397,1,1,6.803505257608338
کوی فردوس,120,1385,1,1,6.208590026096629
ولنجک,100,1397,1,1,6.803505257608338
سعادت‌آباد,115,1389,1,1,6.621405651764134
تهران‌نو,150,1399,1,1,6.803505257608338
اندیشه,80,1392,0,1,4.948759890378168
جنت‌آباد جنوبی,98,1395,1,1,6.311734809152915
سبلان,65,1399,1,1,5.351858133476067
ارم,45,1385,0,0,5.176149732573829
ولنجک,185,1395,1,1,7.523481312573497
تجریش,115,1387,1,1,6.621405651764134
نارمک,65,1393,1,1,5.605802066295998
نیاوران,180,1385,1,1,7.313886831633462
مشیریه,45,1380,0,1,4.61512051684126
دربند,105,1395,1,1,6.255750041753367
بهار,90,1399,1,1,6.19644412779452
باغ فیض,70,1385,0,1,5.655991810819852
فرمانیه,350,1392,1,1,7.989899374942939
نیاوران,290,1399,1,1,7.762596048540069
تهرانپارس غربی,70,1380,0,1,5.5053315359323625
جنت‌آباد جنوبی,165,1383,0,1,6.398594934535208
محمودیه,150,1379,0,1,7.496097345175956
نیاوران,220,1385,1,1,6.8885724595653635
دربند,75,1363,0,0,5.638354669333745
نیرو هوایی,81,1384,1,1,5.697093486505405
فرمانیه,100,1390,1,1,6.90875477931522
ولنجک,165,1398,1,1,7.0909098220799835
باغ فیض,75,1390,0,1,5.5254529391317835
باغ فیض,90,1384,0,1,5.993961427306569
نواب,51,1385,0,0,4.983606621708336
دریاچه شهدای خلیج فارس,135,1399,1,1,6.311734809152915
سعادت‌آباد,170,1390,1,1,6.447305862541213
جردن,90,1398,1,1,6.68586094706836
نیاوران,115,1395,1,1,6.478509642208569
کوی فردوس,112,1397,1,1,6.53813982376767
دزاشیب,150,1399,1,1,7.00397413672268
جنت‌آباد جنوبی,133,1395,1,1,6.364750756851911
شمس‌آباد,95,1392,1,1,6.269096283706261
کامرانیه,211,1395,1,1,7.496097345175956
منیریه,140,1398,1,1,6.523562306149512
نیاوران,540,1391,1,1,8.77971129020447
چیتگر,80,1392,1,0,5.638354669333745
قلهک,156,1382,0,1,7.00397413672268
ستارخان,110,1399,1,1,6.398594934535208
کوی فردوس,170,1399,1,1,6.710523109452428
مرزداران,75,1392,1,1,5.303304908059076
نارمک,95,1395,1,0,5.942799375126701
کوی بیمه,60,1392,1,1,5.638354669333745
تهرانپارس شرقی,72,1391,1,1,5.602118820879701
جنت‌آباد جنوبی,180,1399,1,1,7.0909098220799835
پونک,85,1384,0,1,5.673323267171493
سعادت‌آباد,115,1380,0,1,6.329720905522696
کاشانک,150,1393,1,1,7.244941546337007
پونک,70,1389,0,1,5.4638318050256105
قیطریه,120,1398,1,1,6.803505257608338
نیاوران,148,1393,1,1,7.244941546337007
دربند,90,1392,1,1,6.2166061010848646
طرشت,127,1388,1,1,6.29156913955832
قلهک,75,1398,1,1,6.144185634125646
سعادت‌آباد,190,1399,1,1,7.696667081526462
نواب,50,1385,0,1,4.919980925828125
نعمت‌آباد,70,1390,0,0,4.61512051684126
حکیمیه,95,1397,1,1,5.993961427306569
شهریار,40,1394,1,0,4.02535169073515
شیان,130,1395,1,1,6.621405651764134
دریاچه شهدای خلیج فارس,91,1399,1,1,6.077642243349034
هروی,90,1399,1,1,6.621405651764134
ولنجک,135,1399,1,1,7.313886831633462
زعفرانیه,150,1395,1,1,7.313886831633462
قیطریه,185,1390,1,1,6.90875477931522
پونک,75,1394,1,1,5.655991810819852
کامرانیه,180,1395,1,1,7.3783837129967145
شاهین,140,1394,1,1,6.398594934535208
نیرو هوایی,65,1384,1,1,5.484796933490655
جردن,140,1383,1,1,6.364750756851911
حکیمیه,100,1398,1,1,6.111467339502679
خلیج فارس,60,1394,1,1,4.836281906951478
پونک,65,1389,0,0,5.198497031265826
ستارخان,72,1395,1,0,6.066108090103747
امیرآباد,60,1399,1,1,5.860786223465865
الهیه,325,1392,1,1,7.901377353792616
پاسداران,160,1399,1,1,7.244941546337007
ولنجک,165,1388,1,1,7.696667081526462
جوانمرد قصاب,96,1396,1,1,5.831882477283517
کاظم‌آباد,73,1388,0,0,5.225746673713202
جنت‌آباد جنوبی,75,1395,1,1,5.602118820879701
سعادت‌آباد,105,1389,1,1,6.111467339502679
دریا,200,1382,0,1,6.8885724595653635
قیطریه,95,1385,0,0,5.993961427306569
ونک,55,1387,0,0,5.69035945432406
نیاوران,350,1397,1,1,8.366602832783736
زعفرانیه,280,1397,1,1,8.160803920954665
سازمان برنامه,100,1385,1,1,5.993961427306569
دهقان,65,1398,1,1,5.327876168789581
نیاوران,200,1394,1,1,7.901377353792616
طرشت,100,1385,1,1,5.4638318050256105
کامرانیه,190,1399,1,1,7.783640596221253
کرمان,55,1394,0,1,5.327876168789581
شهرک غرب,120,1384,0,1,6.133398042996649
دارآباد,60,1386,0,0,5.655991810819852
شهران شمالی,160,1398,1,1,6.634633357861686
شهران شمالی,75,1380,1,1,5.351858133476067
نارمک,105,1388,1,1,5.942799375126701
نظام‌آباد,43,1395,0,1,4.709530201312334
پاسداران,240,1395,1,1,7.467942332285852
دروس,160,1387,1,1,6.478509642208569
پیروزی,50,1393,1,1,5.303304908059076
نیاوران,120,1397,1,1,7.208600337960199
کوی فردوس,85,1396,1,1,5.655991810819852
شهرک نفت (منطقه ۵),115,1386,0,1,5.811140992976701
سعادت‌آباد,98,1394,1,1,6.246106765481563
گیشا (کوی نصر),100,1395,1,1,6.439350371100098
پونک,65,1383,0,0,5.0689042022202315
پردیس,87,1396,1,1,4.709530201312334
هروی,110,1394,1,1,6.55250788703459
سعادت‌آباد,80,1387,1,1,5.62040086571715
جوادیه تهرانپارس,105,1375,0,1,5.707110264748875
قلمستان,55,1377,0,1,4.77912349311153
زعفرانیه,270,1386,1,1,7.67368812926773
فرمانیه,100,1396,1,1,6.8679744089702925
ونک,143,1385,1,1,6.7580945044277305
شهرک راه‌آهن,110,1399,1,1,6.478509642208569
پیروزی,65,1391,0,0,5.25227342804663
آذری,54,1380,0,0,4.836281906951478
زعفرانیه,200,1398,1,1,7.244941546337007
تهرانپارس شرقی,90,1398,1,1,5.8664680569332965
پونک,78,1385,0,0,5.303304908059076
دریاچه شهدای خلیج فارس,135,1399,1,1,6.673297967767654
سعادت‌آباد,180,1390,1,1,7.048386408721883
پردیس,87,1398,1,1,4.51085950651685
شمس‌آباد,85,1385,0,1,5.802118375377063
شهر زیبا,85,1389,0,1,5.655991810819852
تجریش,90,1399,1,1,6.329720905522696
هروی,100,1399,1,1,6.470799503782602
امام حسین(ع),70,1399,1,1,5.484796933490655
شهر زیبا,78,1394,1,1,5.739792912179234
تهرانپارس غربی,100,1392,1,1,6.0330862217988015
مرزداران,190,1399,1,1,7.00397413672268
ازگل,73,1386,1,1,5.739792912179234
الهیه,210,1390,1,1,7.0909098220799835
تهرانپارس شرقی,100,1385,0,1,5.707110264748875
اقدسیه,170,1397,1,1,7.244941546337007
تهرانپارس غربی,110,1390,1,0,6.175867270105761
ولنجک,210,1395,1,1,7.937731775260109
ولنجک,300,1393,1,1,7.696667081526462
کوی فردوس,105,1395,1,1,6.447305862541213
پونک,85,1396,1,1,5.723585101952381
پونک,140,1379,0,1,6.415096959171596
اقدسیه,280,1396,1,1,8.101980731853192
الهیه,160,1396,1,1,7.0909098220799835
شهرک غرب,140,1382,1,1,6.90875477931522
هروی,90,1399,1,1,6.478509642208569
گیشا (کوی نصر),95,1393,1,1,6.066108090103747
ولنجک,320,1389,1,1,7.8826922062890254
ستارخان,110,1397,1,1,6.133398042996649
ستارخان,125,1399,1,1,6.508769136971682
میرداماد,95,1390,1,1,6.154858094016418
میرداماد,60,1390,1,0,5.739792912179234
بلوار کشاورز,120,1380,0,1,6.111467339502679
نیرو هوایی,70,1385,0,1,5.5254529391317835
سوهانک,90,1390,1,1,5.87493073085203
زعفرانیه,107,1394,1,1,6.398594934535208
قلهک,100,1393,1,1,6.523562306149512
هروی,197,1397,1,1,7.1316985104669115
یوسف‌آباد,85,1393,1,1,6.478509642208569
سازمان برنامه,85,1396,1,1,5.942799375126701
الهیه,220,1390,1,1,7.650168700845001
یوسف‌آباد,120,1392,1,1,6.19644412779452
آجودانیه,82,1395,1,1,6.311734809152915
نیرو هوایی,135,1383,0,1,5.849324779946859
شهرک غرب,135,1391,1,1,6.734591659972948
شمس‌آباد,58,1393,1,0,5.327876168789581
دریاچه شهدای خلیج فارس,125,1393,1,1,6.154858094016418
پاسداران,170,1398,1,1,7.403061091090091
پونک,75,1389,1,1,5.545177444479562
منیریه,65,1384,0,0,5.351858133476067
دروس,130,1397,1,1,7.313886831633462
شهرک غرب,110,1399,1,1,7.039660349862076
میرداماد,120,1381,0,1,6.478509642208569
شهرک غرب,135,1394,1,1,6.68586094706836
سعادت‌آباد,80,1389,1,1,6.329720905522696
کوی فردوس,91,1390,1,1,5.963579343618446
شهران شمالی,120,1395,1,1,6.274762021241939
سعادت‌آباد,120,1394,1,1,6.8885724595653635
زعفرانیه,110,1390,1,1,6.373319789577012
دریا,50,1389,1,1,5.993961427306569
جلفا,70,1388,1,1,5.69035945432406
ستارخان,60,1396,1,1,5.517452896464707
حکمت,45,1385,0,0,5.327876168789581
پونک,90,1390,0,1,5.993961427306569
منیریه,60,1396,1,0,5.017279836814924
پونک,58,1393,1,1,5.484796933490655
ولنجک,85,1385,1,1,6.2166061010848646
سهروردی,200,1385,1,1,6.90875477931522
جردن,125,1387,1,1,6.329720905522696
نیرو هوایی,110,1385,0,0,5.327876168789581
ولنجک,150,1392,1,1,7.313886831633462
پونک,85,1385,1,1,6.2166061010848646
گیشا (کوی نصر),130,1392,1,1,6.669498089857879
ولنجک,125,1386,1,1,6.329720905522696
سهروردی,90,1363,0,0,5.638354669333745
سهروردی,145,1380,0,1,6.55250788703459
اختیاریه,80,1399,1,1,6.478509642208569
میرداماد,135,1382,1,1,6.478509642208569
خواجه نظام الملک,135,1399,1,1,6.061456918928017
آذربایجان,93,1399,1,1,5.993961427306569
ستارخان,57,1399,1,1,5.771441123130016
کوی فردوس,70,1397,1,1,5.755742213586912
تسلیحات,62,1390,1,1,5.442417710521793
گیشا (کوی نصر),92,1398,1,1,6.431331081933479
صادقیه,108,1388,1,1,6.274762021241939
امیرآباد,115,1380,0,1,5.955837369464831
شهران شمالی,85,1395,1,1,5.937536205082426
نبی اکرم(ص),116,1399,1,1,6.311734809152915
باغ فیض,95,1399,1,1,6.246106765481563
امیر بهادر,68,1380,0,1,5.170483995038151
شهرک غرب,70,1395,1,1,6.274762021241939
سعادت‌آباد,100,1388,1,1,6.55250788703459
شهریار,45,1390,0,0,4.110873864173311
سعادت‌آباد,240,1395,1,1,7.937731775260109
تهرانپارس غربی,60,1389,1,1,5.14166355650266
جنت‌آباد مرکزی,65,1382,0,0,5.081404364984463
سعادت‌آباد,105,1389,1,1,6.018593214496234
سعادت‌آباد,180,1398,1,1,7.208600337960199
سوهانک,160,1391,1,1,7.048386408721883
سعادت‌آباد,170,1392,1,1,6.523562306149512
نیاوران,268,1397,1,1,7.427144133408616
آهنگ,64,1381,0,0,5.198497031265826
جنت‌آباد جنوبی,125,1387,1,1,6.364750756851911
دربند,106,1388,1,1,6.2166061010848646
شهران شمالی,135,1385,1,1,5.942799375126701
زعفرانیه,360,1390,1,1,8.006700845440367
سلسبیل,53,1393,1,1,5.043425116919247
پیروزی,81,1397,1,1,5.564520407322694
سعادت‌آباد,100,1399,1,1,6.478509642208569
سهروردی,85,1392,1,1,5.87493073085203
زعفرانیه,340,1393,1,1,8.412054873292933
قیطریه,154,1395,1,1,7.0909098220799835
پونک,68,1387,0,1,5.855071922202427
کوی فردوس,125,1393,1,1,6.398594934535208
پونک,75,1387,0,1,5.4510384535657
گیشا (کوی نصر),90,1394,1,1,6.255750041753367
یوسف‌آباد,50,1380,0,0,5.278114659230517
دروس,85,1394,1,1,6.398594934535208
شمس‌آباد,66,1395,1,1,5.860786223465865
حکیمیه,100,1397,1,1,6.042632833682381
فرمانیه,175,1384,1,1,6.7464121285733745
پاسداران,130,1398,1,1,7.170888478512505
الهیه,170,1386,1,1,7.696667081526462
شهرک غرب,120,1386,1,0,6.68586094706836
نیاوران,130,1395,1,1,6.68586094706836
شهرک غرب,130,1399,1,1,6.85751406254539
ستارخان,65,1394,1,1,5.638354669333745
دروس,180,1389,1,1,7.244941546337007
کامرانیه,200,1397,1,1,7.550135342488429
کوی فردوس,115,1397,1,1,6.53813982376767
پونک,110,1396,1,1,6.175867270105761
ظفر,100,1393,1,1,6.55250788703459
هروی,85,1396,1,1,5.993961427306569
کوی فردوس,70,1385,1,1,5.802118375377063
اقدسیه,155,1396,1,1,7.048386408721883
هروی,87,1399,1,1,6.431331081933479
بومهن,90,1399,1,1,5.198497031265826
هروی,102,1386,0,1,6.16541785423142
ابوذر (منطقه ۱۵),42,1379,0,0,4.442651256490317
اختیاریه,90,1379,0,1,6.302618975744905
جی,55,1385,0,0,4.875197323201151
قلهک,175,1388,1,1,7.00397413672268
پونک,85,1387,0,1,5.638354669333745
جنت‌آباد جنوبی,55,1385,0,1,5.442417710521793
پونک,57,1393,1,1,5.545177444479562
ولنجک,95,1385,1,1,6.55250788703459
کوی فردوس,79,1385,1,1,5.602118820879701
نیاوران,120,1394,1,1,6.641182169740591
تهرانپارس شرقی,50,1395,1,0,5.017279836814924
پاسداران,138,1389,1,1,6.508769136971682
سعادت‌آباد,155,1381,0,1,6.85751406254539
ونک,130,1390,1,1,6.634633357861686
شهرآرا,65,1392,1,1,5.916202062607435
فاطمی,70,1395,1,1,5.942799375126701
نیرو هوایی,85,1380,0,1,5.351858133476067
مجیدیه,81,1395,1,1,5.860786223465865
دارآباد,270,1380,0,1,7.057036981697891
پونک,150,1395,1,1,6.46302945692067
شهرک فردوس,45,1390,0,1,4.61512051684126
جردن,165,1396,1,1,6.68586094706836
اباذر,88,1399,1,1,6.206575926724928
قیطریه,210,1399,1,1,7.601402334583733
میرداماد,109,1399,1,1,6.56244409369372
سعادت‌آباد,80,1396,1,1,6.133398042996649
آجودانیه,290,1397,1,1,7.783640596221253
نیاوران,200,1399,1,1,7.550135342488429
دروس,200,1398,1,1,7.550135342488429
شهرک غرب,120,1390,1,1,6.431331081933479
فرمانیه,115,1380,0,1,6.19644412779452
دروس,175,1380,1,1,7.170888478512505
قلهک,75,1397,1,1,6.144185634125646
پونک,65,1380,0,1,5.5053315359323625
مرزداران,100,1375,0,1,6.311734809152915
رودهن,87,1396,1,1,4.948759890378168
کامرانیه,205,1397,1,1,7.719129840906732
منیریه,75,1390,0,0,5.298317366548036
دروس,175,1380,1,1,7.1631723908466425
شهرک راه‌آهن,70,1385,0,1,5.484796933490655
سهروردی,55,1377,0,0,5.375278407684165
فرمانیه,220,1392,1,1,7.1316985104669115
سبلان,52,1398,1,1,5.093750200806762
نارمک,100,1380,0,1,5.955837369464831
الهیه,140,1391,1,1,7.696667081526462
اباذر,125,1397,1,1,6.621405651764134
سلسبیل,45,1381,0,1,5.017279836814924
فرمانیه,180,1389,1,1,7.1316985104669115
زعفرانیه,350,1391,1,1,7.601402334583733
فرمانیه,217,1380,1,1,7.1316985104669115
شهرک راه‌آهن,185,1397,1,1,6.68586094706836
شیخ هادی,180,1363,0,0,6.111467339502679
گاندی,150,1382,1,1,6.654152520183219
سعادت‌آباد,75,1385,1,1,5.942799375126701
اباذر,85,1391,1,1,5.87493073085203
پونک,88,1398,1,1,5.958424693029782
کوی فردوس,200,1399,1,1,7.438971592395862
جنت‌آباد جنوبی,130,1395,1,1,6.447305862541213
پاسداران,300,1383,0,1,7.550135342488429
مرزداران,100,1395,1,1,6.089044875446846
شهرک شریعتی,45,1388,1,1,4.543294782270004
اباذر,143,1397,1,1,6.55250788703459
شهران جنوبی,88,1388,0,1,5.5254529391317835
الهیه,140,1397,1,1,7.170888478512505
تهران‌نو,55,1386,0,0,4.948759890378168
گیشا (کوی نصر),170,1363,0,1,6.359573868672378
پونک,130,1398,1,1,6.803505257608338
سعادت‌آباد,92,1389,1,1,6.2166061010848646
پونک,120,1387,1,1,6.154858094016418
شهرک غرب,112,1398,1,1,6.846943139585379
زعفرانیه,175,1399,1,1,7.3783837129967145
سعادت‌آباد,180,1398,1,1,7.244941546337007
شارق شرقی,77,1383,0,1,5.049856007249537
فرمانیه,290,1387,1,1,7.550135342488429
پونک,115,1388,1,1,6.236369590203704
شهران جنوبی,80,1392,1,1,5.8888779583328805
جلفا,71,1388,1,1,5.583496308781699
زعفرانیه,120,1380,1,1,6.621405651764134
صادقیه,150,1395,1,1,6.478509642208569
آذربایجان,150,1399,1,1,6.293419278846481
سوهانک,85,1395,1,1,5.916202062607435
فاطمی,65,1379,0,0,5.786897381366708
مرزداران,150,1399,1,1,6.68586094706836
دریاچه شهدای خلیج فارس,105,1399,1,1,5.786897381366708
دروس,300,1385,1,1,7.438971592395862
کامرانیه,120,1378,0,1,5.707110264748875
تهرانپارس شرقی,78,1388,0,1,5.860786223465865
پاسداران,180,1399,1,1,7.601402334583733
نیاوران,77,1363,0,1,6.478509642208569
پونک,110,1392,1,1,6.455198563340122
بریانک,51,1389,0,1,4.912654885736052
مرزداران,110,1384,1,1,6.042632833682381
تجریش,90,1393,1,0,6.329720905522696
اندیشه,73,1390,0,1,5.017279836814924
چیتگر,64,1398,1,1,5.802118375377063
شهرک راه‌آهن,155,1398,1,1,6.8885724595653635
پونک,90,1386,0,1,6.111467339502679
تهرانپارس غربی,100,1386,1,1,6.311734809152915
شهرک غرب,117,1390,1,1,7.1316985104669115
فرمانیه,210,1389,1,1,7.650168700845001
قیطریه,132,1397,1,1,7.170888478512505
ستارخان,105,1390,1,1,5.8888779583328805
الهیه,200,1399,1,1,7.576097340623111
چیتگر,138,1399,1,1,6.7464121285733745
سعادت‌آباد,160,1388,1,1,6.947937068614969
کوی فردوس,120,1397,1,1,6.320768294250582
فرمانیه,240,1397,1,1,7.901377353792616
یوسف‌آباد,90,1396,1,1,6.311734809152915
شهرک نفت (منطقه ۵),85,1388,1,1,5.638354669333745
جنت‌آباد مرکزی,90,1389,1,1,5.860786223465865
نیاوران,225,1395,1,1,7.523481312573497
ونک,150,1386,1,1,6.493753839851686
سلامت,56,1388,0,1,5.198497031265826
تهرانپارس شرقی,65,1395,1,0,4.983606621708336
قیطریه,160,1390,1,1,6.660575149839686
جنت‌آباد جنوبی,80,1396,1,1,5.902633333401366
اندیشه,70,1385,0,1,5.017279836814924
دروس,290,1397,1,1,7.824445930877619
کامرانیه,120,1380,0,1,6.90875477931522
هروی,150,1395,1,1,7.280008252884188
کوی فردوس,93,1397,1,1,6.398594934535208
کوی فردوس,120,1397,1,1,6.398594934535208
پونک,80,1388,0,1,5.771441123130016
شهرک غرب,107,1399,1,1,6.803505257608338
آبشار تهران,103,1397,1,1,5.8888779583328805
نیاوران,125,1399,1,1,7.1316985104669115
شاهین,72,1389,0,1,6.042632833682381
میرداماد,120,1378,0,1,6.311734809152915
قرچک,75,1397,1,1,4.110873864173311
سعادت‌آباد,120,1395,1,1,6.7580945044277305
نیرو هوایی,83,1388,1,1,5.5254529391317835
زعفرانیه,360,1389,1,1,7.824445930877619
سازمان برنامه,70,1380,0,1,5.442417710521793
کوی فردوس,90,1385,0,1,5.69035945432406
شهرک غرب,100,1398,1,1,6.55250788703459
پاسداران,250,1397,1,1,7.62608275807238
پونک,72,1385,0,0,5.327876168789581
مرزداران,170,1392,1,1,6.431331081933479
قیطریه,100,1397,1,1,6.55250788703459
سلسبیل,65,1385,0,1,5.017279836814924
شهرک نفت (منطقه ۱),123,1388,1,1,6.594413459749778
زعفرانیه,200,1385,1,1,6.957497370876951
پیروزی,40,1391,0,0,4.700480365792417
فرمانیه,200,1394,1,1,7.824445930877619
زعفرانیه,110,1386,1,1,6.559615237493242
تهرانپارس غربی,115,1395,1,1,6.431331081933479
میرداماد,200,1385,1,1,6.621405651764134
جیحون,56,1396,1,0,4.804021044733257
یوسف‌آباد,130,1397,1,1,6.523562306149512
جیحون,38,1382,0,1,4.564348191467836
سعادت‌آباد,150,1395,1,1,7.0909098220799835
دروس,270,1391,1,1,7.523481312573497
جنت‌آباد جنوبی,140,1381,0,1,6.447305862541213
باغ فیض,100,1392,1,1,6.293419278846481
سعادت‌آباد,185,1385,1,1,7.0909098220799835
کاظم‌آباد,107,1396,1,1,6.293419278846481
قنات‌کوثر,92,1394,1,1,5.860786223465865
پونک,135,1396,1,1,6.594413459749778
نیرو هوایی,90,1395,1,1,6.2166061010848646
دارآباد,100,1396,1,1,6.621405651764134
سعادت‌آباد,75,1389,1,1,6.311734809152915
پردیس,100,1390,1,1,5.442417710521793
سلسبیل,40,1383,0,0,4.948759890378168
پونک,70,1387,0,1,5.4638318050256105
مجیدیه,80,1381,1,1,5.942799375126701
تهرانپارس غربی,78,1385,0,1,5.602118820879701
دروس,260,1389,1,1,7.601402334583733
تهرانپارس غربی,137,1394,1,1,5.846438775057725
ستارخان,90,1378,0,0,5.602118820879701
دریاچه شهدای خلیج فارس,150,1399,1,1,6.508769136971682
مرزداران,95,1398,1,1,6.398594934535208
تهرانپارس غربی,130,1380,0,0,6.111467339502679
سعادت‌آباد,105,1399,1,1,6.898714534329988
دریاچه شهدای خلیج فارس,107,1393,1,1,6.311734809152915
دریاچه شهدای خلیج فارس,160,1398,1,1,6.478509642208569
سعادت‌آباد,148,1392,1,1,6.293419278846481
نیاوران,98,1390,1,1,6.46302945692067
نارمک جنوبی,59,1381,0,0,4.624972813284271
پیروزی,68,1395,1,1,5.602118820879701
پاسداران,135,1398,1,1,6.90875477931522
سعادت‌آباد,140,1385,0,1,6.90875477931522
زعفرانیه,250,1385,1,1,7.467942332285852
ونک,120,1379,1,1,6.175867270105761
میرداماد,100,1399,1,1,6.90875477931522
کوی فردوس,185,1397,1,1,6.398594934535208
زعفرانیه,140,1393,0,1,7.467942332285852
وحیدیه,62,1389,0,0,4.983606621708336
شهر زیبا,100,1383,0,1,5.6937321388027
سعادت‌آباد,95,1394,1,1,6.246106765481563
سهروردی,60,1385,0,0,5.25227342804663
تهران‌سر,95,1395,1,1,5.5254529391317835
فرمانیه,90,1399,1,1,6.803505257608338
جلفا,115,1391,1,1,6.364750756851911
سعادت‌آباد,125,1390,1,1,6.53813982376767
پلیس,50,1386,0,1,5.438079308923196
یوسف‌آباد,120,1363,0,1,6.042632833682381
هروی,172,1394,1,1,7.155396301896734
زعفرانیه,210,1399,1,1,7.346655163176539
امام سجاد(ع),50,1390,0,1,4.61512051684126
گیشا (کوی نصر),200,1397,1,1,7.409136443920128
ستارخان,80,1382,0,1,5.602118820879701
ظفر,50,1390,1,0,5.272999558563747
سعادت‌آباد,141,1398,1,1,7.359467638255621
سعادت‌آباد,181,1385,1,1,7.0909098220799835
الهیه,400,1397,1,1,8.268988209506656
قیطریه,130,1399,1,1,6.7580945044277305
یوسف‌آباد,145,1398,1,1,6.7464121285733745
سعادت‌آباد,121,1398,1,1,6.7464121285733745
آهنگ,70,1383,0,0,5.25227342804663
زعفرانیه,220,1390,1,1,7.3783837129967145
شاهین,48,1376,0,1,5.204006687076795
فرمانیه,200,1398,1,1,7.696667081526462
دروس,165,1396,1,1,7.0909098220799835
زعفرانیه,150,1385,1,1,7.208600337960199
جنت‌آباد جنوبی,95,1386,0,1,5.602118820879701
جنت‌آباد مرکزی,120,1391,1,1,6.2166061010848646
دروس,250,1380,1,1,7.7102051944325325
کوی فردوس,90,1385,1,1,5.8888779583328805
آبشار تهران,91,1399,1,1,6.066108090103747
دروس,190,1398,1,1,7.396948602621014
مرزداران,115,1392,1,1,6.3561076606958915
کوی فردوس,105,1393,1,1,6.398594934535208
باغ فیض,120,1387,0,1,5.786897381366708
دارآباد,70,1394,1,1,6.111467339502679
فاطمی,75,1380,1,0,5.484796933490655
فرمانیه,140,1399,0,1,6.734591659972948
جردن,85,1388,1,1,6.439350371100098
دارآباد,134,1392,1,1,6.398594934535208
شهرک غرب,70,1393,1,1,5.638354669333745
سعادت‌آباد,95,1394,1,1,6.478509642208569
الهیه,230,1386,1,1,7.313886831633462
سعادت‌آباد,120,1391,1,1,6.55250788703459
درب دوم,130,1385,1,1,6.710523109452428
الهیه,200,1385,1,1,7.576097340623111
اوقاف,107,1394,1,1,6.111467339502679
سعادت‌آباد,130,1399,1,1,7.00397413672268
ستارخان,105,1380,0,1,5.5254529391317835
سعادت‌آباد,135,1388,1,1,6.68586094706836
دروازه شمیران,113,1387,1,1,6.111467339502679
چیتگر,93,1399,1,1,5.707110264748875
پردیس,101,1399,1,1,4.465908118654584
اقدسیه,85,1395,1,1,6.311734809152915
تهران‌نو,75,1386,0,0,5.2832037287379885
سهروردی,145,1399,1,1,6.78105762593618
سعادت‌آباد,150,1386,1,1,6.53813982376767
اباذر,140,1399,1,1,6.90875477931522
سعادت‌آباد,110,1398,1,1,6.85751406254539
بریانک,50,1387,0,0,4.61512051684126
اقدسیه,100,1371,0,0,5.942799375126701
شهرک محلاتی,147,1386,1,1,6.431331081933479
الهیه,320,1395,1,1,7.937731775260109
پاسداران,95,1395,1,1,6.566672429803241
پونک,90,1397,1,1,6.329720905522696
پیروزی,75,1383,0,1,5.5254529391317835
سعادت‌آباد,150,1397,1,1,7.346655163176539
شهر قدس,96,1399,1,1,5.25227342804663
دروس,260,1389,1,1,7.783640596221253
یوسف‌آباد,150,1387,0,1,6.660575149839686
اوقاف,63,1395,1,1,5.564520407322694
سهروردی,270,1380,1,1,6.478509642208569
اقدسیه,200,1395,1,1,7.596392304064196
کوی فردوس,120,1399,1,1,6.447305862541213
الهیه,200,1389,1,1,7.313886831633462
تهرانپارس غربی,55,1385,0,0,5.14166355650266
جردن,100,1390,1,1,5.993961427306569
قلهک,125,1392,1,1,6.55250788703459
حکیمیه,85,1396,1,1,5.707110264748875
کوی فردوس,68,1385,0,1,5.049856007249537
شهران جنوبی,160,1398,1,1,6.364750756851911
شهرک غرب,165,1380,1,1,6.293419278846481
پونک,90,1387,0,1,6.100318952020064
پونک,75,1388,0,1,5.5254529391317835
شیان,85,1390,1,1,5.655991810819852
الهیه,150,1375,0,1,6.814542897259958
ولنجک,100,1398,1,1,6.792344427470809
سعادت‌آباد,70,1388,1,0,6.580639137284949
شهران جنوبی,92,1397,1,1,5.739792912179234
فرمانیه,250,1391,1,1,7.565793282428515
پاسداران,125,1387,1,1,6.68586094706836
شهرک فردوس,63,1390,1,1,4.983606621708336
پونک,80,1395,1,1,5.69035945432406
جردن,115,1399,1,1,6.90875477931522
طوس,88,1399,1,1,5.8888779583328805
کوی فردوس,100,1391,1,1,6.398594934535208
تهران‌سر,110,1399,1,1,6.066108090103747
دریاچه شهدای خلیج فارس,120,1398,1,1,6.018593214496234
زعفرانیه,210,1388,1,1,7.467942332285852
حکیمیه,90,1386,1,1,5.5254529391317835
سعادت‌آباد,132,1386,1,1,6.621405651764134
یوسف‌آباد,120,1385,1,1,5.996452088619021
دهکده المپیک,133,1399,1,1,6.508769136971682
کرمان,85,1395,1,1,5.733341276897746
نیاوران,180,1396,1,1,7.244941546337007
میرداماد,120,1396,1,1,6.55250788703459
صادقیه,125,1388,1,1,6.0330862217988015
سعادت‌آباد,150,1392,1,1,6.329720905522696
زعفرانیه,180,1394,1,1,7.346655163176539
سعادت‌آباد,130,1398,1,1,7.1316985104669115
اختیاریه,120,1399,1,1,6.803505257608338
جنت‌آباد مرکزی,72,1393,1,1,5.805134968916488
کوی بیمه,65,1394,1,1,5.69035945432406
فلاح,70,1391,1,1,5.14166355650266
درکه,170,1397,1,1,7.650168700845001
جردن,175,1386,1,1,6.634633357861686
درکه,178,1389,1,1,7.00397413672268
بهارستان,105,1399,1,1,5.771441123130016
سعادت‌آباد,85,1386,1,1,6.175867270105761
پاسداران,190,1391,1,1,6.769641976852503
زعفرانیه,180,1392,1,1,7.1316985104669115
هروی,80,1390,1,1,5.8522024797744745
سعادت‌آباد,120,1380,0,1,5.968707559985366
نارمک,53,1380,0,0,4.836281906951478
الهیه,210,1395,1,1,7.560601162768557
یوسف‌آباد,204,1371,0,1,6.255750041753367
ظفر,55,1387,1,1,5.739792912179234
پاسداران,100,1397,1,1,6.7464121285733745
سپهر,90,1385,1,1,5.929589143389895
کوی فردوس,100,1397,1,1,6.255750041753367
ولنجک,300,1390,1,1,7.824445930877619
شهرک غرب,140,1392,1,1,6.734591659972948
هروی,160,1398,1,1,7.1316985104669115
پاسداران,260,1399,1,1,7.972810784121404
نیاوران,360,1396,1,1,8.006700845440367
ظفر,60,1387,0,0,5.484796933490655
دروس,130,1389,1,1,6.803505257608338
رودهن,122,1395,1,1,5.564520407322694
ازگل,75,1387,1,1,5.638354669333745
شهر ری - استخر,350,1383,0,0,7.613324979540639
اباذر,130,1389,1,1,5.942799375126701
هروی,100,1386,1,1,6.447305862541213
شهرک نفت (منطقه ۵),140,1395,1,1,6.68586094706836
یوسف‌آباد,220,1375,0,1,6.2166061010848646
ستارخان,80,1394,1,0,5.655991810819852
مرزداران,90,1378,0,1,5.902633333401366
ظفر,150,1397,1,1,6.8885724595653635
پونک,135,1399,1,1,6.7226297948554485
ولنجک,165,1399,1,1,7.696667081526462
طرشت,78,1390,0,1,5.673323267171493
اباذر,85,1398,1,1,6.018593214496234
پردیس,87,1399,1,1,4.584967478670572
پیروزی,37,1395,0,0,4.394449154672439
بهارستان,51,1391,0,0,4.110873864173311
مرزداران,90,1385,1,1,6.274762021241939
سعادت‌آباد,200,1385,1,1,6.803505257608338
نارمک,95,1380,0,1,5.8888779583328805
اباذر,108,1376,0,1,5.602118820879701
سعادت‌آباد,95,1393,1,1,6.246106765481563
پاسداران,135,1385,0,1,6.7464121285733745
الهیه,150,1389,1,1,6.68586094706836
جنت‌آباد شمالی,100,1384,0,0,5.68697535633982
کوی فردوس,110,1390,1,1,6.398594934535208
کامرانیه,100,1393,1,1,6.90875477931522
الهیه,220,1397,1,1,8.006700845440367
ولنجک,140,1396,1,1,7.039660349862076
پونک,170,1385,0,1,6.621405651764134
پاسداران,167,1380,0,1,7.0909098220799835
شهرک راه‌آهن,190,1399,1,1,6.93828448401696
تولید دارو,40,1388,1,0,4.553876891600541
قیطریه,130,1399,1,1,6.966967138613983
جنت‌آباد جنوبی,100,1399,1,1,6.226536669287466
قیطریه,50,1390,1,1,6.329720905522696
باغ فیض,95,1390,1,1,6.018593214496234
نیرو هوایی,149,1390,1,1,6.621405651764134
امیریه,63,1384,0,0,4.955827057601261
کوی فردوس,72,1395,1,1,5.707110264748875
سعادت‌آباد,190,1398,1,1,7.313886831633462
محمودیه,183,1399,1,1,7.741099090035366
دریاچه شهدای خلیج فارس,116,1395,1,1,5.87493073085203
دریاچه شهدای خلیج فارس,100,1399,1,1,5.993961427306569
پاسداران,135,1373,0,0,6.030685260261263
سهروردی,101,1380,1,0,6.493753839851686
پاسداران,105,1393,1,1,5.942799375126701
مجیدآباد,95,1397,1,1,5.993961427306569
رودهن,90,1395,1,1,4.875197323201151
پونک,120,1399,1,1,6.673297967767654
جیحون,60,1396,1,1,5.303304908059076
صادقیه,92,1388,1,1,5.707110264748875
تهران‌سر,63,1385,0,1,5.225746673713202
زعفرانیه,240,1390,1,1,7.601402334583733
جردن,190,1385,1,1,6.734591659972948
زعفرانیه,230,1396,1,1,8.160803920954665
زعفرانیه,275,1395,1,1,8.294299608857235
شادآباد,65,1386,0,1,4.948759890378168
فرمانیه,350,1395,1,1,8.006700845440367
ولنجک,160,1383,1,1,6.734591659972948
کوی فردوس,70,1384,0,1,5.739792912179234
نیاوران,120,1390,1,1,6.398594934535208
جنت‌آباد مرکزی,82,1392,1,1,5.955837369464831
دروس,226,1397,1,1,7.1785454837637
امیرآباد,80,1385,0,1,5.589119566336061
سهروردی,150,1396,1,1,6.455198563340122
زعفرانیه,352,1389,1,1,7.824445930877619
پونک,140,1383,0,1,6.018593214496234
دردشت,80,1384,1,1,5.942799375126701
مجیدیه,68,1387,1,1,5.429345628954441
امیرآباد,118,1396,1,1,6.478509642208569
پونک,110,1394,1,1,6.478509642208569
سعادت‌آباد,100,1391,1,1,6.255750041753367
هروی,100,1399,1,1,6.284134161070802
زعفرانیه,185,1385,1,1,6.947937068614969
تهرانپارس شرقی,50,1386,0,1,5.017279836814924
محمودیه,150,1396,1,1,7.170888478512505
الهیه,115,1385,1,1,6.68586094706836
مرزداران,108,1399,1,1,6.660575149839686
شهر زیبا,80,1385,0,1,5.673323267171493
دریاچه شهدای خلیج فارس,125,1394,1,1,6.089044875446846
جنت‌آباد شمالی,107,1381,1,1,6.111467339502679
پیروزی,90,1399,1,1,5.993961427306569
شادمهر,80,1399,1,1,5.993961427306569
سعادت‌آباد,143,1398,1,1,7.353081920515432
شمس‌آباد,95,1379,0,1,5.739792912179234
فرمانیه,280,1390,1,1,7.601402334583733
اندیشه,63,1391,0,0,4.454347296253507
تهران‌نو,62,1389,0,1,5.043425116919247
شهرک ابوذر,200,1393,1,1,7.00397413672268
قیطریه,153,1371,0,1,6.68586094706836
شیان,70,1393,1,1,5.993961427306569
کامرانیه,90,1399,1,1,6.666956792429207
سعادت‌آباد,330,1399,1,1,8.612685172875459
دروس,220,1397,1,1,7.1316985104669115
پاسداران,250,1395,1,1,7.601402334583733
الهیه,145,1385,1,1,7.048386408721883
تهرانپارس غربی,75,1396,1,1,5.583496308781699
تهرانپارس شرقی,66,1395,1,1,5.147494476813453
چیتگر,110,1397,1,1,6.2166061010848646
تهرانپارس غربی,80,1387,1,1,5.602118820879701
مرزداران,75,1392,1,1,5.442417710521793
تهران‌نو,45,1387,0,0,5.25227342804663
سعادت‌آباد,160,1398,1,1,7.719129840906732
شهرآرا,95,1399,1,1,6.16541785423142
نیاوران,148,1395,1,1,7.170888478512505
سازمان برنامه,65,1387,1,1,5.673323267171493
سعادت‌آباد,145,1398,1,1,7.244941546337007
کوی فردوس,71,1399,1,1,6.066108090103747
پونک,65,1388,0,1,5.638354669333745
سیدخندان,186,1398,1,1,7.00397413672268
ارامنه,90,1363,0,0,4.955827057601261
الهیه,250,1397,1,1,8.03947991910045
شهرک غرب,118,1384,0,1,6.226536669287466
سازمان برنامه,138,1399,1,1,6.55250788703459
پونک,64,1393,0,1,5.5254529391317835
نیلوفر,185,1373,0,1,6.018593214496234
حکیمیه,66,1395,1,1,5.3981627015177525
پونک,85,1386,1,1,6.236369590203704
میرداماد,160,1398,1,1,7.313886831633462
سعادت‌آباد,265,1399,1,1,8.006700845440367
اباذر,140,1391,1,1,6.90875477931522
ظفر,90,1398,1,1,6.621405651764134
کوی فردوس,110,1390,0,1,6.066108090103747
اقدسیه,90,1395,1,1,6.311734809152915
شهر قدس,110,1395,0,0,4.795790545596741
هروی,95,1395,1,1,6.042632833682381
دریاچه شهدای خلیج فارس,107,1397,1,1,5.968707559985366
صادقیه,90,1386,1,1,5.69035945432406
میرداماد,254,1386,1,1,7.438971592395862
نظام‌آباد,95,1394,1,1,5.638354669333745
سهروردی,110,1378,0,1,6.089044875446846
تهران‌نو,140,1397,1,1,6.398594934535208
سعادت‌آباد,90,1385,0,1,5.993961427306569
یوسف‌آباد,95,1376,0,1,6.302618975744905
آجودانیه,100,1390,1,1,6.559615237493242
نیاوران,160,1385,1,1,6.985641817639208
سوهانک,130,1382,1,1,6.415096959171596
هروی,160,1390,1,1,7.170888478512505
دانشگاه علم و صنعت,130,1398,1,1,6.364750756851911
سعادت‌آباد,138,1399,1,1,7.170888478512505
فرمانیه,200,1397,1,1,7.824445930877619
شاهین,70,1382,0,1,5.3981627015177525
سعادت‌آباد,150,1398,1,1,6.90875477931522
ولنجک,77,1385,0,1,6.042632833682381
بومهن,85,1393,0,1,4.564348191467836
کوی فردوس,84,1385,1,1,5.993961427306569
هروی,105,1394,1,1,6.066108090103747
آبشار,73,1393,1,1,5.3981627015177525
ونک,110,1378,0,1,6.398594934535208
شهرک غرب,95,1395,1,1,6.673297967767654
سعادت‌آباد,135,1398,1,1,6.976348070447749
کوی فردوس,70,1390,0,1,5.802118375377063
گرگان,76,1397,1,0,5.62040086571715
پرند,140,1399,1,1,5.564520407322694
اراج,100,1398,1,1,6.311734809152915
پونک,65,1380,0,1,5.420534999272286
نارمک,76,1385,0,0,5.3981627015177525
زعفرانیه,300,1390,1,1,7.601402334583733
پونک,70,1385,1,1,5.564520407322694
بهار,79,1399,1,1,6.018593214496234
صادقیه,150,1380,0,1,6.077642243349034
پونک,120,1388,0,1,5.846438775057725
سلسبیل,45,1380,0,0,4.948759890378168
پاسداران,115,1397,1,1,6.493753839851686
ولنجک,225,1395,1,1,8.006700845440367
پونک,70,1385,0,1,5.564520407322694
اختیاریه,135,1389,1,1,6.68586094706836
الهیه,150,1396,1,1,7.601402334583733
شهران جنوبی,62,1384,0,0,5.5254529391317835
زعفرانیه,250,1394,1,1,7.824445930877619
پاسداران,120,1387,1,1,5.303304908059076
ستارخان,128,1396,1,1,6.311734809152915
سعادت‌آباد,130,1399,1,1,7.1631723908466425
زرگنده,80,1371,1,1,6.066108090103747
نواب,60,1384,1,1,5.278114659230517
کوی فردوس,65,1387,0,1,5.303304908059076
پاسداران,150,1390,1,1,6.111467339502679
میرداماد,110,1392,1,1,6.302618975744905
تهرانپارس شرقی,70,1390,0,0,5.170483995038151
سوهانک,110,1395,1,1,5.993961427306569
سعادت‌آباد,69,1390,1,1,6.2166061010848646
امیر بهادر,45,1385,0,1,4.709530201312334
تهرانپارس غربی,75,1394,1,1,5.771441123130016
شهرک غرب,110,1399,1,0,6.493753839851686
شهر قدس,92,1399,1,1,5.049856007249537
رودهن,165,1399,1,1,6.111467339502679
فرمانیه,110,1387,1,1,6.580639137284949
قلهک,70,1396,1,1,5.993961427306569
پونک,150,1385,0,1,6.329720905522696
پونک,115,1396,1,1,6.594413459749778
جنت‌آباد مرکزی,130,1388,1,1,6.293419278846481
ولنجک,75,1380,0,1,6.042632833682381
جوادیه تهرانپارس,58,1382,0,0,5.159055299214529
مرزداران,130,1398,1,1,6.594413459749778
گیشا (کوی نصر),80,1392,1,1,6.154858094016418
ازگل,88,1397,1,1,6.089044875446846
پونک,138,1388,0,1,6.255750041753367
کامرانیه,250,1397,1,1,7.601402334583733
وحیدیه,73,1380,0,1,5.117993812416755
کوی فردوس,115,1383,0,1,6.018593214496234
شادمهر,71,1392,1,1,5.771441123130016
عباس‌آباد,75,1382,0,0,5.707110264748875
پونک,70,1388,1,1,5.942799375126701
ستارخان,90,1399,1,1,6.104793232414985
الهیه,330,1395,1,1,8.294299608857235
دروس,115,1388,1,1,6.621405651764134
شهران شمالی,120,1395,1,1,6.311734809152915
دارآباد,95,1387,1,1,5.968707559985366
قیطریه,130,1395,1,1,6.873163834212518
سعادت‌آباد,100,1383,0,1,5.993961427306569
کوی فردوس,82,1388,1,1,5.638354669333745
جنت‌آباد مرکزی,155,1399,1,1,6.8885724595653635
تهران‌نو,87,1385,0,1,5.484796933490655
نواب,120,1399,1,1,5.602118820879701
گرگان,60,1383,0,0,4.912654885736052
توانیر,194,1371,0,0,6.3818160174060985
سعادت‌آباد,95,1389,1,1,6.236369590203704
بریانک,45,1385,0,0,4.579852378003801
هروی,120,1399,1,1,6.8679744089702925
سعادت‌آباد,90,1387,1,1,5.8888779583328805
توحید,98,1397,1,1,6.175867270105761
زعفرانیه,230,1396,1,1,8.294299608857235
دربند,233,1397,1,1,7.467942332285852
استاد معین,68,1396,1,1,5.564520407322694
جنت‌آباد شمالی,56,1384,0,1,5.25227342804663
مسعودیه,70,1385,0,1,4.875197323201151
کامرانیه,130,1386,1,1,6.90875477931522
اختیاریه,162,1377,0,0,6.364750756851911
هروی,115,1397,1,1,6.478509642208569
شهرک محلاتی,100,1385,0,0,5.5254529391317835
ظفر,145,1391,1,1,6.311734809152915
ولنجک,140,1380,1,1,6.90875477931522
سعادت‌آباد,115,1390,1,1,6.8885724595653635
شهرک غرب,120,1384,0,1,6.293419278846481
سعادت‌آباد,142,1394,1,1,6.90875477931522
نیاوران,330,1397,1,1,7.937731775260109
قیطریه,135,1393,1,1,6.803505257608338
پونک,65,1398,1,1,5.583496308781699
گیشا (کوی نصر),75,1394,1,1,5.8888779583328805
پونک,90,1395,1,1,6.113682179832232
اندیشه,50,1394,0,0,4.61512051684126
سوهانک,200,1385,1,1,7.170888478512505
سعادت‌آباد,100,1391,1,1,5.8888779583328805
میرداماد,135,1386,1,1,6.55250788703459
میرداماد,100,1398,1,1,7.0909098220799835
جنت‌آباد مرکزی,80,1385,1,0,5.673323267171493
کوی فردوس,75,1380,0,1,5.723585101952381
سعادت‌آباد,300,1398,1,1,8.160803920954665
ولنجک,340,1399,1,1,8.612685172875459
سعادت‌آباد,170,1398,1,1,7.783640596221253
دارآباد,210,1397,1,1,7.057036981697891
ستارخان,75,1395,1,0,6.066108090103747
نیلوفر,117,1396,1,1,6.68586094706836
تهرانپارس شرقی,53,1384,0,0,5.017279836814924
ولنجک,120,1396,1,1,6.90875477931522
کوی فردوس,90,1399,1,1,6.113682179832232
یافت‌آباد,100,1399,0,0,5.14166355650266
شهرک غرب,90,1393,1,0,5.786897381366708
جردن,100,1395,1,1,6.68586094706836
نیاوران,240,1392,1,1,7.496097345175956
فرمانیه,162,1395,1,1,7.313886831633462
هروی,120,1396,1,1,6.431331081933479
باغ فیض,78,1393,1,1,5.8888779583328805
جنت‌آباد جنوبی,130,1395,1,1,6.0063531596017325
فرمانیه,220,1395,1,1,7.427144133408616
سازمان برنامه,71,1386,1,1,5.993961427306569
اقدسیه,200,1382,1,1,6.68586094706836
زعفرانیه,185,1390,1,1,6.85751406254539
الهیه,260,1394,1,1,7.741099090035366
ظفر,160,1382,1,1,6.90875477931522
سعادت‌آباد,78,1392,1,1,6.311734809152915
هروی,130,1399,1,1,6.8885724595653635
حسین‌آباد,180,1377,1,1,7.313886831633462
زعفرانیه,200,1398,1,1,7.550135342488429
تهرانپارس غربی,68,1388,1,1,5.484796933490655
پاسداران,230,1399,1,1,7.824445930877619
مرزداران,170,1377,0,1,6.55250788703459
سعادت‌آباد,100,1390,1,1,6.431331081933479
سهروردی,140,1385,1,1,6.90875477931522
آذربایجان,65,1385,0,0,4.882801922586371
سعادت‌آباد,73,1392,1,1,5.942799375126701
تسلیحات,58,1385,0,0,5.14166355650266
فلاح,50,1399,1,0,4.795790545596741
جنت‌آباد مرکزی,70,1383,0,1,5.327876168789581
جنت‌آباد مرکزی,90,1391,1,1,5.860786223465865
پونک,135,1397,1,1,6.68586094706836
جنت‌آباد مرکزی,72,1387,0,1,5.673323267171493
نیاوران,115,1398,1,1,7.1316985104669115
سعادت‌آباد,100,1390,1,1,6.255750041753367
نارمک,90,1399,1,1,6.398594934535208
مرزداران,180,1382,0,1,6.55250788703459
آهنگ,70,1385,0,0,5.484796933490655
سعادت‌آباد,130,1396,1,1,6.90875477931522
شکوفه,70,1399,1,0,5.442417710521793
شهرک غرب,100,1397,1,1,6.621405651764134
سهروردی,75,1389,1,1,5.583496308781699
ونک,200,1383,1,1,6.803505257608338
زرگنده,71,1371,1,1,5.968707559985366
پردیس,87,1399,1,1,4.605170185988092
سلسبیل,100,1399,1,1,5.993961427306569
شهرک راه‌آهن,120,1395,1,1,6.175867270105761
الهیه,170,1385,1,1,7.244941546337007
نیاوران,150,1399,1,1,7.3783837129967145
ابوذر (منطقه ۱۵),70,1381,0,1,5.5254529391317835
قیطریه,70,1398,1,1,6.55250788703459
ورامین,100,1397,0,1,5.017279836814924
تهرانپارس غربی,103,1390,1,1,6.19644412779452
نیاوران,150,1393,1,1,7.00397413672268
هروی,127,1399,1,1,6.90875477931522
ازگل,147,1388,1,1,6.710523109452428
شهرک غرب,140,1392,1,1,6.7464121285733745
جنت‌آباد مرکزی,140,1399,1,1,6.621405651764134
سوهانک,130,1382,1,1,6.3818160174060985
پیروزی,70,1380,0,0,5.4638318050256105
جیحون,70,1397,1,1,5.638354669333745
شهرک راه‌آهن,120,1397,1,1,6.133398042996649
شهر زیبا,88,1385,0,1,5.638354669333745
ولنجک,120,1397,1,1,6.329720905522696
نیاوران,135,1385,1,1,6.398594934535208
ولنجک,185,1390,1,1,7.1785454837637
شهر ری - اقدسیه,70,1382,0,0,4.189654742026425
سعادت‌آباد,80,1390,1,1,6.311734809152915
فرمانیه,230,1398,1,1,7.719129840906732
کوی فردوس,58,1397,1,1,5.755742213586912
نارمک,130,1386,0,1,6.478509642208569
سلسبیل,60,1393,0,1,5.278114659230517
سعادت‌آباد,150,1386,1,1,7.313886831633462
الهیه,220,1399,1,1,7.824445930877619
تهرانپارس غربی,110,1398,1,1,6.398594934535208
سعادت‌آباد,125,1385,1,1,6.8885724595653635
فرمانیه,150,1391,1,1,7.280008252884188
جمال‌زاده,50,1394,0,1,5.220355825078324
ولنجک,175,1386,1,1,7.170888478512505
نیرو هوایی,55,1380,1,0,4.948759890378168
باغ فیض,97,1395,1,1,6.018593214496234
اراج,160,1392,1,1,6.698268054115413
شهرک غرب,160,1399,1,1,7.280008252884188
کوی فردوس,100,1391,1,1,5.786897381366708
اقدسیه,160,1399,1,1,6.660575149839686
صادقیه,125,1385,1,0,5.996452088619021
دروس,95,1399,1,1,6.55250788703459
مسعودیه,80,1363,0,1,5.442417710521793
تهرانپارس غربی,72,1399,1,1,5.655991810819852
نیاوران,130,1390,1,1,6.398594934535208
سعادت‌آباد,180,1393,1,1,7.1785454837637
اقدسیه,147,1395,1,1,7.048386408721883
نیاوران,160,1392,1,1,6.825460036255307
جنت‌آباد جنوبی,65,1385,0,1,5.5254529391317835
ولنجک,95,1398,1,1,6.621405651764134
قلهک,110,1399,1,1,6.364750756851911
بهار,100,1389,1,1,5.8888779583328805
قیطریه,135,1363,0,1,6.423246963533519
پونک,75,1380,0,0,5.303304908059076
دروس,280,1395,1,1,7.384610383176974
ازگل,145,1399,1,1,6.90875477931522
پاسداران,125,1386,0,1,5.996452088619021
شهرک غرب,90,1381,0,1,6.111467339502679
تهرانپارس غربی,65,1396,1,1,5.755742213586912
شهرک راه‌آهن,160,1398,1,1,6.85751406254539
دریاچه شهدای خلیج فارس,140,1399,1,1,6.398594934535208
فرمانیه,185,1398,1,1,7.346655163176539
کوی مهران,108,1380,0,1,5.602118820879701
شهر زیبا,62,1383,0,1,5.5254529391317835
قلهک,113,1391,1,1,6.621405651764134
کاشانک,120,1395,1,1,6.580639137284949
زعفرانیه,235,1395,1,1,7.310550158534422
اقدسیه,205,1386,1,1,7.208600337960199
یوسف‌آباد,180,1395,1,1,7.00397413672268
زعفرانیه,170,1399,1,1,7.550135342488429
الهیه,130,1393,1,1,6.68586094706836
باغ فیض,80,1384,1,0,5.707110264748875
باغ فردوس,200,1393,1,1,7.00397413672268
یافت‌آباد,75,1392,0,0,4.553876891600541
اقدسیه,250,1397,1,1,8.160803920954665
سازمان آب,50,1380,0,1,5.303304908059076
سهروردی,110,1390,1,1,5.968707559985366
تهرانپارس غربی,69,1388,1,1,5.5053315359323625
هروی,180,1399,1,1,7.346655163176539
شیان,70,1390,1,1,5.993961427306569
ونک,130,1392,1,0,5.993961427306569
دزاشیب,130,1392,1,1,6.621405651764134
نیاوران,250,1390,1,1,7.438971592395862
ازگل,120,1389,1,1,6.415096959171596
سعادت‌آباد,155,1380,0,1,6.85751406254539
کوی فردوس,78,1386,1,1,5.62040086571715
ونک,156,1386,0,1,6.68586094706836
شهرک غرب,110,1395,1,1,6.851184927493743
نارمک,105,1391,1,1,5.981414211254481
سهروردی,130,1399,1,1,6.523562306149512
سعادت‌آباد,175,1392,1,1,6.26530121273771
اندیشه,81,1389,0,1,5.081404364984463
ولنجک,165,1387,1,1,6.78105762593618
باغ فیض,80,1389,1,1,5.8888779583328805
دانشگاه علم و صنعت,70,1382,0,0,5.707110264748875
قیطریه,137,1384,1,1,7.00397413672268
جنت‌آباد جنوبی,60,1388,0,1,5.327876168789581
مرزداران,127,1395,1,1,6.704414354964107
تهرانپارس غربی,65,1393,1,1,5.707110264748875
سعادت‌آباد,210,1387,0,1,6.660575149839686
پونک,90,1393,1,1,5.673323267171493
کوی فردوس,85,1382,1,1,5.638354669333745
شهر زیبا,90,1385,0,0,5.594711379601839
جردن,170,1385,1,1,6.957497370876951
سعادت‌آباد,145,1390,1,1,6.364750756851911
سعادت‌آباد,155,1388,1,1,6.660575149839686
هروی,120,1396,1,1,6.311734809152915
پاسداران,200,1396,1,1,6.918695219020472
دریاچه شهدای خلیج فارس,130,1393,1,1,6.054439346269371
ولنجک,127,1399,1,1,7.057036981697891
سعادت‌آباد,90,1389,1,1,6.364750756851911
سعادت‌آباد,176,1386,1,1,7.0909098220799835
الهیه,230,1384,1,1,7.3783837129967145
الهیه,130,1386,1,1,6.311734809152915
اندیشه,90,1399,1,1,5.351858133476067
میرداماد,130,1396,1,1,6.501289670540389
بومهن,72,1388,0,0,4.61512051684126
تهران‌سر,70,1390,1,1,5.3981627015177525
پاسداران,125,1385,1,1,6.68586094706836
قیطریه,362,1399,1,1,8.006700845440367
سعادت‌آباد,140,1390,1,1,6.90875477931522
شهر زیبا,108,1395,1,1,6.133398042996649
پونک,95,1398,1,1,6.133398042996649
نارمک,100,1398,1,1,6.0063531596017325
ونک,235,1386,1,1,7.650168700845001
اراج,140,1396,1,1,6.478509642208569
باغ فیض,107,1394,1,1,6.066108090103747
ولنجک,118,1399,1,1,7.0909098220799835
اراج,72,1395,1,1,6.054439346269371
سعادت‌آباد,100,1395,1,1,6.55250788703459
زعفرانیه,165,1390,1,1,7.223295679562314
یوسف‌آباد,70,1386,1,0,5.5254529391317835
ظفر,63,1380,0,0,5.459585514144159
نیاوران,95,1390,1,1,6.68586094706836
گیشا (کوی نصر),110,1390,1,1,6.431331081933479
گیشا (کوی نصر),110,1395,1,1,6.478509642208569
سعادت‌آباد,168,1393,1,1,6.68586094706836
الهیه,110,1395,1,1,7.00397413672268
قیطریه,68,1397,1,0,6.2166061010848646
باغ فیض,115,1398,1,1,6.077642243349034
نیاوران,140,1388,1,1,7.00397413672268
تهران‌سر,80,1387,1,0,5.638354669333745
فرمانیه,148,1393,1,1,6.93828448401696
سعادت‌آباد,80,1390,1,1,6.255750041753367
امیرآباد,120,1378,0,1,6.2166061010848646
حکیمیه,105,1398,1,1,5.517452896464707
قرچک,65,1398,0,0,4.330733340286331
نیاوران,270,1399,1,1,8.294299608857235
ولنجک,270,1397,1,1,8.412054873292933
جنت‌آباد جنوبی,70,1394,1,1,5.641907070938114
هاشمی,75,1388,0,0,5.198497031265826
دروس,200,1395,1,1,7.3783837129967145
هروی,115,1380,0,0,5.739792912179234
نیرو هوایی,80,1399,1,1,5.771441123130016
اختیاریه,120,1380,0,1,5.942799375126701
شهر قدس,68,1390,0,0,4.189654742026425
سپهر,90,1391,1,1,6.056784013228625
پونک,65,1380,0,1,5.3981627015177525
سعادت‌آباد,126,1397,1,1,6.903747257584598
دروس,275,1394,1,1,7.484930283289661
بریانک,105,1396,1,1,5.771441123130016
الهیه,220,1390,1,1,7.576097340623111
تولید دارو,66,1384,0,0,4.7535901911063645
ولنجک,175,1391,1,1,7.039660349862076
تهران‌سر,78,1395,1,1,5.3981627015177525
جمال‌زاده,65,1398,1,0,5.638354669333745
شهرک تختی,75,1398,1,1,5.442417710521793
وحیدیه,80,1399,1,1,5.5254529391317835
ستارخان,100,1399,1,1,5.942799375126701
مرزداران,68,1380,0,0,5.327876168789581
دریاچه شهدای خلیج فارس,170,1397,1,1,6.478509642208569
الهیه,180,1395,1,1,6.825460036255307
فرمانیه,115,1390,1,1,6.3561076606958915
ابوذر (منطقه ۱۵),60,1385,1,0,5.0689042022202315
سعادت‌آباد,100,1387,0,0,5.87493073085203
زهتابی,70,1396,1,0,4.875197323201151
جوادیه,139,1399,1,1,5.707110264748875
قیطریه,150,1399,1,1,6.7464121285733745
نیاوران,220,1389,1,1,7.00397413672268
هروی,240,1395,1,1,7.601402334583733
اباذر,125,1396,1,1,6.608000625296087
نیاوران,110,1392,1,1,6.46302945692067
جردن,320,1375,1,1,7.396948602621014
اقدسیه,250,1391,1,1,7.901377353792616
پونک,70,1382,0,0,5.303304908059076
بومهن,52,1394,1,1,4.204692619390966
پونک,102,1397,1,1,6.1224928095143865
باغ فیض,95,1388,0,1,6.111467339502679
قیطریه,145,1380,1,1,6.803505257608338
دارآباد,100,1397,1,1,6.3818160174060985
اقدسیه,125,1396,1,1,6.660575149839686
قیطریه,150,1391,1,1,6.85751406254539
فرمانیه,220,1389,1,1,7.170888478512505
سعادت‌آباد,140,1394,1,1,7.00397413672268
کوهک,140,1399,1,1,6.431331081933479
زعفرانیه,132,1397,1,1,7.170888478512505
نارمک,65,1386,0,1,5.342334251964811
کوی فردوس,56,1398,1,1,5.831882477283517
شمس‌آباد,120,1397,1,1,6.406879986069314
پاسداران,190,1399,1,1,7.313886831633462
بومهن,60,1395,1,1,4.51085950651685
پیروزی,90,1387,0,0,5.707110264748875
تجریش,118,1390,1,1,6.55250788703459
تهرانپارس غربی,125,1371,0,1,5.303304908059076
بهار,73,1388,1,1,5.583496308781699
صادقیه,85,1397,1,1,5.942799375126701
سهروردی,150,1399,1,1,6.745236349484363
سوهانک,200,1385,1,1,7.039660349862076
قیطریه,175,1395,1,1,7.346655163176539
پاسداران,130,1388,1,1,6.803505257608338
دروس,270,1392,1,1,7.3783837129967145
کوی بیمه,85,1390,1,1,6.018593214496234
اختیاریه,100,1388,1,1,6.478509642208569
تهرانپارس شرقی,65,1395,1,0,4.941642422609304
زعفرانیه,120,1392,1,1,6.85751406254539
تهرانپارس غربی,80,1377,0,1,5.655991810819852
شهرک راه‌آهن,134,1399,1,1,6.274762021241939
پلیس,80,1380,0,1,5.5053315359323625
طرشت,60,1383,0,1,5.198497031265826
شهرک غرب,90,1390,1,1,6.19644412779452
فرمانیه,130,1396,1,1,6.68586094706836
شهرک غرب,138,1390,1,1,6.329720905522696
تهران‌سر,100,1395,1,1,5.673323267171493
ولنجک,200,1388,1,1,7.496097345175956
جردن,90,1390,1,1,6.478509642208569
ظفر,120,1390,1,1,6.55250788703459
الهیه,230,1398,1,1,7.762596048540069
شهرک راه‌آهن,127,1389,1,1,5.902633333401366
میرداماد,94,1393,1,1,6.26530121273771
جنت‌آباد جنوبی,72,1395,1,1,5.673323267171493
کوی فردوس,72,1390,1,1,5.831882477283517
تهرانپارس غربی,70,1391,1,1,5.655991810819852
پونک,60,1385,0,1,5.5254529391317835
نیرو هوایی,125,1395,1,1,6.311734809152915
ولنجک,380,1399,1,1,8.24301946898925
پونک,190,1399,1,1,7.3783837129967145
شهرک نفت (منطقه ۱),123,1393,1,1,6.68586094706836
الهیه,240,1398,1,1,7.804251383528112
حسین‌آباد,128,1399,1,1,6.523562306149512
الهیه,155,1393,1,1,7.280008252884188
رودهن,72,1385,0,1,4.709530201312334
شهرک غرب,110,1395,1,1,6.523562306149512
نیرو هوایی,90,1380,0,1,5.420534999272286
اقدسیه,125,1393,1,1,6.621405651764134
جیحون,66,1395,1,1,5.0689042022202315
جنت‌آباد مرکزی,80,1380,0,0,5.5254529391317835
کامرانیه,150,1393,1,1,7.048386408721883
نارمک,107,1398,1,1,5.942799375126701
دروس,320,1394,1,1,8.294299608857235
آذربایجان,53,1386,1,1,4.983606621708336
شهرک غرب,140,1393,1,1,6.8679744089702925
پونک,110,1393,1,1,6.311734809152915
الهیه,85,1387,1,1,6.329720905522696
سعادت‌آباد,130,1394,1,1,7.208600337960199
کوی فردوس,110,1399,1,1,6.398594934535208
نیاوران,230,1395,1,1,7.804251383528112
ستارخان,120,1385,0,1,6.398594934535208
سازمان برنامه,80,1387,1,1,5.484796933490655
ولنجک,175,1398,1,1,7.0909098220799835
الهیه,170,1397,1,1,7.783640596221253
اقدسیه,173,1391,1,1,6.55250788703459
زعفرانیه,185,1391,1,1,6.947937068614969
سعادت‌آباد,95,1395,1,1,6.246106765481563
قیطریه,111,1395,1,1,6.493753839851686
چیتگر,100,1399,1,1,6.55250788703459
بلوار کشاورز,120,1376,0,1,6.111467339502679
قیطریه,110,1395,1,1,6.478509642208569
جنت‌آباد شمالی,87,1397,1,1,6.102558594613569
کوی فردوس,150,1396,1,1,6.206575926724928
جردن,104,1385,1,1,6.246106765481563
ونک,130,1395,1,1,6.364750756851911
هاشمی,55,1392,1,0,5.049856007249537
سعادت‌آباد,110,1398,1,1,6.8885724595653635
پونک,75,1388,1,1,5.707110264748875
جنت‌آباد مرکزی,140,1390,0,1,5.817111159963204
هروی,115,1395,1,1,6.431331081933479
کوی فردوس,65,1385,1,1,5.673323267171493
سعادت‌آباد,100,1397,1,1,6.246106765481563
پاسداران,130,1390,1,1,6.493753839851686
صادقیه,165,1399,1,1,6.825460036255307
فرمانیه,250,1385,1,1,7.473637108496206
سعادت‌آباد,140,1388,1,1,6.93828448401696
آذربایجان,75,1389,0,0,6.522092798170152
قلهک,85,1390,1,1,5.768320995793772
پونک,115,1392,1,1,6.478509642208569
پونک,90,1389,1,1,5.739792912179234
سعادت‌آباد,176,1387,1,1,7.244941546337007
شهرک غرب,110,1399,1,1,7.0909098220799835
سعادت‌آباد,135,1388,1,1,6.7580945044277305
ازگل,75,1390,1,1,5.739792912179234
صادقیه,74,1384,1,1,5.545177444479562
صفا,55,1375,0,0,4.663439094112067
قرچک,75,1386,0,0,4.465908118654584
دارآباد,100,1397,1,1,6.391917113392602
مخصوص,65,1380,0,0,4.663439094112067
فرمانیه,200,1398,1,1,8.006700845440367
جردن,65,1393,1,1,5.771441123130016
باغ فیض,135,1396,1,1,6.293419278846481
شهر قدس,60,1390,0,0,3.9318256327243257
پاکدشت,160,1398,1,1,5.25227342804663
شهران جنوبی,90,1385,0,1,5.484796933490655
فرمانیه,190,1398,1,1,7.0825485693553
ظفر,80,1384,1,1,5.968707559985366
کوی بیمه,162,1399,1,1,6.53813982376767
سیدخندان,115,1383,1,0,6.499787040655854
سعادت‌آباد,125,1390,1,1,6.39024066706535
الهیه,100,1397,1,1,6.803505257608338
ولنجک,117,1399,1,1,7.0909098220799835
جوادیه تهرانپارس,60,1381,0,1,4.983606621708336
سعادت‌آباد,90,1396,1,1,5.916202062607435
نارمک,120,1380,0,1,5.993961427306569
پونک,80,1390,1,1,5.942799375126701
کوی بیمه,126,1392,1,1,5.968707559985366
مسعودیه,75,1386,0,0,4.948759890378168
گرگان,95,1399,1,1,5.707110264748875
نیاوران,210,1399,1,1,7.8636512654486515
الهیه,160,1396,1,1,7.3783837129967145
اندیشه,75,1388,1,1,4.709530201312334
حشمتیه,140,1397,1,1,6.066108090103747
الهیه,130,1390,1,1,6.647688373563329
ارامنه,50,1399,1,0,5.3981627015177525
تهرانپارس غربی,135,1399,1,1,6.621405651764134
بهار,55,1392,1,1,5.278114659230517
پاسداران,160,1397,1,1,7.313886831633462
جنت‌آباد شمالی,110,1384,1,1,5.993961427306569
پاسداران,178,1399,1,1,7.496097345175956
فرمانیه,180,1389,1,1,7.039660349862076
جنت‌آباد مرکزی,90,1391,1,1,5.860786223465865
جنت‌آباد شمالی,110,1385,1,1,6.089044875446846
تهرانپارس شرقی,54,1379,0,1,4.882801922586371
دروس,165,1399,1,1,7.824445930877619
چیتگر,116,1396,1,1,5.916202062607435
تهرانپارس غربی,50,1385,1,0,5.303304908059076
تهرانپارس غربی,145,1399,1,1,6.7464121285733745
جردن,150,1389,1,1,6.8679744089702925
نیاوران,137,1394,1,1,7.00397413672268
مهرآباد جنوبی,106,1399,1,1,5.968707559985366
اباذر,85,1396,1,1,5.87493073085203
پونک,78,1392,1,1,6.2166061010848646
جنت‌آباد جنوبی,105,1399,1,1,6.246106765481563
شهرک آزادی,107,1399,1,1,5.993961427306569
جی,60,1388,0,0,5.017279836814924
کوی فردوس,90,1398,1,1,6.398594934535208
سعادت‌آباد,100,1385,1,1,6.621405651764134
زعفرانیه,172,1398,1,1,8.006700845440367
امیرآباد,90,1399,1,1,6.311734809152915
پونک,170,1380,0,0,6.311734809152915
زرگنده,120,1390,0,0,6.111467339502679
باغ فیض,48,1384,0,0,5.303304908059076
قیطریه,100,1392,1,1,6.85751406254539
پاسداران,140,1385,1,1,6.90875477931522
گرگان,130,1395,1,1,6.066108090103747
نیاوران,177,1397,1,1,7.1316985104669115
جنت‌آباد شمالی,83,1387,0,1,5.726847747587197
شهرک غرب,155,1398,1,1,7.244941546337007
درکه,140,1399,1,1,6.621405651764134
پونک,110,1389,0,1,5.771441123130016
آجودانیه,100,1391,1,1,6.54534966033442
جنت‌آباد شمالی,87,1397,1,1,6.066108090103747
پونک,120,1395,1,1,6.398594934535208
گمرک,55,1397,1,1,4.983606621708336
تهرانپارس شرقی,65,1399,1,1,5.25227342804663
پاسداران,105,1389,1,1,6.089044875446846
نیلوفر,150,1399,1,1,6.85751406254539
حافظیه,50,1384,0,1,5.0238805208462765
فیروزآبادی,94,1390,0,0,5.3706380281276624
جنت‌آباد جنوبی,80,1395,1,1,5.802118375377063
پونک,65,1385,0,0,5.545177444479562
آجودانیه,100,1390,1,0,6.19644412779452
مقدم,53,1385,0,1,4.7535901911063645
پیروزی,90,1387,0,1,5.968707559985366
شهر زیبا,95,1390,1,1,5.993961427306569
هروی,130,1398,1,1,6.792344427470809
ستارخان,73,1395,1,1,5.771441123130016
شمس‌آباد,65,1389,1,1,5.69035945432406
هروی,115,1396,1,1,6.447305862541213
شاهین,125,1388,1,1,6.3561076606958915
شوش,72,1396,0,1,5.111987788356544
دانشگاه علم و صنعت,60,1388,0,0,4.859812404361672
دریاچه شهدای خلیج فارس,125,1395,1,1,6.2166061010848646
اقدسیه,140,1375,0,1,6.19644412779452
نظام‌آباد,75,1399,1,1,5.5254529391317835
کامرانیه,120,1385,0,0,5.5254529391317835
نیاوران,140,1397,1,1,6.7580945044277305
سعادت‌آباد,130,1390,1,1,6.660575149839686
سعادت‌آباد,110,1399,1,1,6.803505257608338
نیاوران,300,1396,1,1,8.294299608857235
ظفر,90,1388,1,1,5.993961427306569
زعفرانیه,220,1390,1,1,7.415175109613295
نیرو هوایی,78,1395,1,1,5.655991810819852
سعادت‌آباد,164,1390,1,1,6.660575149839686
ظفر,145,1390,1,1,6.493753839851686
مرزداران,100,1391,1,1,6.329720905522696
عباس‌آباد,87,1386,1,1,5.69035945432406
اختیاریه,100,1390,1,1,6.274762021241939
سعادت‌آباد,160,1392,1,1,6.68586094706836
سعادت‌آباد,200,1382,0,1,6.8885724595653635
شهرک راه‌آهن,280,1399,1,1,7.601402334583733
ستارخان,66,1384,0,0,5.3230099791384085
امیریه,50,1389,0,0,4.663439094112067
سعادت‌آباد,135,1385,1,1,6.621405651764134
صادقیه,80,1398,1,1,6.089044875446846
جنت‌آباد جنوبی,65,1385,0,1,5.327876168789581
نیرو هوایی,40,1384,0,0,4.330733340286331
آذربایجان,36,1385,0,0,4.912654885736052
سازمان برنامه,80,1388,1,1,6.016157159698354
پونک,120,1392,1,1,6.398594934535208
نیاوران,90,1394,1,1,5.942799375126701
دروس,143,1385,1,1,6.621405651764134
قرچک,75,1398,1,1,4.61512051684126
شمس‌آباد,77,1392,1,1,5.583496308781699
آهنگ,70,1389,1,1,5.5254529391317835
شهر زیبا,75,1395,1,1,5.817111159963204
جردن,250,1380,1,1,6.985641817639208
الهیه,330,1390,1,1,8.055475141757274
هروی,112,1379,0,1,6.3818160174060985
شمس‌آباد,100,1387,1,0,5.993961427306569
جنت‌آباد شمالی,190,1399,1,1,7.208600337960199
نیاوران,110,1399,1,1,7.170888478512505
سعادت‌آباد,180,1397,1,1,7.244941546337007
سهروردی,60,1393,1,1,5.942799375126701
کوی فردوس,132,1386,1,1,6.523562306149512
اختیاریه,140,1394,1,1,6.46302945692067
پونک,110,1380,0,1,6.066108090103747
قیطریه,185,1385,1,1,6.85751406254539
آذربایجان,60,1390,0,0,4.948759890378168
میرداماد,254,1387,1,1,7.438971592395862
جمهوری,45,1384,1,1,4.948759890378168
جنت‌آباد جنوبی,85,1380,0,1,5.594711379601839
سعادت‌آباد,110,1397,1,1,6.763884908562435
کوی فردوس,60,1385,1,1,5.564520407322694
شهرک شهید باقری,107,1387,1,1,5.846438775057725
سازمان برنامه,145,1399,1,1,6.90875477931522
فاطمی,55,1380,0,0,5.351858133476067
رودهن,145,1395,1,1,5.707110264748875
پونک,80,1399,1,1,6.364750756851911
سهروردی,70,1390,1,1,5.771441123130016
نیاوران,160,1399,1,1,7.259116128097101
ستارخان,81,1399,1,1,6.042632833682381
سعادت‌آباد,175,1395,1,1,6.68586094706836
زعفرانیه,240,1390,1,1,7.307202314764738
پاسداران,200,1390,1,1,7.313886831633462
آجودانیه,200,1399,1,1,6.90875477931522
سعادت‌آباد,120,1399,1,1,6.8679744089702925
سعادت‌آباد,180,1399,1,1,7.1316985104669115
الهیه,340,1389,1,1,8.31898612539206
تهرانپارس غربی,65,1387,0,0,5.220355825078324
شکوفه,72,1394,1,1,5.420534999272286
نارمک جنوبی,55,1395,1,1,4.983606621708336
کوی فردوس,70,1383,0,1,5.771441123130016
الهیه,185,1381,0,1,6.966967138613983
افسریه,50,1389,0,1,5.017279836814924
پونک,115,1398,1,1,6.364750756851911
سوهانک,153,1393,1,1,7.0909098220799835
کوی فردوس,112,1398,1,1,6.53813982376767
دریاچه شهدای خلیج فارس,99,1399,1,1,5.942799375126701
کوی فردوس,80,1390,1,1,5.926926025970411
پونک,105,1390,1,1,6.133398042996649
گیشا (کوی نصر),170,1378,0,1,6.364750756851911
محمودیه,230,1399,1,1,8.216358332386156
فرمانیه,300,1387,1,1,7.550135342488429
یوسف‌آباد,140,1399,1,1,6.68586094706836
استاد معین,65,1385,0,1,5.170483995038151
کرمان,51,1388,1,0,5.303304908059076
فرمانیه,140,1391,1,1,6.803505257608338
زعفرانیه,350,1385,1,1,7.824445930877619
الهیه,200,1399,1,1,7.650168700845001
اباذر,89,1391,1,1,5.87493073085203
شهرک غرب,120,1394,1,1,6.406879986069314
جنت‌آباد جنوبی,96,1381,0,1,5.831882477283517
کوی فردوس,75,1382,0,1,5.723585101952381
آجودانیه,230,1388,0,1,6.478509642208569
هروی,110,1399,1,1,6.608000625296087
سبلان,94,1399,1,1,5.484796933490655
الهیه,130,1396,1,1,7.313886831633462
سهروردی,80,1385,1,1,5.993961427306569
سعادت‌آباد,220,1388,1,1,7.223295679562314
جنت‌آباد مرکزی,70,1386,0,1,5.707110264748875
سعادت‌آباد,81,1384,0,0,5.8888779583328805
پونک,65,1380,0,1,5.564520407322694
جوادیه,60,1380,0,1,4.983606621708336
سعادت‌آباد,85,1385,1,1,5.993961427306569
اختیاریه,125,1390,1,1,6.7464121285733745
دزاشیب,190,1398,1,1,7.244941546337007
جنت‌آباد مرکزی,125,1390,1,1,6.226536669287466
سعادت‌آباد,85,1385,1,1,6.054439346269371
تهرانپارس غربی,85,1392,1,0,5.707110264748875
هاشمی,60,1386,0,1,5.0106352940962555
ولنجک,200,1392,1,1,7.123672785204607
شهریار,135,1394,1,1,5.655991810819852
هروی,125,1399,1,1,6.90875477931522
پرند,130,1398,1,1,5.575949103146316
حشمتیه,70,1380,0,1,5.3981627015177525
پاسداران,150,1390,1,1,7.244941546337007
پونک,90,1387,0,1,5.802118375377063
ونک,165,1398,1,1,6.90875477931522
اوقاف,63,1396,1,1,5.564520407322694
تهرانپارس غربی,100,1388,1,1,5.8888779583328805
دروس,270,1394,1,1,7.741099090035366
دریاچه شهدای خلیج فارس,108,1399,1,1,5.831882477283517
نیاوران,220,1397,1,1,7.824445930877619
پاسداران,185,1399,1,1,7.473637108496206
قیطریه,220,1399,1,1,7.601402334583733
اقدسیه,185,1396,1,1,7.170888478512505
شمس‌آباد,68,1385,0,0,5.5254529391317835
سعادت‌آباد,265,1395,1,1,7.824445930877619
لواسان,260,1392,1,1,7.280008252884188
پیروزی,50,1385,0,0,4.394449154672439
نیاوران,102,1396,1,1,6.634633357861686
سعادت‌آباد,160,1390,1,1,6.85751406254539
شهرک غرب,75,1387,0,0,5.802118375377063
پونک,137,1399,1,1,6.666956792429207
مرزداران,200,1397,1,1,7.0909098220799835
سعادت‌آباد,200,1389,1,1,6.621405651764134
میرداماد,255,1387,1,1,7.280008252884188
نیاوران,360,1385,1,1,7.741099090035366
دروازه شمیران,51,1381,1,0,4.897839799950911
سعادت‌آباد,100,1385,1,1,6.608000625296087
تهرانپارس شرقی,55,1385,0,0,4.948759890378168
کوی فردوس,75,1395,1,1,5.916202062607435
افسریه,70,1397,1,1,5.442417710521793
پونک,75,1395,1,1,5.583496308781699
رودهن,140,1395,1,1,5.860786223465865
شهرک نفت (منطقه ۱),150,1385,1,1,6.68586094706836
سعادت‌آباد,90,1389,1,1,6.3818160174060985
مرزداران,75,1399,1,1,5.942799375126701
پونک,50,1390,1,0,5.5053315359323625
الهیه,190,1392,1,1,7.783640596221253
تهرانپارس غربی,130,1399,1,1,6.580639137284949
سعادت‌آباد,108,1381,1,1,6.398594934535208
مجیدیه,53,1393,1,1,5.351858133476067
تجریش,135,1399,1,1,6.85751406254539
فرمانیه,180,1388,1,1,7.244941546337007
کوی فردوس,85,1390,0,1,5.771441123130016
پردیس,120,1397,1,1,5.583496308781699
قرچک,55,1388,0,0,4.110873864173311
بومهن,85,1395,1,0,4.394449154672439
سعادت‌آباد,90,1394,1,1,6.55250788703459
مجیدیه,60,1391,1,1,5.170483995038151
ستارخان,67,1384,0,0,5.351858133476067
فرمانیه,150,1397,1,1,6.85751406254539
پونک,95,1390,1,1,5.802118375377063
فرمانیه,160,1394,1,1,7.170888478512505
فرمانیه,115,1385,0,1,6.580639137284949
شهرک غرب,120,1384,0,1,6.26530121273771
باغ فیض,75,1393,1,1,6.19644412779452
باغ فیض,85,1397,1,1,5.955837369464831
پاسداران,118,1390,1,1,6.415096959171596
حسین‌آباد,75,1387,0,0,5.5254529391317835
پیروزی,63,1383,1,0,5.198497031265826
فرمانیه,145,1390,1,1,6.769641976852503
صادقیه,95,1392,1,1,6.371611847231857
جردن,140,1387,0,1,6.634633357861686
امیرآباد,85,1399,1,1,6.2166061010848646
میرداماد,90,1382,1,1,5.942799375126701
کوهک,135,1390,0,1,6.274762021241939
چیذر,200,1385,1,1,6.928537818164665
باغ فردوس,200,1391,1,1,6.90875477931522
رودهن,75,1399,1,0,4.394449154672439
صد دستگاه,90,1375,0,0,5.673323267171493
ولنجک,550,1385,1,1,8.77971129020447
هروی,240,1385,1,1,7.409136443920128
چیتگر,150,1399,1,1,6.111467339502679
قیطریه,245,1399,1,1,7.824445930877619
اراج,106,1385,1,1,5.849324779946859
شهرک راه‌آهن,90,1391,1,1,6.018593214496234
سعادت‌آباد,155,1398,1,1,7.313886831633462
دریاچه شهدای خلیج فارس,100,1399,1,1,5.955837369464831
دریاچه شهدای خلیج فارس,133,1391,1,1,5.916202062607435
چیتگر,117,1399,1,1,6.634633357861686
نارمک,65,1391,0,0,5.564520407322694
سرآسیاب دولاب,80,1399,1,1,5.638354669333745
پونک,90,1395,1,1,6.133398042996649
پاسداران,250,1390,1,1,7.057036981697891
اختیاریه,100,1395,1,1,6.329720905522696
باغ فیض,85,1387,0,1,5.846438775057725
نیاوران,155,1399,1,1,7.307202314764738
شیان,85,1390,1,1,5.638354669333745
شهرک غرب,130,1390,1,1,6.716594773520978
عباس‌آباد,75,1380,0,0,5.707110264748875
فرمانیه,96,1394,1,1,6.46302945692067
الهیه,110,1382,1,1,6.311734809152915
شهرک کیانشهر,58,1363,0,0,4.454347296253507
نیاوران,165,1395,1,1,7.244941546337007
خانی‌آباد نو,75,1380,0,0,4.795790545596741
نیاوران,200,1391,1,1,7.107425474110705
تهرانپارس غربی,64,1380,0,1,5.327876168789581
جنت‌آباد شمالی,150,1392,1,1,6.55250788703459
دروس,280,1395,1,1,7.484930283289661
صادقیه,68,1375,0,1,5.4638318050256105
شهرک پرواز,120,1396,1,1,6.274762021241939
فاطمی,190,1374,0,1,5.707110264748875
جنت‌آباد مرکزی,130,1399,1,1,6.398594934535208
تهران‌سر,55,1384,0,1,4.836281906951478
فرمانیه,300,1390,1,1,6.803505257608338
سعادت‌آباد,81,1380,0,0,5.993961427306569
تهرانپارس شرقی,106,1385,0,1,5.564520407322694
دریاچه شهدای خلیج فارس,103,1399,1,1,5.8888779583328805
آذری,53,1390,0,0,4.7535901911063645
هروی,118,1395,1,1,6.566672429803241
امیریه,150,1398,1,1,6.311734809152915
پاسداران,150,1390,1,1,7.0909098220799835
تهرانپارس غربی,85,1388,0,1,5.4510384535657
زعفرانیه,170,1395,1,1,7.696667081526462
فرمانیه,270,1397,1,1,7.855932199718614
ولنجک,120,1395,1,1,7.00397413672268
پاسداران,217,1390,1,1,7.1316985104669115
اندیشه,110,1399,1,1,5.564520407322694
ظفر,140,1375,1,1,6.100318952020064
زعفرانیه,135,1399,1,1,7.170888478512505
پاسداران,90,1395,1,1,6.089044875446846
شهرک غرب,85,1387,1,1,5.993961427306569
کوهک,143,1397,1,1,6.3473892096560105
گیشا (کوی نصر),75,1398,1,1,6.364750756851911
دریاچه شهدای خلیج فارس,115,1397,1,1,6.054439346269371
پونک,84,1397,1,1,6.311734809152915
باغ فیض,80,1385,1,1,5.8888779583328805
دریاچه شهدای خلیج فارس,103,1398,1,1,5.8888779583328805
پاسداران,109,1398,1,1,6.957497370876951
فرمانیه,200,1385,1,1,6.621405651764134
زعفرانیه,230,1398,1,1,7.989899374942939
آبشار تهران,80,1390,1,1,5.3981627015177525
اختیاریه,110,1388,1,1,6.3561076606958915
ولنجک,130,1399,1,1,7.170888478512505
حکیمیه,105,1399,1,1,5.942799375126701
جنت‌آباد شمالی,65,1385,0,1,5.327876168789581
آسمان,143,1393,1,1,6.274762021241939
هروی,97,1388,1,1,6.066108090103747
جردن,248,1371,0,0,6.566672429803241
پونک,110,1391,1,1,6.398594934535208
شهر قدس,30,1392,0,0,3.332204510175204
فرمانیه,400,1399,1,1,8.853808274977197
هروی,80,1399,1,1,6.2166061010848646
سنایی,200,1378,0,1,6.478509642208569
شمس‌آباد,147,1398,1,1,6.523562306149512
نیاوران,160,1389,1,1,6.90875477931522
تهرانپارس شرقی,90,1399,1,1,5.942799375126701
ولنجک,310,1390,1,1,7.601402334583733
سلسبیل,50,1380,0,0,5.14166355650266
قرچک,58,1392,0,0,3.9318256327243257
قیطریه,85,1388,1,1,5.831882477283517
نارمک,110,1396,1,1,6.077642243349034
سعادت‌آباد,123,1395,1,1,6.740519359606223
نارمک جنوبی,72,1386,1,1,5.942799375126701
فرمانیه,200,1396,1,1,7.741099090035366
اختیاریه,230,1394,1,1,7.696667081526462
سعادت‌آباد,105,1395,1,1,6.803505257608338
بهار,70,1379,1,0,5.424950017481403
ظفر,115,1389,1,1,6.46302945692067
نیاوران,214,1388,1,1,7.313886831633462
شمس‌آباد,95,1395,1,1,5.707110264748875
پونک,60,1386,0,1,5.442417710521793
جنت‌آباد مرکزی,140,1396,1,1,6.3561076606958915
دریاچه شهدای خلیج فارس,125,1394,1,1,6.508769136971682
دریاچه شهدای خلیج فارس,150,1393,1,1,6.154858094016418
کوی فردوس,190,1399,1,1,7.208600337960199
دارآباد,80,1393,1,1,5.968707559985366
تجریش,135,1399,1,1,6.957497370876951
پردیس,115,1398,1,1,5.303304908059076
ولنجک,95,1386,1,1,6.792344427470809
جنت‌آباد مرکزی,130,1390,1,1,6.364750756851911
دروس,113,1390,1,1,6.621405651764134
الهیه,150,1394,1,1,7.766840537085513
پردیس,87,1398,1,0,4.61512051684126
اندیشه,50,1396,0,0,4.51085950651685
دروس,270,1396,1,1,7.1631723908466425
میرداماد,190,1375,1,1,6.621405651764134
زعفرانیه,125,1392,1,1,6.85751406254539
دروس,117,1389,1,1,6.621405651764134
سعادت‌آباد,100,1388,1,1,6.85751406254539
باغ فیض,95,1396,1,1,6.19644412779452
جنت‌آباد شمالی,80,1397,1,1,5.886104031450156
ولنجک,145,1395,1,1,7.099201743553092
پیروزی,95,1392,0,1,5.583496308781699
پیروزی,65,1390,0,0,5.303304908059076
دروس,160,1396,1,1,7.0909098220799835
تهران‌نو,80,1395,1,1,6.042632833682381
شهرآرا,75,1375,0,1,5.3981627015177525
اوین,115,1397,1,1,6.523562306149512
شهرک غرب,160,1399,1,1,7.313886831633462
ولنجک,145,1390,1,1,6.947937068614969
کامرانیه,130,1391,1,1,6.957497370876951
الهیه,320,1393,1,1,8.216358332386156
الهیه,200,1397,1,1,7.313886831633462
رودهن,107,1396,1,1,5.3230099791384085
جردن,180,1389,1,1,6.68586094706836
سعادت‌آباد,160,1386,1,1,7.0909098220799835
فرمانیه,225,1385,1,1,7.0909098220799835
کوی فردوس,70,1391,1,1,5.564520407322694
صادقیه,160,1399,1,1,6.7464121285733745
قیطریه,243,1399,1,1,7.783640596221253
ستارخان,65,1385,0,1,5.278114659230517
پردیس,90,1399,1,1,4.795790545596741
پرند,78,1395,1,0,4.110873864173311
دریان‌نو,125,1399,1,1,6.508769136971682
تهرانپارس غربی,82,1395,1,1,5.62040086571715
هروی,130,1399,1,1,6.406879986069314
زعفرانیه,175,1391,1,1,6.792344427470809
پاسداران,120,1399,1,1,6.803505257608338
جنت‌آباد جنوبی,63,1380,0,1,5.303304908059076
زمزم,62,1385,1,0,4.795790545596741
اندیشه,50,1394,1,1,4.61512051684126
پاسداران,160,1399,1,1,7.3783837129967145
سعادت‌آباد,180,1395,1,1,7.1785454837637
شهید رجایی,70,1392,1,1,5.303304908059076
الهیه,270,1394,1,1,7.824445930877619
تهرانپارس غربی,100,1390,1,1,6.089044875446846
شمس‌آباد,140,1395,1,1,6.523562306149512
تهرانپارس غربی,86,1389,0,1,5.786897381366708
پونک,105,1396,1,1,6.19644412779452
پونک,110,1391,1,1,6.042632833682381
شهران جنوبی,65,1388,1,1,5.204006687076795
تهران‌سر,95,1399,1,1,5.659482215759621
الهیه,150,1385,1,1,7.244941546337007
تهران‌ویلا,51,1399,1,1,5.771441123130016
کوی فردوس,130,1399,1,1,6.55250788703459
فرمانیه,230,1396,1,1,7.937731775260109
مجیدیه,48,1396,0,0,3.6375861597263857
ولنجک,240,1385,1,1,7.467942332285852
قیطریه,115,1384,1,1,6.516193076042964
تهرانپارس غربی,85,1397,1,1,5.968707559985366
شهید بروجردی,115,1380,0,0,5.198497031265826
اختیاریه,128,1385,1,1,6.710523109452428
سپهر,100,1388,0,1,6.493753839851686
دروس,175,1390,1,1,7.0909098220799835
پاسداران,100,1385,1,1,6.431331081933479
الهیه,300,1384,1,1,7.13966033596492
فرمانیه,148,1399,1,1,7.0825485693553
پونک,65,1391,0,0,5.25227342804663
پاسداران,152,1397,1,1,6.775366090936392
امامت,50,1388,0,0,4.983606621708336
شهرک راه‌آهن,165,1393,1,1,6.398594934535208
جنت‌آباد جنوبی,135,1399,1,1,6.792344427470809
نیاوران,160,1395,1,1,6.90875477931522
هروی,145,1396,1,1,6.634633357861686
کامرانیه,70,1390,1,1,5.786897381366708
رباط کریم,110,1396,1,1,4.836281906951478
کوهک,110,1399,1,1,6.311734809152915
زعفرانیه,350,1389,1,1,7.601402334583733
الهیه,195,1389,1,1,7.576097340623111
لواسان,200,1393,1,1,6.825460036255307
کوی فردوس,70,1385,0,0,5.60947179518496
استخر,45,1390,1,0,4.882801922586371
سعادت‌آباد,98,1395,1,1,6.246106765481563
یوسف‌آباد,70,1388,1,0,5.5254529391317835
ائمه اطهار,86,1399,1,1,5.993961427306569
آهنگ,168,1388,1,1,6.68586094706836
سلسبیل,50,1399,1,1,5.14166355650266
فاطمی,98,1390,1,1,6.311734809152915
قیطریه,85,1399,1,1,6.523562306149512
قیطریه,300,1382,1,1,7.039660349862076
پونک,70,1389,0,0,5.484796933490655
قیطریه,140,1396,1,1,6.947937068614969
نیاوران,122,1397,1,1,6.78105762593618
سعادت‌آباد,185,1398,1,1,7.824445930877619
فشم,186,1398,1,1,6.803505257608338
قیطریه,230,1397,1,1,7.601402334583733
زعفرانیه,175,1390,1,1,8.03947991910045
اقدسیه,220,1393,1,1,7.1316985104669115
کوی فردوس,90,1399,1,1,5.902633333401366
اختیاریه,135,1390,1,1,6.803505257608338
درکه,111,1396,1,1,6.2166061010848646
الهیه,130,1395,1,1,7.215975002651466
مرزداران,130,1394,1,1,6.68586094706836
جنت‌آباد شمالی,64,1395,1,1,5.860786223465865
شمس‌آباد,120,1397,1,1,6.478509642208569
باغ فیض,98,1393,1,1,5.902633333401366
سعادت‌آباد,150,1398,1,1,7.438971592395862
سعادت‌آباد,65,1386,1,1,5.831882477283517
امیریه,55,1392,0,1,5.081404364984463
اقدسیه,95,1391,1,1,6.018593214496234
جردن,175,1388,1,1,6.566672429803241
زعفرانیه,160,1395,1,1,7.824445930877619
پاسداران,95,1399,1,1,6.508769136971682
زعفرانیه,180,1399,1,1,7.696667081526462
سهروردی,75,1384,0,1,5.860786223465865
خانی‌آباد نو,60,1389,0,0,4.727387818712341
صادقیه,90,1399,1,1,6.2166061010848646
کوی فردوس,60,1397,1,1,5.860786223465865
زعفرانیه,175,1381,1,1,7.1316985104669115
پاسداران,151,1393,1,1,6.7226297948554485
پونک,82,1391,1,1,6.133398042996649
امیر بهادر,59,1389,0,1,4.859812404361672
سهروردی,190,1375,0,0,6.398594934535208
امیریه,60,1384,0,0,5.017279836814924
ولنجک,90,1396,1,1,7.00397413672268
دریاچه شهدای خلیج فارس,102,1398,1,1,5.8888779583328805
نیرو هوایی,100,1383,1,1,5.993961427306569
فرمانیه,90,1384,1,1,6.90875477931522
سعادت‌آباد,100,1393,1,1,6.2166061010848646
ازگل,86,1384,1,1,6.236369590203704
شهرک غرب,320,1377,1,1,7.824445930877619
شاهین,110,1389,1,1,6.2166061010848646
دهکده المپیک,150,1399,1,1,7.0909098220799835
هروی,65,1398,1,0,5.420534999272286
قیطریه,115,1398,1,1,6.90875477931522
کوهک,138,1399,1,1,6.7464121285733745
امیرآباد,75,1397,1,1,6.111467339502679
یوسف‌آباد,90,1374,1,1,6.2166061010848646
نیاوران,250,1398,1,1,7.438971592395862
شاهین,125,1385,1,1,6.364750756851911
زعفرانیه,210,1397,1,1,7.462214939768189
تهرانپارس شرقی,82,1386,0,1,5.638354669333745
جردن,220,1391,1,1,7.3783837129967145
قلهک,110,1390,1,1,6.398594934535208
سیدخندان,58,1383,1,1,5.2832037287379885
سعادت‌آباد,220,1399,1,1,8.006700845440367
مرزداران,70,1385,0,0,5.351858133476067
دروس,145,1393,1,1,6.841615476477592
هزارسنگ,178,1387,1,1,7.00397413672268
اباذر,105,1389,1,1,6.021023349349527
آجودانیه,200,1391,1,1,7.601402334583733
سعادت‌آباد,145,1398,1,1,6.878326468291325
نیاوران,360,1395,1,1,8.006700845440367
هروی,180,1379,0,1,6.580639137284949
حکیمیه,105,1399,1,1,6.111467339502679
دریاچه شهدای خلیج فارس,110,1396,1,1,6.55250788703459
زعفرانیه,160,1392,1,1,7.048386408721883
دریاچه شهدای خلیج فارس,170,1399,1,1,6.3473892096560105
فرمانیه,60,1380,1,1,6.398594934535208
ازگل,75,1393,1,1,5.771441123130016
پاتریس لومومبا,65,1390,1,1,5.916202062607435
زعفرانیه,300,1389,1,1,7.955425088912672
جیحون,50,1372,0,0,4.430816798843313
سعادت‌آباد,90,1396,1,1,6.255750041753367
فرمانیه,310,1389,1,1,8.006700845440367
محمودیه,180,1389,1,1,7.099201743553092
جردن,145,1389,1,1,6.90875477931522
فرمانیه,120,1399,1,1,6.90875477931522
قیطریه,130,1398,1,1,6.55250788703459
امیریه,76,1391,1,1,5.723585101952381
سعادت‌آباد,250,1390,1,1,7.696667081526462
باغ فیض,65,1386,0,1,5.545177444479562
پیروزی,93,1389,0,1,5.602118820879701
سعادت‌آباد,103,1388,1,1,6.621405651764134
مجیدیه,60,1399,1,1,5.564520407322694
تهرانپارس غربی,110,1397,1,1,6.398594934535208
جنت‌آباد مرکزی,125,1388,1,1,6.274762021241939
مجیدیه,60,1389,0,0,4.927253685157205
شهرک نفت (منطقه ۵),62,1387,1,1,5.583496308781699
دروس,125,1399,1,1,7.313886831633462
قیطریه,250,1385,1,1,7.346655163176539
سعادت‌آباد,77,1389,1,1,6.3818160174060985
گیشا (کوی نصر),75,1371,0,0,5.831882477283517
دارآباد,105,1390,1,1,6.55250788703459
شهرک راه‌آهن,115,1394,1,1,5.968707559985366
پونک,75,1394,0,1,5.993961427306569
پونک,65,1387,1,1,5.424950017481403
اختیاریه,140,1389,1,1,6.55250788703459
شهرک غرب,140,1383,1,1,6.90875477931522
نواب,60,1394,0,0,5.017279836814924
شهر زیبا,80,1396,1,1,5.771441123130016
توانیر,130,1399,1,1,7.057036981697891
اقدسیه,150,1398,1,1,6.985641817639208
جنت‌آباد جنوبی,75,1388,0,1,5.41610040220442
زرکش,150,1399,1,1,6.1224928095143865
زعفرانیه,250,1395,1,1,7.601402334583733
نارمک,40,1379,0,0,4.875197323201151
دارآباد,105,1390,1,1,6.493753839851686
پونک,60,1387,0,1,5.673323267171493
نارمک,105,1399,1,1,5.802118375377063
قیطریه,210,1394,1,1,7.496097345175956
الهیه,270,1385,1,1,7.601402334583733
ظفر,90,1398,1,1,5.993961427306569
مشیریه,50,1390,0,1,4.406719247264253
شهر قدس,60,1391,0,0,4.204692619390966
گیشا (کوی نصر),170,1378,1,1,6.364750756851911
میرداماد,235,1385,1,1,7.00397413672268
آجودانیه,66,1399,1,1,6.144185634125646
سوهانک,130,1393,1,1,6.68586094706836
دکتر هوشیار,75,1395,1,0,5.564520407322694
پونک,95,1397,1,1,6.111467339502679
کوی فردوس,65,1389,1,1,5.655991810819852
اوقاف,59,1386,0,0,4.948759890378168
منیریه,96,1399,1,1,6.111467339502679
شهران شمالی,67,1392,1,1,5.303304908059076
طرشت,50,1363,0,0,4.983606621708336
پونک,155,1399,1,1,6.90875477931522
سعادت‌آباد,123,1398,1,1,6.621405651764134
جنت‌آباد مرکزی,110,1395,1,1,5.981414211254481
ظفر,140,1380,1,1,6.030685260261263
تهرانپارس شرقی,80,1399,0,1,5.3981627015177525
جنت‌آباد مرکزی,120,1399,1,1,6.364750756851911
سعادت‌آباد,80,1385,1,1,6.329720905522696
آبشار تهران,106,1399,1,1,6.133398042996649
نارمک,103,1389,1,1,5.8888779583328805
صادقیه,155,1399,1,1,6.769641976852503
قاسم‌آباد,100,1396,1,1,5.993961427306569
پیروزی,70,1386,1,1,5.5254529391317835
هروی,85,1399,1,1,6.398594934535208
قیطریه,91,1380,0,1,5.993961427306569
قلهک,74,1399,1,1,6.144185634125646
سعادت‌آباد,90,1392,1,1,5.929589143389895
فرمانیه,105,1394,1,1,6.621405651764134
دروس,170,1399,1,1,7.601402334583733
نیاوران,400,1396,1,1,8.24301946898925
جنت‌آباد جنوبی,90,1386,1,1,5.638354669333745
قیام‌دشت,65,1399,1,1,4.624972813284271
کوهک,93,1396,1,1,5.69035945432406
زعفرانیه,160,1385,1,1,7.01301578963963
میرداماد,120,1382,0,1,6.311734809152915
فرمانیه,235,1398,1,1,7.467942332285852
الهیه,265,1395,1,1,8.071218539969863
پونک,110,1399,1,1,6.478509642208569
باغ فیض,60,1396,1,1,5.605802066295998
تهرانپارس شرقی,55,1395,1,1,5.3981627015177525
زعفرانیه,250,1395,1,1,7.824445930877619
پردیس,100,1399,1,1,4.465908118654584
شهرک غرب,180,1380,0,1,7.313886831633462
شهر قدس,95,1399,1,0,4.983606621708336
مرزداران,90,1390,1,1,6.311734809152915
الهیه,155,1395,1,1,7.346655163176539
سعادت‌آباد,220,1397,1,1,7.8826922062890254
نیرو هوایی,60,1385,0,0,5.198497031265826
نیاوران,330,1397,1,1,8.630700432209832
سازمان برنامه,92,1387,1,0,5.942799375126701
اوین,120,1390,1,1,7.00397413672268
نارمک جنوبی,52,1394,1,1,4.983606621708336
کوی فردوس,120,1395,1,1,6.274762021241939
المهدی,60,1393,0,1,5.442417710521793
سعادت‌آباد,150,1399,1,1,6.68586094706836
الهیه,110,1396,1,1,7.00397413672268
پاسداران,180,1398,1,1,7.170888478512505
زعفرانیه,240,1395,1,1,7.901377353792616
قیطریه,160,1395,1,1,7.0909098220799835
فرمانیه,140,1397,1,1,7.259116128097101
باغ فیض,130,1398,1,1,6.293419278846481
استاد معین,75,1391,1,0,5.365976015021851
تهران‌نو,65,1387,1,1,5.568344503761097
مرزداران,130,1397,1,1,6.7226297948554485
ولنجک,150,1385,1,1,6.478509642208569
اختیاریه,210,1399,1,1,6.985641817639208
ستارخان,78,1385,0,0,5.382198850528739
پاکدشت,58,1385,0,1,3.9889840465642745
کوی فردوس,125,1397,1,1,6.2166061010848646
سعادت‌آباد,170,1386,1,1,6.7464121285733745
نیاوران,170,1399,1,1,7.170888478512505
سعادت‌آباد,120,1389,1,1,6.976348070447749
کوی فردوس,135,1395,1,1,6.46302945692067
شهران جنوبی,83,1384,1,1,5.501258210544727
دروس,82,1390,1,1,6.19644412779452
سازمان آب,57,1382,0,0,5.37989735354046
پونک,75,1396,1,1,5.583496308781699
پاسداران,125,1380,0,0,5.942799375126701
الهیه,150,1399,1,1,7.824445930877619
قیطریه,165,1390,1,1,7.00397413672268
زعفرانیه,161,1395,1,1,7.824445930877619
ولنجک,145,1389,1,1,6.903747257584598
شهریار,90,1392,1,1,5.303304908059076
الهیه,200,1387,1,1,7.0909098220799835
سعادت‌آباد,100,1387,1,1,6.3818160174060985
پونک,127,1385,1,1,6.398594934535208
دروس,180,1399,1,1,7.719129840906732
پردیس,65,1391,1,1,4.564348191467836
فشم,88,1391,1,1,5.707110264748875
جنت‌آباد مرکزی,55,1394,0,1,5.303304908059076
سهروردی,100,1388,1,1,5.860786223465865
افسریه,69,1399,1,1,5.5254529391317835
قیطریه,120,1395,1,1,6.508769136971682
حشمتیه,65,1396,1,0,5.332718793265369
دروس,260,1396,1,1,7.467942332285852
زعفرانیه,235,1396,1,1,8.101980731853192
جیحون,75,1391,0,0,5.303304908059076
سهروردی,100,1384,0,1,5.860786223465865
حکیمیه,140,1392,1,1,6.329720905522696
زعفرانیه,115,1394,1,1,6.398594934535208
اقدسیه,300,1398,1,1,8.160803920954665
پاسداران,290,1380,1,1,7.0909098220799835
کوی فردوس,80,1385,1,1,5.602118820879701
کوی فردوس,70,1387,0,1,5.771441123130016
ستارخان,85,1399,1,1,6.066108090103747
قیطریه,130,1399,1,1,7.170888478512505
جمهوری,55,1383,0,0,5.303304908059076
شهرک ولیعصر,45,1388,1,1,4.709530201312334
شهرک غرب,135,1383,1,1,6.329720905522696
نیاوران,202,1397,1,1,7.415175109613295
فلاح,62,1393,1,0,4.836281906951478
نیلوفر,95,1384,1,1,6.2166061010848646
دکتر هوشیار,73,1390,1,1,5.5254529391317835
اباذر,132,1385,1,1,6.621405651764134
دریان‌نو,105,1398,1,1,6.175867270105761
سهروردی,130,1375,0,1,6.100318952020064
نیاوران,420,1396,1,1,8.294299608857235
نیاوران,135,1380,0,1,6.398594934535208
کاظم‌آباد,60,1399,1,0,5.602118820879701
دروس,320,1385,1,1,7.1785454837637
ایران,130,1387,1,1,6.111467339502679
شهر قدس,85,1399,0,0,4.454347296253507
شمس‌آباد,100,1388,1,0,6.111467339502679
جی,40,1385,0,0,4.356708826689592
دروس,80,1385,1,1,6.111467339502679
پرستار,100,1393,1,1,6.274762021241939
گیشا (کوی نصر),170,1397,1,1,6.90875477931522
شهران جنوبی,105,1387,1,1,6.398594934535208
قنات‌کوثر,90,1395,1,1,5.955837369464831
سعادت‌آباد,160,1390,1,1,7.048386408721883
سازمان برنامه,80,1396,1,1,6.111467339502679
کوی فردوس,130,1394,1,1,6.175867270105761
زعفرانیه,170,1395,1,1,7.170888478512505
اوین,130,1397,1,1,6.274762021241939
الهیه,150,1388,1,1,6.918695219020472
شهران جنوبی,120,1399,1,1,6.55250788703459
شهرک نفت (منطقه ۵),75,1385,1,1,5.545177444479562
الهیه,170,1389,1,1,7.057036981697891
نیاوران,140,1392,1,1,6.85751406254539
تجریش,105,1398,1,1,7.244941546337007
شمس‌آباد,67,1373,0,0,5.017279836814924
دهکده المپیک,70,1380,0,1,5.147494476813453
ولنجک,280,1395,1,1,8.294299608857235
نارمک جنوبی,72,1399,0,0,5.4638318050256105
شهر قدس,42,1388,1,0,3.912023005428146
ولنجک,87,1388,1,1,6.154858094016418
هروی,100,1390,1,1,6.054439346269371
پونک,120,1399,1,1,6.364750756851911
سیروس,100,1385,0,0,5.017279836814924
سهروردی,80,1390,1,1,6.066108090103747
سهروردی,110,1399,1,1,6.621405651764134
اختیاریه,120,1385,1,1,6.68586094706836
اختیاریه,80,1399,1,1,6.55250788703459
جردن,143,1385,1,1,6.311734809152915
اندیشه,147,1397,1,1,6.994849985833071
گیشا (کوی نصر),170,1390,1,1,6.878326468291325
شهر زیبا,75,1396,1,1,5.860786223465865
نیاوران,150,1390,1,1,7.00397413672268
قیطریه,130,1395,1,1,6.68586094706836
هروی,100,1388,1,1,6.144185634125646
تهرانپارس غربی,150,1396,1,1,6.7464121285733745
فرمانیه,190,1385,1,1,6.608000625296087
دارآباد,80,1395,1,1,5.942799375126701
قیطریه,120,1396,1,1,6.447305862541213
جنت‌آباد جنوبی,80,1380,0,1,5.556828061699537
شهرک راه‌آهن,100,1387,0,1,5.771441123130016
جنت‌آباد مرکزی,150,1399,1,1,6.898714534329988
گیشا (کوی نصر),170,1399,1,1,7.467942332285852
شهر زیبا,55,1395,1,1,5.375278407684165
دارآباد,135,1393,1,1,6.236369590203704
محمودیه,110,1388,1,1,6.398594934535208
پونک,66,1385,0,1,5.402677381872279
تهرانپارس غربی,94,1381,0,1,5.916202062607435
مرزداران,108,1397,1,1,6.293419278846481
زعفرانیه,230,1390,1,1,7.00397413672268
ستارخان,85,1389,0,1,5.87493073085203
نارمک,80,1385,0,1,5.575949103146316
فرمانیه,180,1388,1,1,7.1316985104669115
یوسف‌آباد,160,1380,1,1,6.679599185844383
ازگل,125,1395,1,1,6.7580945044277305
صادقیه,85,1386,1,1,6.111467339502679
ولنجک,145,1394,1,1,7.155396301896734
نیلوفر,70,1396,1,1,5.771441123130016
چیتگر,112,1399,1,1,6.493753839851686
مرزداران,114,1389,1,1,6.133398042996649
اباذر,140,1393,1,1,6.423246963533519
دریاچه شهدای خلیج فارس,80,1390,1,1,5.3981627015177525
الهیه,160,1395,1,1,7.346655163176539
پونک,62,1394,1,1,5.583496308781699
دزاشیب,90,1399,1,1,6.68586094706836
نیاوران,300,1398,1,1,7.640603826393634
شهر زیبا,108,1381,1,1,5.87493073085203
جنت‌آباد مرکزی,150,1399,1,1,6.68586094706836
تهرانپارس غربی,150,1393,1,1,6.580639137284949
صادقیه,95,1398,1,1,6.523562306149512
سعادت‌آباد,140,1386,1,1,6.447305862541213
سعادت‌آباد,165,1386,1,1,6.692083742506628
شهر زیبا,55,1385,0,0,5.25227342804663
دریا,150,1390,1,1,6.647688373563329
دروس,145,1385,1,1,6.85751406254539
شهرک غرب,135,1393,1,1,6.85751406254539
یوسف‌آباد,200,1371,0,1,6.293419278846481
نارمک,66,1375,0,1,5.602118820879701
اقدسیه,120,1382,0,1,6.7464121285733745
کوی فردوس,90,1392,1,1,6.400257445308821
اوقاف,80,1399,1,1,5.771441123130016
شهر قدس,50,1395,0,0,4.02535169073515
نازی‌آباد,60,1395,0,0,4.867534450455582
زعفرانیه,110,1395,1,1,6.398594934535208
اراج,175,1384,1,1,6.803505257608338
فرمانیه,165,1397,1,1,7.409136443920128
نیاوران,350,1394,1,1,8.612685172875459
هروی,125,1393,1,1,6.311734809152915
پردیس,97,1399,1,1,4.61512051684126
قیطریه,115,1399,1,1,6.634633357861686
الهیه,200,1392,1,1,7.576097340623111
شهریار,59,1385,0,1,4.30406509320417
گیشا (کوی نصر),98,1399,1,1,6.55250788703459
سعادت‌آباد,100,1389,1,1,6.493753839851686
دریاچه شهدای خلیج فارس,125,1392,1,1,6.398594934535208
نظام‌آباد,50,1363,0,0,4.875197323201151
دربند,145,1395,1,1,6.825460036255307
سعادت‌آباد,120,1388,1,1,6.493753839851686
آجودانیه,220,1393,1,1,7.313886831633462
نارمک,92,1395,1,1,5.707110264748875
پونک,66,1384,0,1,5.455321115357702
شهریار,68,1392,0,1,4.875197323201151
تهرانپارس غربی,66,1395,1,1,5.707110264748875
سهروردی,120,1399,1,1,6.710523109452428
دهکده المپیک,68,1389,0,1,5.327876168789581
شمس‌آباد,110,1397,1,1,6.447305862541213
سهروردی,146,1399,1,1,6.803505257608338
دزاشیب,135,1399,1,1,6.7464121285733745
چیذر,180,1385,1,1,6.7580945044277305
نیاوران,180,1378,0,0,6.621405651764134
وردآورد,130,1399,1,1,6.2166061010848646
نیاوران,200,1394,1,1,7.01301578963963
فرمانیه,250,1395,1,1,7.912423121473705
حکیمیه,85,1396,1,1,5.583496308781699
کوی فردوس,170,1399,1,1,6.660575149839686
خواجه نظام الملک,122,1393,1,1,6.2166061010848646
گمرک,65,1396,1,1,4.941642422609304
پونک,107,1363,0,1,5.929589143389895
امیریه,132,1397,1,1,6.089044875446846
خواجه نصیر طوسی,82,1379,0,0,5.017279836814924
استخر,83,1385,1,1,5.303304908059076
فرمانیه,150,1396,1,1,7.244941546337007
مرزداران,165,1399,1,1,7.2868764117507
الهیه,135,1385,1,1,6.841615476477592
دریا,140,1389,1,1,6.8885724595653635
پونک,90,1385,0,0,5.860786223465865
فرمانیه,140,1391,1,1,6.90875477931522
پونک,85,1394,1,1,5.958424693029782
گیشا (کوی نصر),170,1380,0,1,6.066108090103747
شهران جنوبی,78,1380,0,1,5.303304908059076
پونک,57,1388,1,1,5.14166355650266
سازمان برنامه,70,1385,1,1,5.564520407322694
تهرانپارس غربی,62,1385,0,0,5.081404364984463
شهرک غرب,55,1394,1,0,6.066108090103747
سعادت‌آباد,150,1380,1,1,6.878326468291325
سعادت‌آباد,150,1385,1,1,6.78105762593618
مرزداران,90,1396,1,1,6.447305862541213
آجودانیه,150,1399,1,1,7.280008252884188
ونک,130,1396,1,1,6.364750756851911
اندیشه,155,1397,1,1,6.2166061010848646
دریاچه شهدای خلیج فارس,115,1390,1,1,5.8377304471659395
نظام‌آباد,42,1385,1,1,4.90527477843843
نیاوران,165,1386,1,1,7.155396301896734
ولنجک,130,1388,1,1,7.170888478512505
تهرانپارس شرقی,52,1385,0,1,4.912654885736052
پونک,60,1388,0,1,5.0106352940962555
فرمانیه,148,1394,1,1,6.734591659972948
کوی فردوس,70,1392,1,1,5.583496308781699
کامرانیه,366,1399,1,1,8.732465848349879
پرند,75,1395,1,1,4.2626798770413155
ولنجک,86,1399,1,1,6.90875477931522
اقدسیه,85,1395,1,1,6.398594934535208
تهران‌نو,70,1379,0,0,5.198497031265826
قیطریه,240,1390,1,1,7.300472814267799
زعفرانیه,280,1399,1,1,8.160803920954665
کوی فردوس,95,1399,1,1,6.364750756851911
پونک,150,1399,1,1,6.825460036255307
جردن,150,1387,1,1,6.8885724595653635
نیاوران,60,1395,1,1,6.246106765481563
اختیاریه,150,1399,1,1,6.68586094706836
پیروزی,56,1389,0,0,4.795790545596741
ولنجک,175,1399,1,1,7.0909098220799835
حشمتیه,54,1382,0,0,4.983606621708336
گاندی,70,1394,1,1,5.860786223465865
سیدخندان,105,1385,0,1,5.638354669333745
دریاچه شهدای خلیج فارس,170,1399,1,1,6.478509642208569
دریاچه شهدای خلیج فارس,116,1396,1,1,5.87493073085203
پیروزی,61,1399,1,1,5.631211781821365
مجیدیه,55,1385,0,0,5.147494476813453
مهرآباد جنوبی,70,1387,0,0,4.882801922586371
شهر ری - هاشم‌آباد,50,1397,0,0,4.8283137373023015
نیاوران,365,1396,1,1,8.006700845440367
پاسداران,120,1385,1,1,6.55250788703459
اباذر,60,1389,1,1,5.5254529391317835
سعادت‌آباد,125,1398,1,1,6.7226297948554485
شهرک شریعتی,100,1396,1,1,5.4638318050256105
اوقاف,125,1399,1,1,6.2166061010848646
میرداماد,260,1381,1,1,7.155396301896734
پیروزی,72,1394,0,0,5.135798437050262
جنت‌آباد جنوبی,90,1392,1,1,6.2166061010848646
سعادت‌آباد,150,1391,1,1,7.01301578963963
جنت‌آباد شمالی,60,1385,0,1,5.5053315359323625
ابوذر (منطقه ۱۵),82,1391,1,1,5.707110264748875
مرزداران,105,1393,1,1,6.3835066348840055
سعادت‌آباد,97,1390,1,1,6.478509642208569
پونک,70,1386,0,1,5.4638318050256105
زعفرانیه,175,1393,1,1,7.409136443920128
صادقیه,75,1395,1,1,5.545177444479562
دروس,130,1396,1,1,6.660575149839686
شهرک استقلال,90,1399,1,1,5.707110264748875
آذربایجان,42,1380,0,1,5.043425116919247
دولت‌آباد,100,1395,1,1,5.638354669333745
یوسف‌آباد,80,1393,1,1,6.236369590203704
سعادت‌آباد,150,1398,1,1,7.300472814267799
شهرک غرب,140,1390,1,1,6.8885724595653635
سیدخندان,70,1385,1,1,5.860786223465865
نیرو هوایی,155,1381,0,1,6.077642243349034
قیطریه,125,1398,1,1,6.523562306149512
صادقیه,90,1392,1,1,6.1070228877422545
پونک,90,1397,1,1,6.175867270105761
فرمانیه,270,1398,1,1,7.601402334583733
رودهن,120,1397,0,0,4.672828834461906
سعادت‌آباد,160,1387,1,1,6.679599185844383
طرشت,77,1399,1,1,6.042632833682381
پاسداران,140,1394,1,1,7.438971592395862
آذربایجان,70,1386,0,0,5.081404364984463
دهکده المپیک,108,1399,1,1,6.673297967767654
نیاوران,143,1390,1,1,6.898714534329988
جنت‌آباد جنوبی,100,1391,1,1,6.364750756851911
مرزداران,72,1392,1,1,5.655991810819852
قلهک,110,1393,1,1,6.698268054115413
محمودیه,175,1391,1,1,7.1316985104669115
سعادت‌آباد,140,1388,1,1,6.68586094706836
پاسداران,80,1385,0,0,5.484796933490655
جردن,140,1384,1,1,6.398594934535208
سعادت‌آباد,75,1387,1,1,6.329720905522696
کوهک,122,1397,1,1,6.2166061010848646
اوقاف,55,1375,0,0,4.61512051684126
هروی,115,1398,1,1,6.302618975744905
قیطریه,137,1398,1,1,6.673297967767654
نیاوران,360,1399,1,1,8.517393171418904
پاسداران,260,1398,1,1,7.824445930877619
پونک,85,1384,0,1,5.5254529391317835
نواب,57,1388,1,0,4.736198448394496
یوسف‌آباد,135,1393,1,1,6.7580945044277305
پیروزی,53,1386,0,1,5.351858133476067
سعادت‌آباد,340,1395,1,1,8.160803920954665
فاطمی,90,1399,1,1,6.2166061010848646
پونک,105,1393,1,1,6.431331081933479
مجیدیه,43,1380,0,0,4.875197323201151
میرداماد,115,1385,1,1,6.398594934535208
نواب,67,1382,1,0,4.990432586778736
کوی فردوس,70,1395,1,1,5.860786223465865
کن,45,1396,1,1,5.4638318050256105
محمودیه,135,1393,1,1,7.244941546337007
فرمانیه,200,1395,1,1,7.972810784121404
فرمانیه,123,1390,1,1,6.364750756851911
نیاوران,335,1398,1,1,8.38958706681109
دریاچه شهدای خلیج فارس,127,1395,1,1,5.993961427306569
دارآباد,80,1394,1,1,5.968707559985366
پونک,160,1385,1,1,6.634633357861686
الهیه,141,1390,1,1,6.559615237493242
دروس,273,1390,1,1,7.67368812926773
سعادت‌آباد,160,1398,1,1,6.8679744089702925
سعادت‌آباد,140,1398,1,1,7.415175109613295
نیاوران,360,1398,1,1,8.160803920954665
دریاچه شهدای خلیج فارس,170,1395,1,1,6.493753839851686
شهرک راه‌آهن,102,1399,1,1,6.089044875446846
پردیس,97,1399,1,1,4.51085950651685
جنت‌آباد شمالی,110,1398,1,1,5.968707559985366
دانشگاه شریف,80,1399,1,1,5.942799375126701
دزاشیب,100,1397,1,1,6.255750041753367
سعادت‌آباد,105,1389,1,1,6.19644412779452
سعادت‌آباد,155,1388,1,1,6.673297967767654
جمال‌زاده,134,1395,1,1,6.621405651764134
سعادت‌آباد,150,1387,1,1,6.566672429803241
جنت‌آباد مرکزی,130,1389,1,1,6.293419278846481
نیاوران,150,1398,1,1,6.398594934535208
سعادت‌آباد,250,1399,1,1,7.901377353792616
کوی فردوس,100,1392,1,1,6.175867270105761
الهیه,240,1384,1,1,7.313886831633462
نیرو هوایی,85,1399,1,1,6.100318952020064
یوسف‌آباد,85,1394,1,1,6.311734809152915
نیاوران,140,1380,0,1,6.398594934535208
جیحون,40,1385,0,0,4.912654885736052
ولنجک,95,1397,1,1,6.660575149839686
طرشت,105,1395,1,1,6.285998094508865
فرمانیه,105,1396,1,1,6.580639137284949
هروی,120,1394,1,1,6.274762021241939
اباذر,68,1394,1,1,5.993961427306569
پیروزی,45,1396,1,0,4.663439094112067
میرداماد,110,1390,1,1,6.263398262591624
جنت‌آباد جنوبی,140,1399,1,1,6.398594934535208
دارآباد,80,1395,1,1,6.042632833682381
سعادت‌آباد,100,1399,1,1,6.654152520183219
فاطمی,160,1380,0,1,6.2166061010848646
شهر زیبا,75,1397,1,1,5.817111159963204
پیروزی,87,1399,1,1,6.018593214496234
سیدخندان,64,1384,1,1,5.860786223465865
الهیه,120,1384,1,1,6.68586094706836
شهرک نفت (منطقه ۵),130,1399,1,1,6.803505257608338
صادقیه,73,1399,1,1,6.089044875446846
دروس,190,1391,1,1,7.1785454837637
سعادت‌آباد,130,1394,1,1,7.048386408721883
مرزداران,105,1387,1,1,5.942799375126701
گرگان,120,1393,1,1,6.175867270105761
اباذر,125,1399,1,1,6.55250788703459
ظفر,130,1393,1,1,6.621405651764134
جردن,140,1371,1,1,6.364750756851911
قلهک,150,1383,0,1,6.825460036255307
شهران شمالی,125,1394,1,1,6.255750041753367
دردشت,100,1399,1,1,6.3473892096560105
رباط کریم,50,1399,1,1,4.02535169073515
کوی فردوس,61,1390,1,1,5.655991810819852
دهقان,65,1397,1,1,5.327876168789581
جی,50,1396,1,0,4.709530201312334
قیطریه,185,1363,1,1,6.90875477931522
درکه,180,1389,1,1,7.00397413672268
ستارخان,110,1398,1,1,6.398594934535208
تهرانپارس غربی,97,1399,1,1,6.133398042996649
تهران‌نو,50,1380,0,0,4.948759890378168
اختیاریه,100,1389,1,1,6.55250788703459
دروس,180,1399,1,1,7.496097345175956
سعادت‌آباد,110,1394,1,1,6.255750041753367
جنت‌آباد جنوبی,58,1395,1,1,5.4805139155288405
جنت‌آباد مرکزی,118,1396,1,1,6.274762021241939
تهرانپارس غربی,50,1385,0,0,5.198497031265826
جنت‌آباد مرکزی,100,1390,1,1,5.942799375126701
سیدخندان,65,1391,1,1,5.749392985908253
شهر زیبا,60,1399,1,1,5.707110264748875
زعفرانیه,180,1399,1,1,7.741099090035366
قیطریه,250,1381,1,1,7.3783837129967145
جنت‌آباد مرکزی,130,1395,1,1,6.26530121273771
کوی بیمه,87,1390,1,1,5.707110264748875
شمس‌آباد,85,1387,1,1,5.583496308781699
ونک,175,1390,1,1,7.313886831633462
سعادت‌آباد,150,1399,1,1,7.0909098220799835
پونک,72,1394,1,1,5.707110264748875
پونک,100,1396,1,1,6.311734809152915
اوقاف,125,1385,0,1,5.993961427306569
سازمان برنامه,93,1391,1,1,4.795790545596741
سعادت‌آباد,190,1399,1,1,7.696667081526462
چیتگر,94,1398,1,1,5.886104031450156
امیرآباد,85,1399,1,1,6.206575926724928
سعادت‌آباد,110,1399,1,1,6.803505257608338
باغ فیض,80,1392,1,1,5.993961427306569
چیتگر,144,1398,1,1,6.111467339502679
قرچک,90,1399,1,0,4.795790545596741
فرمانیه,215,1390,1,1,7.13966033596492
سعادت‌آباد,135,1393,1,1,6.78105762593618
شهر قدس,110,1391,0,0,4.836281906951478
ظفر,135,1387,1,1,6.478509642208569
جیحون,42,1388,0,0,4.875197323201151
اندیشه,70,1397,0,0,4.7535901911063645
پاسداران,100,1399,1,1,6.7464121285733745
آجودانیه,250,1390,1,1,7.523481312573497
کامرانیه,250,1397,1,1,7.3783837129967145
تجریش,130,1395,1,1,6.634633357861686
کوی فردوس,115,1398,1,1,6.55250788703459
محمودیه,125,1396,1,1,6.85751406254539
تهرانپارس شرقی,100,1385,1,1,6.133398042996649
مرزداران,85,1380,0,0,5.5254529391317835
پرند,78,1391,1,0,4.189654742026425
نیاوران,370,1397,1,1,8.476579508530941
پاسداران,125,1399,1,1,6.852242569051878
پاسداران,150,1399,1,1,7.1316985104669115
جردن,150,1388,1,1,6.68586094706836
زعفرانیه,240,1386,1,1,7.550135342488429
سازمان آب,100,1384,0,1,5.993961427306569
جنت‌آباد مرکزی,65,1398,1,1,5.755742213586912
استاد معین,65,1395,1,1,5.303304908059076
نارمک جنوبی,85,1388,0,1,5.707110264748875
زعفرانیه,170,1390,1,1,6.621405651764134
سازمان برنامه,120,1397,1,1,6.478509642208569
نیاوران,150,1394,1,1,7.00397413672268
پاسداران,250,1377,0,0,6.46302945692067
کوی فردوس,70,1380,0,1,5.351858133476067
پاسداران,130,1397,1,1,6.508769136971682
باغ فیض,100,1387,1,1,6.042632833682381
زعفرانیه,120,1391,1,1,6.803505257608338
شهرآرا,95,1398,1,1,6.175867270105761
سلیمانی,48,1388,0,0,4.454347296253507
هروی,150,1393,1,1,7.280008252884188
قیطریه,130,1391,1,1,6.660575149839686
سعادت‌آباد,80,1386,1,1,6.398594934535208
الهیه,120,1389,1,1,6.698268054115413
پونک,60,1399,1,1,5.993961427306569
فرمانیه,270,1390,1,1,7.438971592395862
الهیه,220,1394,1,1,7.824445930877619
شیان,56,1390,1,0,5.802118375377063
امام حسین(ع),86,1397,1,1,5.4638318050256105
پونک,90,1396,1,1,6.018593214496234
قنات‌کوثر,90,1390,1,1,5.877735781779639
تهرانپارس شرقی,70,1390,1,0,5.198497031265826
ولنجک,310,1393,1,1,7.696667081526462
نیاوران,220,1390,1,1,8.006700845440367
ونک,145,1399,1,1,6.7464121285733745
چیتگر,152,1399,1,1,6.19644412779452
سعادت‌آباد,100,1385,0,1,5.968707559985366
جنت‌آباد مرکزی,65,1384,0,1,5.3981627015177525
نارمک,93,1399,1,1,6.066108090103747
سلسبیل,40,1391,1,0,4.77912349311153
قلهک,100,1398,1,1,5.771441123130016
جنت‌آباد شمالی,135,1397,1,1,6.608000625296087
شمس‌آباد,85,1385,1,1,6.175867270105761
پونک,110,1395,1,1,6.311734809152915
نیاوران,330,1399,1,1,6.90875477931522
آجودانیه,210,1398,1,1,7.783640596221253
سنگلج,65,1387,0,0,4.836281906951478
نیاوران,130,1394,1,1,6.710523109452428
امامت,55,1385,1,0,4.948759890378168
قیطریه,125,1397,1,1,6.3818160174060985
شهران شمالی,115,1392,1,1,6.302618975744905
باغ فیض,80,1387,1,0,5.739792912179234
تهران‌سر,65,1385,0,1,5.25227342804663
اکباتان,60,1389,1,1,5.638354669333745
دزاشیب,90,1399,1,1,6.329720905522696
باغ فیض,160,1379,0,1,6.39024066706535
شهرک راه‌آهن,180,1388,0,1,6.018593214496234
قیطریه,125,1389,1,1,7.244941546337007
پاسداران,70,1396,1,1,6.478509642208569
استاد معین,65,1395,1,1,5.25227342804663
بهار,81,1363,0,0,5.564520407322694
یوسف‌آباد,100,1396,1,1,6.373319789577012
الهیه,240,1396,1,1,7.783640596221253
اباذر,85,1390,1,1,5.87493073085203
تهرانپارس شرقی,95,1399,1,1,5.707110264748875
استاد معین,55,1390,0,1,4.867534450455582
نیاوران,230,1398,1,1,7.313886831633462
جردن,195,1387,1,1,7.313886831633462
کوهک,115,1398,1,1,6.030685260261263
سلیمانی,58,1380,0,1,5.198497031265826
سعادت‌آباد,80,1385,0,1,5.993961427306569
دریا,135,1392,1,1,6.68586094706836
زعفرانیه,150,1399,1,1,7.107425474110705
تهران‌ویلا,154,1394,1,1,6.803505257608338
نظام‌آباد,140,1399,1,1,6.163314804034641
قلهک,55,1384,0,0,5.602118820879701
دارآباد,93,1398,1,1,6.478509642208569
پونک,158,1396,1,1,6.634633357861686
اقدسیه,352,1397,1,1,8.594339400592892
زنجان,55,1391,0,0,4.983606621708336
اقدسیه,170,1399,1,1,7.409136443920128
مجیدیه,110,1380,0,1,5.351858133476067
کوی فردوس,88,1399,1,1,5.916202062607435
زعفرانیه,200,1388,1,1,7.074116816197362
قیطریه,100,1399,1,1,6.7226297948554485
نیرو هوایی,60,1389,1,1,5.420534999272286
کوی فردوس,70,1397,1,1,6.042632833682381
دروس,145,1392,1,1,6.85751406254539
مجیدیه,53,1398,1,1,5.278114659230517
قیطریه,130,1398,1,1,6.660575149839686
مرزداران,67,1394,1,1,6.066108090103747
بهجت‌آباد,172,1380,1,1,6.7464121285733745
مرزداران,85,1391,1,1,6.2166061010848646
دروس,175,1378,1,1,7.1631723908466425
دروس,175,1392,1,1,6.8885724595653635
شهر زیبا,51,1398,1,1,5.484796933490655
جردن,320,1363,0,1,7.252053951852814
هروی,75,1385,0,1,5.916202062607435
شهرک غرب,120,1390,1,1,7.00397413672268
نیاوران,320,1397,1,1,8.24301946898925
ازگل,106,1390,1,1,5.831882477283517
توانیر,135,1399,1,1,7.313886831633462
پونک,130,1393,1,1,6.218600119691729
آذربایجان,36,1363,0,0,4.663439094112067
ولنجک,88,1385,1,1,7.244941546337007
گیشا (کوی نصر),77,1394,1,1,5.8888779583328805
شهرک نفت (منطقه ۵),82,1386,1,1,5.771441123130016
نیاوران,222,1389,0,1,7.897668150726906
جنت‌آباد جنوبی,100,1399,1,1,6.236369590203704
دولت‌آباد,50,1388,0,0,4.394449154672439
هروی,115,1395,1,1,6.803505257608338
سعادت‌آباد,123,1395,1,1,6.7580945044277305
جنت‌آباد مرکزی,65,1380,0,1,5.3981627015177525
جنت‌آباد مرکزی,135,1399,1,1,6.7580945044277305
فرمانیه,170,1390,1,1,7.170888478512505
باغ فیض,76,1394,1,1,5.916202062607435
پاسداران,110,1394,1,1,6.7464121285733745
ستارخان,125,1399,1,1,6.523562306149512
یوسف‌آباد,140,1390,1,1,6.673297967767654
حصارک,65,1388,0,0,4.983606621708336
سعادت‌آباد,133,1398,1,1,7.048386408721883
ولنجک,180,1390,1,1,7.3783837129967145
اقدسیه,150,1394,1,1,7.0909098220799835
قیطریه,180,1399,1,1,7.601402334583733
نارمک,54,1385,0,0,5.220355825078324
تهران‌سر,52,1386,0,1,5.017279836814924
جیحون,55,1382,0,0,5.017279836814924
زعفرانیه,230,1394,1,1,8.160803920954665
سهروردی,80,1399,1,1,5.916202062607435
سعادت‌آباد,141,1388,1,1,6.898714534329988
هروی,110,1396,1,1,6.769641976852503
اندیشه,55,1397,1,1,4.709530201312334
قیطریه,130,1398,1,1,6.792344427470809
نیلوفر,115,1386,1,1,5.993961427306569
الهیه,300,1388,1,1,7.824445930877619
تهران‌نو,54,1390,1,0,5.3230099791384085
هاشمی,75,1382,0,0,5.198497031265826
پونک,150,1396,1,1,6.803505257608338
تهران‌سر,68,1397,1,1,5.5254529391317835
سعادت‌آباد,70,1390,1,1,6.154858094016418
گاندی,130,1385,1,1,6.236369590203704
چهارصد دستگاه,50,1398,1,0,5.170483995038151
هروی,150,1394,1,1,6.634633357861686
سعادت‌آباد,115,1390,1,1,6.46302945692067
عباس‌آباد,50,1399,1,1,5.198497031265826
جنت‌آباد مرکزی,125,1390,1,1,6.274762021241939
سعادت‌آباد,250,1391,1,1,7.244941546337007
اختیاریه,105,1389,0,1,6.018593214496234
محمودیه,132,1395,1,1,7.313886831633462
شمس‌آباد,100,1395,1,1,5.707110264748875
سیدخندان,110,1380,0,1,5.993961427306569
کوی فردوس,100,1396,1,1,6.100318952020064
پونک,98,1395,1,1,6.19644412779452
تاکسیرانی,62,1384,1,0,4.762173934797756
باغ فیض,60,1385,1,1,5.402677381872279
جنت‌آباد مرکزی,142,1395,1,1,6.311734809152915
شهرک راه‌آهن,125,1396,1,1,6.311734809152915
پیروزی,70,1387,1,1,5.5254529391317835
اوقاف,90,1399,1,1,5.564520407322694
ونک,175,1376,1,1,7.244941546337007
پاسداران,138,1392,1,1,6.85751406254539
یوسف‌آباد,145,1397,1,1,6.7464121285733745
دروس,70,1393,1,1,5.981414211254481
تهران‌نو,140,1385,0,1,6.398594934535208
اندیشه,50,1396,1,1,4.564348191467836
نیرو هوایی,72,1386,0,0,5.170483995038151
نیاوران,80,1390,1,1,6.066108090103747
الهیه,170,1388,1,1,7.244941546337007
سعادت‌آباد,150,1398,1,1,7.616283561580385
آذری,68,1387,0,0,4.663439094112067
پردیس,87,1398,1,1,4.532599493153256
سعادت‌آباد,160,1390,1,1,6.803505257608338
هروی,134,1380,0,1,6.68586094706836
نیاوران,103,1395,1,1,6.803505257608338
پاسداران,115,1391,1,1,6.398594934535208
پونک,90,1387,0,1,5.564520407322694
پاسداران,240,1396,1,1,7.467942332285852
فرمانیه,128,1391,1,1,6.957497370876951
ستارخان,80,1389,0,0,5.771441123130016
کوی فردوس,95,1395,1,1,6.102558594613569
سعادت‌آباد,150,1388,1,1,7.3783837129967145
الهیه,260,1388,1,1,7.741099090035366
دروازه شمیران,70,1399,1,1,5.739792912179234
میرداماد,120,1393,1,1,6.311734809152915
اختیاریه,150,1397,1,1,6.608000625296087
اختیاریه,75,1385,1,1,5.902633333401366
دردشت,65,1392,0,0,5.5254529391317835
پونک,155,1397,1,1,7.00397413672268
فرمانیه,240,1398,1,1,7.8636512654486515
کوی فردوس,87,1398,1,1,6.175867270105761
کوی فردوس,105,1392,1,1,6.398594934535208
پونک,80,1386,1,1,5.860786223465865
پونک,57,1398,1,1,5.62040086571715
جنت‌آباد مرکزی,130,1391,1,1,6.3818160174060985
گیشا (کوی نصر),182,1396,1,1,7.0909098220799835
کوی فردوس,85,1388,1,1,5.860786223465865
شمس‌آباد,110,1399,1,1,6.364750756851911
نارمک,60,1388,0,0,5.017279836814924
ونک,300,1396,1,1,7.560601162768557
هروی,120,1385,1,1,6.398594934535208
تهرانپارس غربی,105,1396,1,1,6.284134161070802
ظفر,145,1391,1,1,6.373319789577012
جردن,220,1390,1,1,7.3783837129967145
نیاوران,350,1399,1,1,8.006700845440367
دروس,240,1399,1,1,8.006700845440367
جنت‌آباد جنوبی,77,1399,1,1,5.921578419643816
الهیه,260,1395,1,1,7.67368812926773
قنات‌کوثر,130,1399,1,1,6.55250788703459
ظهیرآباد,81,1387,0,0,4.709530201312334
دربند,240,1386,1,1,7.601402334583733
شهرک غرب,117,1390,1,1,7.170888478512505
دربند,85,1399,1,1,6.1224928095143865
شهر زیبا,100,1382,0,1,5.8888779583328805
شهرک غرب,125,1396,1,1,6.647688373563329
اقدسیه,155,1381,0,1,6.660575149839686
پیروزی,42,1383,0,0,4.875197323201151
الهیه,185,1398,1,1,7.601402334583733
عباس‌آباد,64,1385,1,1,5.968707559985366
نیلوفر,120,1382,0,1,6.236369590203704
حکیمیه,85,1397,1,1,5.707110264748875
اقدسیه,340,1398,1,1,8.35490952835879
شهرک غرب,120,1397,1,1,7.048386408721883
هروی,144,1388,1,1,6.493753839851686
پونک,120,1397,1,1,6.423246963533519
مرزداران,66,1386,0,0,5.296816240421769
گیشا (کوی نصر),75,1396,1,1,6.154858094016418
آذربایجان,68,1394,1,1,5.69035945432406
دولت‌آباد,45,1386,0,0,4.543294782270004
قیطریه,100,1396,1,1,6.68586094706836
زعفرانیه,220,1390,1,1,7.244941546337007
شهید اسدی,55,1390,0,0,4.48863636973214
محمودیه,120,1399,1,1,7.496097345175956
جردن,150,1380,1,1,6.710523109452428
کوی فردوس,70,1382,0,0,5.605802066295998
سعادت‌آباد,100,1394,1,1,6.246106765481563
نارمک,50,1383,0,0,4.952299717083292
تهرانپارس غربی,155,1399,1,1,6.792344427470809
پرستار,50,1389,0,1,5.278114659230517
نواب,70,1394,1,0,5.278114659230517
تهرانپارس غربی,70,1385,1,1,5.545177444479562
سعادت‌آباد,95,1390,1,1,6.523562306149512
اوقاف,115,1399,1,1,6.398594934535208
سعادت‌آباد,100,1397,1,1,6.329720905522696
شهران جنوبی,70,1386,1,1,5.545177444479562
الهیه,125,1392,1,1,7.280008252884188
شهران شمالی,125,1396,1,1,5.942799375126701
سعادت‌آباد,90,1389,1,1,5.929589143389895
تهرانپارس غربی,101,1392,1,1,5.846438775057725
سیدخندان,85,1385,0,1,5.638354669333745
نیاوران,60,1395,1,1,6.255750041753367
اکباتان,160,1363,1,1,6.551080335043404
جلفا,115,1388,0,1,5.942799375126701
زعفرانیه,170,1397,1,1,7.696667081526462
ولنجک,260,1389,1,1,7.244941546337007
شمس‌آباد,100,1394,1,1,6.066108090103747
حکیمیه,110,1395,1,1,5.707110264748875
نارمک,135,1399,1,1,6.621405651764134
مرزداران,180,1399,1,1,7.313886831633462
قلهک,72,1380,1,1,5.968707559985366
گیشا (کوی نصر),85,1392,1,1,6.621405651764134
کوی فردوس,115,1386,1,1,6.236369590203704
سعادت‌آباد,145,1390,1,1,6.246106765481563
جردن,100,1395,1,1,6.066108090103747
سعادت‌آباد,67,1388,1,1,5.831882477283517
ولنجک,75,1381,0,1,6.042632833682381
تهرانپارس غربی,136,1399,1,1,6.55250788703459
پونک,120,1399,1,1,6.415096959171596
ورامین,110,1392,0,0,5.8888779583328805
الهیه,240,1398,1,1,7.741099090035366
تهرانپارس شرقی,54,1390,0,0,4.875197323201151
سعادت‌آباد,141,1390,1,1,7.048386408721883
میرداماد,150,1399,1,1,6.8679744089702925
سهروردی,145,1394,1,1,6.594413459749778
کوی فردوس,62,1385,1,1,5.484796933490655
هروی,90,1395,1,1,6.311734809152915
الهیه,200,1390,1,1,7.0909098220799835
خواجه نظام الملک,60,1386,1,1,4.875197323201151
تهرانپارس شرقی,55,1385,0,0,5.017279836814924
پاسداران,100,1396,1,1,5.942799375126701
شهرک راه‌آهن,120,1395,0,1,6.111467339502679
توانیر,119,1383,1,1,6.311734809152915
دانشگاه علم و صنعت,83,1382,0,1,5.5254529391317835
اقدسیه,370,1399,1,1,8.294299608857235
سعادت‌آباد,135,1388,1,1,7.00397413672268
سعادت‌آباد,115,1397,1,1,6.329720905522696
نواب,55,1395,0,0,5.111987788356544
سعادت‌آباد,55,1380,0,0,5.342334251964811
شهرک راه‌آهن,156,1397,1,1,6.608000625296087
تهرانپارس شرقی,55,1391,0,0,4.912654885736052
اقدسیه,180,1388,1,1,7.170888478512505
شهرک غرب,135,1385,1,1,6.634633357861686
افسریه,68,1392,1,0,5.081404364984463
سهروردی,110,1390,1,1,5.983936280687191
ولنجک,112,1397,1,1,6.803505257608338
سعادت‌آباد,95,1390,1,1,6.398594934535208
جیحون,50,1389,1,1,4.976733742420574
جردن,160,1397,1,1,6.647688373563329
زعفرانیه,200,1398,1,1,8.160803920954665
سهروردی,190,1399,1,1,7.696667081526462
اندیشه,69,1396,0,1,4.663439094112067
قیطریه,150,1399,1,1,6.415096959171596
پونک,115,1388,1,1,6.311734809152915
کوی فردوس,150,1399,1,1,6.68586094706836
تهران‌نو,92,1393,1,1,5.488937726156687
پاسداران,280,1399,1,1,8.006700845440367
پونک,68,1398,1,1,6.111467339502679
قیطریه,80,1391,1,1,6.398594934535208
باغ فیض,81,1388,1,1,5.942799375126701
دارآباد,95,1398,1,1,6.478509642208569
سعادت‌آباد,95,1389,1,1,6.478509642208569
آجودانیه,87,1389,1,1,6.274762021241939
پیروزی,60,1387,0,0,5.043425116919247
جلفا,116,1363,0,1,6.478509642208569
دزاشیب,90,1399,1,1,6.431331081933479
زعفرانیه,350,1387,1,1,7.741099090035366
میرداماد,150,1399,1,1,7.313886831633462
یوسف‌آباد,120,1386,0,0,5.929589143389895
ابوذر (منطقه ۱۵),92,1398,1,1,5.707110264748875
ابوذر (منطقه ۱۵),90,1399,1,1,5.707110264748875
جلفا,110,1385,0,1,5.75890177387728
جردن,125,1394,1,1,6.803505257608338
تهرانپارس غربی,90,1385,0,1,5.176149732573829
امیریه,73,1382,0,0,4.948759890378168
تهرانپارس غربی,100,1397,1,0,5.981414211254481
جردن,175,1384,1,1,6.634633357861686
قنات‌کوثر,95,1393,1,1,6.018593214496234
اباذر,70,1387,0,1,5.25227342804663
دارآباد,95,1399,1,1,6.478509642208569
جنت‌آباد جنوبی,100,1371,0,0,5.638354669333745
فرمانیه,230,1385,1,1,7.438971592395862
جنت‌آباد جنوبی,60,1395,1,1,5.707110264748875
گمرک,50,1384,0,0,4.795790545596741
فرمانیه,150,1399,1,1,7.901377353792616
نیاوران,135,1383,1,1,6.398594934535208
میرداماد,150,1398,1,1,7.313886831633462
قیطریه,105,1399,1,1,6.7226297948554485
سعادت‌آباد,135,1380,0,1,6.16541785423142
پاسداران,110,1388,1,1,6.226536669287466
شهر زیبا,181,1389,1,1,6.3561076606958915
اقدسیه,200,1397,1,1,7.824445930877619
قیطریه,165,1388,1,1,6.68586094706836
کامرانیه,90,1398,1,1,6.803505257608338
پونک,150,1396,1,1,6.508769136971682
مرزداران,150,1398,1,1,6.68586094706836
یوسف‌آباد,85,1395,1,1,6.398594934535208
الهیه,135,1386,1,1,6.311734809152915
کامرانیه,130,1388,1,1,6.957497370876951
سعادت‌آباد,80,1394,1,1,6.364750756851911
سعادت‌آباد,106,1397,1,1,6.478509642208569
صادقیه,107,1375,0,1,6.0063531596017325
نارمک,125,1393,1,1,6.647688373563329
شهر قدس,100,1397,1,1,5.25227342804663
پونک,70,1389,1,0,4.394449154672439
هروی,95,1399,1,1,6.55250788703459
جردن,240,1371,0,1,6.90875477931522
تهرانپارس شرقی,54,1384,0,0,4.875197323201151
پیروزی,110,1371,0,0,5.638354669333745
نیاوران,270,1397,1,1,7.601402334583733
پاسداران,92,1394,1,1,6.398594934535208
سعادت‌آباد,100,1386,1,1,6.608000625296087
تهرانپارس غربی,110,1385,1,1,6.089044875446846
کوی فردوس,61,1385,1,1,5.602118820879701
دزاشیب,70,1380,0,1,6.311734809152915
تهرانپارس شرقی,55,1388,0,0,5.017279836814924
سعادت‌آباد,140,1390,1,1,6.68586094706836
قیطریه,140,1398,1,1,6.803505257608338
سنایی,80,1380,0,0,5.87493073085203
باغ فیض,95,1385,1,1,6.226536669287466
پاکدشت,70,1389,0,0,4.330733340286331
اقدسیه,270,1398,1,1,8.412054873292933
نیاوران,65,1398,1,1,6.2166061010848646
فرمانیه,290,1385,1,1,7.550135342488429
فرمانیه,140,1392,1,1,7.0909098220799835
جوادیه تهرانپارس,80,1391,0,0,5.10594547390058
فرمانیه,230,1395,1,1,7.467942332285852
نارمک,120,1379,0,1,6.2166061010848646
جنت‌آباد مرکزی,65,1389,0,1,5.14166355650266
الهیه,250,1398,1,1,7.824445930877619
کوی فردوس,110,1395,1,1,6.175867270105761
نارمک,210,1399,1,1,7.293697720601438
عباس‌آباد,165,1397,1,1,6.3818160174060985
نیاوران,350,1397,1,1,8.412054873292933
باغ فیض,83,1383,0,1,5.831882477283517
امیرآباد,230,1399,1,1,7.427144133408616
تجریش,110,1381,0,1,6.478509642208569
شهرک والفجر (منطقه ۶),115,1399,1,1,6.55250788703459
جی,135,1385,0,0,5.3981627015177525
ولنجک,150,1388,1,1,6.903747257584598
فرمانیه,180,1390,1,1,6.68586094706836
زعفرانیه,150,1385,1,1,7.1785454837637
بومهن,80,1398,0,0,4.394449154672439
اقدسیه,200,1394,1,1,6.928537818164665
میرداماد,125,1390,1,1,6.2166061010848646
اباذر,135,1397,1,1,6.666956792429207
آهنگ,65,1385,0,0,4.859812404361672
میرداماد,60,1388,0,0,5.459585514144159
نواب,65,1396,1,1,4.941642422609304
نارمک,125,1397,1,1,6.508769136971682
ازگل,165,1391,1,1,6.90875477931522
اندیشه,65,1394,0,1,4.795790545596741
دانشگاه علم و صنعت,62,1390,0,0,4.948759890378168
تهرانپارس شرقی,52,1391,1,0,4.912654885736052
پاسداران,190,1397,1,1,7.601402334583733
شهرک غرب,140,1390,1,1,6.985641817639208
سلسبیل,105,1390,0,0,5.5053315359323625
مرزداران,90,1388,1,1,6.274762021241939
امامت,46,1383,0,0,4.836281906951478
شهرک غرب,85,1388,1,1,6.175867270105761
حکیمیه,87,1388,1,1,5.5254529391317835
کوی فردوس,130,1399,1,1,6.329720905522696
الهیه,200,1399,1,1,7.00397413672268
شهرک غرب,115,1398,1,1,6.478509642208569
پونک,135,1399,1,1,6.803505257608338
فرمانیه,250,1396,1,1,7.901377353792616
پونک,140,1399,1,1,6.994849985833071
پاکدشت,65,1396,0,0,4.060443010546419
هروی,140,1396,1,1,6.634633357861686
جیحون,120,1399,1,1,6.066108090103747
نارمک,75,1392,1,1,5.638354669333745
سعادت‌آباد,135,1390,1,1,6.68586094706836
بهار,90,1380,0,0,5.655991810819852
جنت‌آباد جنوبی,65,1383,0,1,5.545177444479562
شمس‌آباد,115,1399,1,1,6.478509642208569
ولنجک,140,1396,1,1,6.957497370876951
مخصوص,55,1385,0,0,4.875197323201151
جردن,60,1388,0,0,5.459585514144159
چیتگر,150,1399,1,1,6.7580945044277305
سازمان آب,100,1389,1,1,6.030685260261263
جنت‌آباد جنوبی,65,1380,0,1,5.638354669333745
سوهانک,110,1399,1,1,6.364750756851911
جنت‌آباد شمالی,100,1376,0,1,5.817111159963204
تهران‌ویلا,134,1394,1,1,6.621405651764134
مرزداران,125,1395,1,1,6.7226297948554485
پونک,90,1386,1,1,5.739792912179234
حکیمیه,60,1398,1,1,5.424950017481403
شمس‌آباد,120,1394,1,1,6.478509642208569
بومهن,60,1395,0,0,3.9318256327243257
نارمک,105,1390,1,1,5.993961427306569
حکیمیه,140,1392,1,1,6.2166061010848646
ونک,170,1384,0,1,6.68586094706836
باغ فیض,75,1384,0,1,5.545177444479562
شهرک نفت (منطقه ۵),101,1394,1,1,6.18826412308259
جنت‌آباد شمالی,95,1395,1,1,6.021023349349527
باغ فیض,92,1398,1,1,6.20050917404269
ولنجک,90,1392,1,1,7.0909098220799835
گمرک,55,1394,1,1,4.68213122712422
درکه,175,1390,1,1,7.3783837129967145
استخر,140,1386,1,1,6.274762021241939
میرداماد,207,1385,1,1,6.85751406254539
کوی فردوس,62,1395,1,1,5.41610040220442
زعفرانیه,170,1397,1,1,7.601402334583733
شهران شمالی,113,1393,1,1,5.817111159963204
شهر ری - استخر,85,1385,0,0,4.663439094112067
نیرو هوایی,90,1394,1,0,5.5254529391317835
استاد معین,85,1385,0,1,5.303304908059076
هروی,155,1399,1,1,7.048386408721883
مرزداران,116,1392,1,1,6.415096959171596
جمهوری,90,1379,0,0,5.25227342804663
باغ فیض,80,1399,1,1,5.564520407322694
میرداماد,120,1380,0,1,6.55250788703459
شهرک پرواز,150,1396,1,1,6.3561076606958915
تهرانپارس شرقی,45,1385,0,0,4.795790545596741
پاسداران,100,1389,0,1,5.981414211254481
کوی فردوس,60,1388,0,1,5.442417710521793
نظام‌آباد,200,1363,0,0,5.802118375377063
امامت,116,1399,1,1,6.066108090103747
الهیه,125,1393,1,1,7.280008252884188
سلسبیل,40,1384,0,0,4.394449154672439
گیشا (کوی نصر),175,1399,1,1,7.650168700845001
پردیس,98,1399,1,1,4.875197323201151
سرتخت,45,1382,0,0,4.709530201312334
نیاوران,60,1399,0,1,5.993961427306569
ولنجک,95,1396,1,1,6.594413459749778
جمال‌زاده,90,1382,0,0,5.225746673713202
نیاوران,140,1387,1,1,6.947937068614969
خلیج فارس,55,1380,0,0,4.04305126783455
ولنجک,115,1396,1,1,6.85751406254539
شیرازی,110,1390,1,1,6.621405651764134
تهران‌سر,72,1397,1,1,5.5254529391317835
فرمانیه,230,1399,1,1,8.174984532943087
ظفر,180,1372,0,1,6.90875477931522
سبلان,130,1394,1,1,5.993961427306569
تهرانپارس غربی,145,1395,1,1,6.493753839851686
کوی فردوس,75,1384,0,1,5.673323267171493
محمودیه,190,1390,1,1,7.13966033596492
شهرک غرب,120,1395,1,1,6.928537818164665
پاسداران,90,1390,1,1,5.993961427306569
کاظم‌آباد,100,1380,0,1,5.916202062607435
جنت‌آباد مرکزی,105,1399,1,1,6.236369590203704
استاد معین,45,1384,0,0,4.795790545596741
جردن,85,1363,1,0,5.4638318050256105
دارآباد,65,1399,1,1,6.206575926724928
نیاوران,165,1395,1,1,6.8885724595653635
شهرک غرب,58,1385,0,0,5.631211781821365
دروس,270,1393,1,1,7.484930283289661
سعادت‌آباد,105,1397,1,1,6.2166061010848646
سعادت‌آباد,100,1395,1,1,6.2166061010848646
الهیه,140,1396,1,1,7.313886831633462
نارمک,115,1390,1,1,6.3473892096560105
شهرک غرب,95,1390,1,1,6.415096959171596
الهیه,140,1390,1,1,6.918695219020472
پونک,130,1385,1,1,6.311734809152915
پیروزی,76,1381,0,0,4.795790545596741
تهران‌سر,160,1399,1,1,6.26530121273771
سعادت‌آباد,120,1399,1,1,7.280008252884188
زهتابی,50,1394,1,0,4.709530201312334
میرداماد,110,1399,1,1,6.523562306149512
اقدسیه,130,1392,1,1,6.621405651764134
امیر بهادر,62,1389,1,1,5.327876168789581
سعادت‌آباد,70,1390,1,1,6.2166061010848646
مرزداران,70,1395,1,1,5.8888779583328805
نیاوران,140,1390,0,1,6.398594934535208
دربند,140,1385,1,1,6.928537818164665
سعادت‌آباد,225,1395,1,1,7.201170883281678
فرمانیه,85,1399,1,1,6.144185634125646
پیروزی,65,1392,1,0,5.198497031265826
دزاشیب,137,1386,1,1,7.00397413672268
شهرک نفت (منطقه ۵),84,1385,0,1,5.5254529391317835
شهران جنوبی,90,1394,1,1,6.2166061010848646
شهر قدس,112,1398,1,1,5.627621113690637
پاسداران,200,1379,1,1,6.957497370876951
سعادت‌آباد,77,1387,1,1,6.311734809152915
ولنجک,150,1391,1,1,6.634633357861686
دروس,300,1399,1,1,8.38958706681109
نیاوران,130,1390,1,1,6.523562306149512
سعادت‌آباد,180,1386,1,1,6.621405651764134
گیشا (کوی نصر),75,1398,1,1,6.311734809152915
فرمانیه,165,1397,1,1,7.273092595999522
جردن,110,1395,1,1,6.621405651764134
جنت‌آباد جنوبی,82,1382,0,1,6.111467339502679
سعادت‌آباد,110,1395,1,1,6.274762021241939
سعادت‌آباد,123,1390,1,1,6.621405651764134
سعادت‌آباد,250,1399,1,1,7.937731775260109
میرداماد,100,1390,1,1,6.0063531596017325
فشم,138,1395,0,1,5.993961427306569
جردن,140,1396,1,1,6.90875477931522
نارمک,120,1399,1,1,6.621405651764134
باغ فیض,96,1399,1,1,6.175867270105761
اختیاریه,125,1391,1,1,6.3473892096560105
اختیاریه,105,1387,0,1,6.054439346269371
شهران جنوبی,100,1398,1,0,5.8664680569332965
گیشا (کوی نصر),110,1398,1,1,6.621405651764134
ولنجک,160,1388,1,1,6.608000625296087
نیاوران,150,1399,1,1,7.280008252884188
نارمک,92,1399,1,1,6.111467339502679
سازمان برنامه,45,1399,1,1,5.62040086571715
زعفرانیه,190,1398,1,1,7.844240718141811
یوسف‌آباد,105,1399,1,1,6.621405651764134
سیدخندان,105,1363,0,1,6.2166061010848646
فرمانیه,230,1397,1,1,7.67368812926773
جنت‌آباد مرکزی,86,1391,0,1,5.043425116919247
عباس‌آباد,100,1387,1,1,5.877735781779639
سعادت‌آباد,167,1386,1,1,6.85751406254539
زنجان,43,1383,0,0,4.77912349311153
خواجه نصیر طوسی,52,1393,1,0,5.049856007249537
الهیه,175,1389,1,1,5.303304908059076
سلسبیل,44,1381,0,1,5.017279836814924
سعادت‌آباد,140,1390,1,1,6.7464121285733745
شهریار,110,1388,0,1,5.081404364984463
کوی فردوس,65,1390,1,1,5.802118375377063
جماران,125,1363,0,0,6.660575149839686
پیروزی,55,1391,0,0,4.532599493153256
صفائیه (چشمه علی),90,1394,1,0,5.484796933490655
سعادت‌آباد,100,1388,1,1,6.255750041753367
اقدسیه,140,1396,1,1,6.478509642208569
کوی فردوس,78,1385,1,1,5.60947179518496
آشتیانی,72,1387,1,0,5.442417710521793
پاسداران,85,1398,1,1,5.993961427306569
جنت‌آباد مرکزی,110,1397,1,1,6.175867270105761
سهروردی,100,1388,1,1,6.320768294250582
هروی,120,1399,1,1,6.3818160174060985
طرشت,67,1392,1,1,5.638354669333745
باغ فیض,77,1384,0,0,5.5254529391317835
دیلمان,75,1398,1,1,5.484796933490655
سوهانک,130,1389,1,1,6.621405651764134
شهریار,85,1397,1,0,5.303304908059076
قلهک,70,1380,0,1,5.993961427306569
نیاوران,127,1392,1,1,7.00397413672268
سازمان برنامه,120,1390,1,1,6.311734809152915
مرزداران,65,1392,1,1,6.133398042996649
نیاوران,85,1385,1,1,6.133398042996649
اختیاریه,150,1395,1,1,6.660575149839686
ولنجک,120,1380,1,1,6.68586094706836
شهرک راه‌آهن,103,1399,1,1,5.8888779583328805
استاد معین,135,1399,1,1,5.993961427306569
تهران‌سر,50,1388,0,1,5.081404364984463
شیخ هادی,60,1371,0,0,4.875197323201151
ولنجک,180,1391,1,1,7.365812837209472
هروی,195,1399,1,1,7.313886831633462
هروی,220,1387,1,1,7.048386408721883
سلسبیل,102,1382,0,1,5.739792912179234
فرمانیه,220,1390,1,1,7.1316985104669115
سعادت‌آباد,76,1385,1,1,5.87493073085203
دروس,270,1392,1,1,7.467942332285852
شهریار,65,1385,0,0,4.110873864173311
خانی‌آباد نو,50,1385,0,0,4.51085950651685
صادقیه,76,1389,1,0,5.564520407322694
باغ فیض,60,1395,1,1,5.583496308781699
دارآباد,66,1398,1,1,6.206575926724928
استاد معین,65,1396,1,1,5.5254529391317835
شهرک نفت (منطقه ۵),95,1399,1,1,6.154858094016418
پونک,82,1399,1,1,6.3818160174060985
مرزداران,85,1385,1,1,5.5254529391317835
اوقاف,85,1397,1,1,5.327876168789581
خلیج فارس,74,1389,1,1,5.111987788356544
جیحون,50,1393,1,1,5.298317366548036
ائمه اطهار,57,1363,0,1,5.303304908059076
سوهانک,200,1392,1,1,7.048386408721883
امیرآباد,234,1399,1,1,7.534228326274089
اختیاریه,130,1395,1,1,6.516193076042964
جنت‌آباد جنوبی,126,1399,1,1,6.792344427470809
کامرانیه,105,1396,1,1,6.803505257608338
شهران جنوبی,125,1399,1,1,6.398594934535208
مرزداران,135,1392,1,1,6.364750756851911
تجریش,110,1379,0,1,6.478509642208569
پونک,110,1389,1,1,6.066108090103747
هروی,180,1395,1,1,7.2305631534092925
سعادت‌آباد,240,1398,1,1,7.937731775260109
بهار,47,1380,1,1,5.225746673713202
عارف,45,1385,0,0,4.709530201312334
دهکده المپیک,180,1399,1,1,6.734591659972948
دروس,75,1381,0,0,5.755742213586912
دروس,144,1395,1,1,6.85751406254539
سعادت‌آباد,180,1399,1,1,7.346655163176539
پاسداران,120,1389,1,1,6.329720905522696
پونک,65,1387,0,1,5.484796933490655
میرداماد,230,1388,1,1,6.803505257608338
پاسداران,230,1392,1,1,7.601402334583733
پاسداران,135,1392,1,1,6.825460036255307
پردیس,87,1399,1,1,4.836281906951478
ولنجک,126,1399,1,1,7.244941546337007
جنت‌آباد مرکزی,110,1397,1,1,6.2166061010848646
شهرک غرب,98,1380,0,1,6.1224928095143865
نارمک,140,1396,1,1,6.300785794663244
ازگل,180,1397,1,1,7.313886831633462
سهروردی,85,1394,1,1,6.206575926724928
ولنجک,300,1394,1,1,7.523481312573497
الهیه,150,1398,1,1,7.8636512654486515
سعادت‌آباد,100,1387,1,1,6.478509642208569
اقدسیه,300,1399,1,1,8.294299608857235
تهرانپارس غربی,92,1393,1,1,5.916202062607435
امانیه,180,1376,1,1,6.478509642208569
شهرک غرب,96,1395,1,1,6.274762021241939
زعفرانیه,170,1387,1,1,6.68586094706836
پونک,185,1393,1,1,6.7464121285733745
جنت‌آباد مرکزی,72,1385,1,1,5.993961427306569
پونک,65,1395,0,1,5.442417710521793
یافت‌آباد,50,1388,1,0,3.828641396489095
پونک,160,1386,1,1,6.7464121285733745
محمودیه,150,1395,1,1,7.170888478512505
پونک,130,1397,1,1,6.364750756851911
جیحون,90,1380,0,0,5.198497031265826
تهرانپارس غربی,100,1390,1,1,5.707110264748875
سعادت‌آباد,100,1390,1,1,6.398594934535208
شهران شمالی,85,1390,1,1,5.993961427306569
پونک,75,1390,0,1,5.4638318050256105
زعفرانیه,220,1390,1,1,7.346655163176539
سلسبیل,50,1390,0,1,4.955827057601261
جنت‌آباد شمالی,66,1385,0,0,5.583496308781699
میرداماد,150,1391,1,1,6.3818160174060985
تهرانپارس شرقی,110,1399,1,1,6.398594934535208
الهیه,125,1394,1,1,6.85751406254539
نارمک,67,1386,0,1,5.225746673713202
صادقیه,40,1394,1,1,5.5254529391317835
پونک,115,1399,1,1,6.415096959171596
سعادت‌آباد,150,1399,1,1,7.170888478512505
زعفرانیه,200,1396,1,1,7.3783837129967145
ستارخان,75,1396,1,1,5.770506106699109
زعفرانیه,185,1399,1,1,7.3783837129967145
آهنگ,50,1391,0,0,4.912654885736052
زعفرانیه,100,1390,1,1,6.133398042996649
ستارخان,65,1385,0,1,5.351858133476067
صادقیه,130,1397,1,1,6.089044875446846
اندیشه,80,1389,0,0,4.564348191467836
تهرانپارس شرقی,60,1380,0,1,5.303304908059076
نارمک,155,1399,1,1,6.90875477931522
فرمانیه,240,1392,1,1,7.237778191923443
دروازه شمیران,100,1395,1,1,5.602118820879701
الهیه,135,1385,1,1,6.3473892096560105
پونک,75,1385,0,0,5.14166355650266
یوسف‌آباد,150,1363,0,0,5.993961427306569
جنت‌آباد جنوبی,80,1385,0,1,5.673323267171493
هروی,125,1393,1,1,6.255750041753367
نیاوران,160,1399,1,1,7.099201743553092
کوی فردوس,60,1385,0,1,5.442417710521793
پونک,158,1394,1,1,6.634633357861686
بهار,100,1390,1,1,5.8888779583328805
الهیه,200,1390,1,1,7.346655163176539
شهرک ولیعصر,52,1393,0,0,4.143134726391533
سعادت‌آباد,105,1385,1,1,6.3818160174060985
تهرانپارس غربی,70,1388,1,1,5.69035945432406
پونک,67,1395,1,1,5.860786223465865
قلهک,120,1390,1,1,6.621405651764134
لویزان,100,1394,1,1,5.860786223465865
الهیه,100,1394,1,1,6.478509642208569
نظام‌آباد,30,1390,0,0,3.58351893845611
پونک,63,1395,1,1,5.718671087149952
پاسداران,85,1396,1,1,5.993961427306569
سعادت‌آباد,110,1375,0,1,5.993961427306569
پاکدشت,75,1395,0,0,4.330733340286331
شهرک محلاتی,105,1399,1,1,6.274762021241939
فرمانیه,120,1380,0,1,6.621405651764134
ولنجک,200,1392,0,1,7.00397413672268
قیطریه,170,1397,1,1,7.244941546337007
سعادت‌آباد,90,1384,1,1,6.311734809152915
پاسداران,186,1398,1,1,7.313886831633462
دریاچه شهدای خلیج فارس,153,1398,1,1,7.1316985104669115
الهیه,230,1396,1,1,7.824445930877619
تهرانپارس غربی,75,1391,1,1,5.638354669333745
شهران شمالی,65,1388,0,1,5.442417710521793
نظام‌آباد,80,1399,1,0,5.707110264748875
دریا,64,1398,1,1,6.478509642208569
حسین‌آباد,180,1385,1,1,7.313886831633462
جوادیه,65,1389,0,1,4.969813299576001
پرستار,65,1392,1,1,5.3981627015177525
سبلان,100,1399,1,1,5.916202062607435
یوسف‌آباد,80,1389,1,1,5.69035945432406
کامرانیه,175,1399,1,1,7.783640596221253
فرمانیه,195,1396,1,1,7.741099090035366
ولنجک,120,1385,1,1,6.329720905522696
نیاوران,350,1397,1,1,8.31898612539206
تهرانپارس غربی,50,1380,0,0,5.14166355650266
فرمانیه,160,1394,1,1,7.0909098220799835
چیتگر,128,1399,1,1,6.111467339502679
ارامنه,80,1385,0,0,5.017279836814924
سعادت‌آباد,110,1389,1,1,6.621405651764134
میرداماد,70,1395,1,1,6.2166061010848646
هروی,135,1399,1,1,7.00397413672268
شهران جنوبی,115,1399,1,1,6.236369590203704
ونک,150,1390,1,1,7.0909098220799835
باغ فیض,120,1397,1,1,5.968707559985366
سعادت‌آباد,95,1396,1,1,6.2166061010848646
جمال‌زاده,75,1385,0,0,5.25227342804663
شهرک راه‌آهن,90,1393,0,0,6.398594934535208
زعفرانیه,155,1394,1,1,7.244941546337007
سعادت‌آباد,180,1390,1,1,7.244941546337007
جردن,98,1397,1,1,6.55250788703459
فرحزاد,63,1391,1,1,6.030685260261263
سهروردی,154,1398,1,1,6.2166061010848646
سعادت‌آباد,255,1385,1,1,7.601402334583733
تهرانپارس غربی,107,1384,1,1,6.311734809152915
تجریش,90,1398,1,1,6.311734809152915
یوسف‌آباد,150,1393,1,1,6.8679744089702925
رودهن,80,1395,1,0,4.2626798770413155
پونک,79,1398,1,1,5.886104031450156
فرمانیه,80,1394,1,1,5.968707559985366
الهیه,230,1399,1,1,7.919719760924575
قیطریه,110,1384,1,1,6.478509642208569
سهروردی,170,1382,0,1,6.580639137284949
پاسداران,190,1385,1,1,6.957497370876951
ستارخان,71,1396,1,1,5.771441123130016
کوی فردوس,75,1383,0,1,5.771441123130016
محمودیه,100,1394,1,1,6.398594934535208
سعادت‌آباد,145,1393,1,1,6.90875477931522
سعادت‌آباد,135,1395,1,1,7.0909098220799835
سبلان,52,1393,1,0,5.081404364984463
اقدسیه,148,1395,1,1,7.074116816197362
نیرو هوایی,155,1390,0,1,6.077642243349034
گیشا (کوی نصر),130,1398,1,1,7.170888478512505
سلسبیل,41,1389,0,0,4.66814498514948
پرند,78,1399,1,1,4.0943445622221
دهکده المپیک,105,1399,1,1,6.311734809152915
کوی فردوس,72,1384,0,1,5.723585101952381
نیاوران,400,1399,1,1,8.294299608857235
قیطریه,117,1391,1,1,6.594413459749778
هفت حوض,65,1388,1,1,5.4638318050256105
هروی,125,1399,1,1,6.873163834212518
پونک,65,1387,0,1,5.707110264748875
شهرک پرواز,120,1363,0,1,5.916202062607435
پونک,70,1390,0,1,5.4638318050256105
پونک,75,1392,1,0,5.6937321388027
الهیه,150,1399,1,1,7.0909098220799835
محمودیه,125,1398,1,1,6.85751406254539
فرمانیه,290,1386,1,1,7.496097345175956
گیشا (کوی نصر),65,1396,1,1,6.175867270105761
شمس‌آباد,61,1390,1,1,5.583496308781699
تهرانپارس شرقی,92,1399,1,1,5.860786223465865
پونک,140,1399,1,1,6.8679744089702925
حشمتیه,55,1390,1,1,5.393627546352362
سازمان برنامه,105,1389,1,1,6.19644412779452
ستارخان,112,1394,1,1,6.206575926724928
باغ فیض,100,1385,1,1,5.802118375377063
مرزداران,120,1388,1,0,6.09807428216624
ولنجک,195,1386,1,1,7.0909098220799835
سیدخندان,110,1371,1,1,6.329720905522696
پونک,90,1390,1,1,5.831882477283517
حکیمیه,130,1397,1,1,6.175867270105761
کوی فردوس,70,1388,1,1,5.802118375377063
هروی,85,1393,1,1,6.293419278846481
میرداماد,145,1387,1,1,6.852242569051878
دارآباد,95,1393,1,1,6.478509642208569
نیاوران,75,1395,1,1,6.133398042996649
سعادت‌آباد,125,1396,1,1,6.154858094016418
سیدخندان,150,1385,1,1,6.7464121285733745
دروس,60,1395,1,0,5.981414211254481
گیشا (کوی نصر),165,1390,1,1,6.8885724595653635
جنت‌آباد جنوبی,135,1395,1,1,6.274762021241939
مرزداران,91,1392,1,1,5.87493073085203
مرزداران,90,1385,0,1,6.175867270105761
تهران‌سر,150,1399,1,1,6.311734809152915
صادقیه,150,1398,1,1,6.68586094706836
گیشا (کوی نصر),90,1396,1,1,6.3473892096560105
ظفر,70,1380,1,1,5.968707559985366
میرداماد,100,1398,1,1,6.698268054115413
نیاوران,200,1395,1,1,7.0909098220799835
دریاچه شهدای خلیج فارس,145,1396,1,1,6.186208623900494
اباذر,107,1388,1,1,6.274762021241939
یوسف‌آباد,85,1363,0,1,5.942799375126701
تهران‌سر,100,1399,1,1,5.968707559985366
سیدخندان,140,1397,1,1,6.814542897259958
ستارخان,158,1379,0,1,6.493753839851686
پونک,80,1387,1,1,5.942799375126701
تهرانپارس غربی,85,1386,1,1,5.860786223465865
محمودیه,165,1389,1,1,6.634633357861686
امیریه,65,1390,0,0,4.836281906951478
فرمانیه,240,1394,1,1,7.762596048540069
قیطریه,140,1396,1,1,6.803505257608338
پاسداران,90,1396,1,1,6.3818160174060985
جلفا,80,1392,1,1,6.398594934535208
چیتگر,100,1399,1,1,5.993961427306569
جنت‌آباد مرکزی,60,1386,0,1,5.327876168789581
ازگل,90,1398,1,1,6.3818160174060985
هروی,115,1394,1,1,6.236369590203704
ونک,170,1389,1,1,7.208600337960199
ارم,73,1391,1,1,5.564520407322694
طرشت,75,1383,0,1,5.484796933490655
جلفا,110,1380,0,1,5.739792912179234
ولنجک,105,1396,1,1,6.621405651764134
نیاوران,155,1382,1,1,6.803505257608338
جردن,240,1386,1,1,7.208600337960199
دروس,300,1398,1,1,8.38958706681109
اختیاریه,125,1386,1,1,6.68586094706836
رودهن,90,1397,1,0,5.25227342804663
پونک,60,1391,1,1,5.5053315359323625
پاسداران,65,1396,1,1,6.042632833682381
صادقیه,105,1399,1,1,6.255750041753367
محمودیه,120,1398,1,1,7.208600337960199
قیطریه,240,1395,1,1,7.650168700845001
نیرو هوایی,102,1390,1,1,5.768320995793772
ستارخان,75,1371,0,0,5.420534999272286
نیاوران,500,1390,1,1,8.517393171418904
کوی فردوس,90,1395,1,1,5.968707559985366
فرمانیه,112,1394,1,1,6.55250788703459
جنت‌آباد مرکزی,122,1396,1,1,6.398594934535208
گمرک,70,1371,0,0,4.875197323201151
سلامت,45,1389,1,1,4.897839799950911
پیروزی,90,1386,0,1,5.707110264748875
شهرک غرب,130,1398,1,1,7.1316985104669115
مرزداران,120,1399,1,1,6.7464121285733745
ازگل,90,1397,1,1,6.398594934535208
شهرک نفت (منطقه ۵),130,1392,1,1,6.398594934535208
تهرانپارس شرقی,40,1385,0,0,4.574710978503383
شهران جنوبی,85,1384,0,1,5.5254529391317835
ستارخان,40,1380,0,0,4.605170185988092
کوی مهران,85,1392,1,1,6.175867270105761
اقدسیه,210,1388,1,1,6.7464121285733745
نیاوران,145,1387,1,1,7.00397413672268
جمال‌زاده,50,1382,0,0,5.198497031265826
الهیه,230,1383,1,1,7.438971592395862
دروس,180,1388,1,1,6.8885724595653635
قرچک,60,1395,1,1,4.204692619390966
سعادت‌آباد,125,1388,1,1,6.803505257608338
پونک,110,1394,1,1,6.311734809152915
پونک,85,1385,0,1,5.846438775057725
گیشا (کوی نصر),110,1391,1,1,6.55250788703459
اتابک,85,1399,1,0,5.3981627015177525
پردیس,105,1399,1,1,4.795790545596741
قیطریه,150,1398,1,1,7.313886831633462
هروی,140,1385,0,1,6.53813982376767
جیحون,55,1391,1,0,5.111987788356544
دزاشیب,130,1397,1,1,6.621405651764134
تهرانپارس غربی,48,1386,1,0,5.278114659230517
ولنجک,90,1395,1,1,6.621405651764134
شهریار,60,1396,0,1,4.394449154672439
شهران جنوبی,105,1388,1,1,6.364750756851911
فرمانیه,250,1397,1,1,7.696667081526462
شهرک نفت (منطقه ۱),120,1399,1,1,6.293419278846481
پونک,150,1399,1,1,6.628041376179533
ستارخان,80,1396,1,1,5.659482215759621
هروی,130,1397,1,1,6.508769136971682
جلفا,115,1390,1,1,6.508769136971682
ستارخان,102,1390,1,1,5.8888779583328805
نارمک,55,1379,0,0,4.836281906951478
ولنجک,162,1385,1,1,6.803505257608338
الهیه,205,1390,1,1,7.048386408721883
فرمانیه,240,1385,1,1,7.313886831633462
کوثر,54,1398,1,1,4.795790545596741
سیدخندان,50,1385,1,0,5.3981627015177525
کوی فردوس,78,1399,1,1,6.089044875446846
شهران شمالی,65,1395,1,1,5.5053315359323625
ولنجک,300,1385,0,1,7.244941546337007
ستارخان,85,1377,0,1,5.3706380281276624
تهران‌سر,85,1386,0,1,5.5254529391317835
نارمک,90,1379,0,1,5.955837369464831
پونک,110,1396,1,1,6.2166061010848646
یوسف‌آباد,122,1390,1,1,6.398594934535208
گیشا (کوی نصر),95,1398,1,1,6.439350371100098
شهرک غرب,100,1396,1,1,6.246106765481563
سعادت‌آباد,170,1392,1,1,6.803505257608338
دانشگاه شریف,65,1394,1,1,5.225746673713202
هروی,125,1394,1,1,6.660575149839686
جردن,260,1390,1,1,7.237778191923443
شهر قدس,68,1385,0,0,4.276666119016055
اباذر,50,1393,1,1,5.4638318050256105
پاتریس لومومبا,95,1399,1,1,6.154858094016418
کرمان,43,1386,0,0,5.049856007249537
هروی,220,1387,1,1,7.048386408721883
زعفرانیه,260,1387,1,1,7.601402334583733
جردن,180,1396,1,1,6.734591659972948
شهرک کوهسار,110,1396,1,1,6.16541785423142
سیدخندان,68,1379,0,1,5.5053315359323625
سازمان برنامه,150,1399,1,1,7.155396301896734
جنت‌آباد مرکزی,127,1390,1,1,6.3561076606958915
پاسداران,125,1389,1,1,6.78105762593618
سعادت‌آباد,75,1389,1,1,5.929589143389895
شمیران‌نو,180,1385,0,0,5.638354669333745
فاطمی,125,1380,0,1,6.398594934535208
تهران‌سر,110,1399,1,1,6.111467339502679
سعادت‌آباد,150,1385,1,1,6.621405651764134
شهران جنوبی,95,1385,0,0,5.117993812416755
سعادت‌آباد,270,1399,1,1,7.601402334583733
میرداماد,111,1398,1,1,6.523562306149512
شهران جنوبی,95,1396,1,1,5.69035945432406
ابوذر (منطقه ۱۵),55,1395,1,1,5.14166355650266
آرژانتین,120,1385,1,1,6.3818160174060985
نارمک,62,1385,0,1,5.673323267171493
کوی فردوس,75,1389,1,1,5.993961427306569
شهرک نفت (منطقه ۱),105,1385,1,1,6.311734809152915
اسکندری,100,1394,0,0,5.860786223465865
دولت‌آباد,83,1390,1,1,5.5053315359323625
ولنجک,120,1397,1,1,6.647688373563329
شهران جنوبی,78,1395,1,1,5.860786223465865
باغ فیض,80,1393,1,1,5.8888779583328805
نواب,65,1385,1,0,4.983606621708336
جردن,96,1396,1,1,6.673297967767654
دریاچه شهدای خلیج فارس,70,1397,1,1,5.802118375377063
اختیاریه,235,1399,1,1,7.824445930877619
سعادت‌آباد,155,1398,1,1,7.244941546337007
جلفا,140,1391,1,1,6.293419278846481
شهر ری - استخر,75,1396,1,1,4.836281906951478
پاسداران,75,1387,1,1,5.780743515792329
سیدخندان,142,1390,0,1,6.3473892096560105
فاطمی,82,1390,1,1,6.175867270105761
هروی,110,1396,1,1,6.478509642208569
دریاچه شهدای خلیج فارس,107,1392,1,1,6.311734809152915
ولنجک,230,1398,1,1,8.006700845440367
سعادت‌آباد,136,1399,1,1,7.02197642307216
هروی,180,1380,1,1,7.313886831633462
کامرانیه,180,1395,1,1,7.523481312573497
شهرک ژاندارمری,140,1396,1,1,6.608000625296087
شمس‌آباد,95,1388,1,0,5.846438775057725
نیاوران,238,1396,1,1,7.783640596221253
میرداماد,260,1385,1,1,7.3783837129967145
نیاوران,122,1398,1,1,6.803505257608338
جردن,230,1380,0,0,6.68586094706836
دریاچه شهدای خلیج فارس,160,1397,1,1,6.478509642208569
پونک,130,1390,1,1,6.55250788703459
پونک,90,1397,1,1,6.111467339502679
شمس‌آباد,68,1391,1,1,5.860786223465865
سعادت‌آباد,140,1395,1,1,7.0909098220799835
سهروردی,110,1398,1,1,6.594413459749778
مجیدیه,100,1399,1,1,5.817111159963204
شیرازی,200,1380,1,1,6.7580945044277305
ورامین,80,1397,1,0,5.049856007249537
گیشا (کوی نصر),97,1396,1,1,6.431331081933479
بهارستان,60,1384,1,0,4.948759890378168
تهرانپارس شرقی,105,1399,1,1,5.849324779946859
اراج,65,1387,1,0,5.942799375126701
نیرو هوایی,110,1399,1,1,6.398594934535208
ابوذر (منطقه ۱۵),55,1385,0,1,5.017279836814924
سعادت‌آباد,126,1396,1,1,6.803505257608338
دروس,125,1393,1,1,6.660575149839686
دکتر هوشیار,55,1385,0,0,4.948759890378168
سعادت‌آباد,145,1375,0,1,5.993961427306569
نیاوران,95,1387,1,1,6.46302945692067
کوی فردوس,70,1391,1,1,5.5254529391317835
ولنجک,110,1397,1,1,6.660575149839686
فیروزآبادی,80,1384,0,0,4.983606621708336
اختیاریه,140,1394,1,1,6.641182169740591
اقدسیه,210,1399,1,1,7.696667081526462
الهیه,155,1399,1,1,7.1316985104669115
مرزداران,200,1375,0,1,6.68586094706836
سهروردی,180,1398,1,1,7.0909098220799835
قیطریه,75,1396,1,1,6.523562306149512
آبشار,65,1385,1,1,5.420534999272286
اندیشه,50,1396,0,0,4.330733340286331
ارم,70,1384,0,1,5.802118375377063
اباذر,105,1380,0,1,5.981414211254481
ولنجک,210,1396,1,1,7.901377353792616
شهران جنوبی,81,1380,1,1,5.4680601411351315
بومهن,85,1395,0,0,4.290459441148391
نارمک,145,1399,1,1,6.90875477931522
کوی فردوس,74,1390,1,1,5.6240175061873385
نیاوران,112,1394,1,1,6.660575149839686
اختیاریه,80,1397,1,1,6.293419278846481
شهرک غرب,90,1380,0,1,6.2166061010848646
شهرک راه‌آهن,135,1396,1,1,6.274762021241939
مرزداران,101,1395,1,1,6.3473892096560105
دروس,130,1385,1,1,6.803505257608338
دیلمان,65,1395,1,1,4.90527477843843
آجودانیه,180,1396,1,1,7.0909098220799835
دریاچه شهدای خلیج فارس,120,1396,1,1,6.398594934535208
الهیه,210,1393,1,1,7.67368812926773
قیطریه,215,1399,1,1,7.783640596221253
جنت‌آباد جنوبی,85,1395,1,1,5.991464547107982
جردن,105,1395,1,1,6.617402977974478
نواب,70,1388,0,1,5.25227342804663
ازگل,90,1396,1,1,6.2166061010848646
کوی فردوس,85,1388,0,1,5.673323267171493
تجریش,85,1393,1,1,6.338594078203183
الهیه,200,1390,1,1,7.550135342488429
پیروزی,40,1394,0,0,4.875197323201151
جردن,56,1386,1,1,5.87493073085203
مرزداران,82,1398,1,1,6.19644412779452
جیحون,100,1385,0,0,5.707110264748875
سهروردی,55,1389,0,1,5.14166355650266
صادقیه,60,1374,0,0,5.081404364984463
شهرک راه‌آهن,145,1396,1,1,6.398594934535208
زعفرانیه,187,1395,1,1,7.762596048540069
شهران جنوبی,130,1395,1,1,6.042632833682381
پونک,85,1393,1,1,6.042632833682381
زعفرانیه,190,1395,1,1,7.3783837129967145
کوهک,124,1395,1,1,6.2166061010848646
اباذر,60,1387,1,1,5.4638318050256105
باغ فیض,65,1385,1,1,5.3981627015177525
زعفرانیه,140,1390,1,1,7.313886831633462
زعفرانیه,210,1381,1,1,7.208600337960199
هروی,155,1397,1,1,6.710523109452428
جنت‌آباد شمالی,72,1385,0,0,5.25227342804663
صادقیه,60,1389,0,1,5.225746673713202
باغ فیض,65,1388,0,1,5.564520407322694
جنت‌آباد جنوبی,72,1384,0,1,5.438079308923196
گیشا (کوی نصر),96,1397,1,1,6.55250788703459
جیحون,45,1389,0,0,4.983606621708336
سیدخندان,64,1388,1,1,5.420534999272286
سعادت‌آباد,170,1393,1,1,6.68586094706836
یافت‌آباد,90,1399,1,1,5.25227342804663
پاسداران,256,1399,1,1,7.937731775260109
محمودیه,170,1389,1,1,7.13966033596492
جنت‌آباد جنوبی,100,1399,1,1,6.26530121273771
زعفرانیه,360,1387,1,1,7.955425088912672
ولنجک,90,1392,1,1,7.00397413672268
پردیس,80,1394,1,0,4.795790545596741
الهیه,330,1391,1,1,7.901377353792616
شهید اسدی,53,1394,1,1,5.017279836814924
دروس,200,1396,1,1,7.244941546337007
پیروزی,40,1387,0,0,4.7535901911063645
سعادت‌آباد,90,1386,1,1,6.111467339502679
استخر,65,1395,1,1,5.44673737166631
شهرک راه‌آهن,185,1398,1,1,6.68586094706836
فلاح,150,1398,1,1,5.905361848054571
سلسبیل,70,1389,0,1,5.278114659230517
نارمک,65,1375,0,1,5.484796933490655
اختیاریه,65,1390,1,1,5.968707559985366
فرمانیه,150,1390,1,1,7.1316985104669115
زنجان,53,1388,0,0,4.836281906951478
نیاوران,125,1397,1,1,7.0909098220799835
خواجه نظام الملک,75,1380,0,0,5.303304908059076
میرداماد,190,1380,1,1,6.634633357861686
یافت‌آباد,120,1398,0,0,5.484796933490655
پونک,65,1390,0,0,5.198497031265826
کوی فردوس,110,1393,1,1,6.3818160174060985
نارمک,130,1380,0,1,5.638354669333745
شهرک شریعتی,47,1385,0,1,4.564348191467836
جردن,70,1385,1,1,6.111467339502679
وحیدیه,60,1395,0,1,4.983606621708336
اباذر,214,1388,1,1,7.170888478512505
وحیدیه,48,1394,1,1,4.948759890378168
سعادت‌آباد,160,1390,1,1,6.825460036255307
الهیه,155,1399,1,1,7.741099090035366
جنت‌آباد مرکزی,75,1390,1,0,5.703782474656201
هروی,210,1386,1,1,6.836259277277067
سنگلج,53,1391,0,1,4.709530201312334
کوی فردوس,75,1386,0,1,5.771441123130016
سهروردی,140,1380,0,1,5.953243334287785
الهیه,225,1396,1,1,7.741099090035366
پیروزی,62,1389,0,1,5.111987788356544
دردشت,76,1380,0,0,5.351858133476067
اوقاف,80,1394,1,1,5.831882477283517
عباس‌آباد,100,1394,1,1,5.831882477283517
تهرانپارس غربی,60,1388,0,1,5.459585514144159
زرکش,52,1378,0,0,4.948759890378168
سهروردی,78,1387,0,1,5.707110264748875
فرمانیه,300,1389,1,1,7.550135342488429
پاسداران,155,1388,1,1,6.566672429803241
دروس,120,1388,1,1,6.364750756851911
پردیس,87,1398,1,1,4.948759890378168
دروس,280,1390,1,1,8.160803920954665
جنت‌آباد مرکزی,100,1398,1,1,6.2166061010848646
پاسداران,178,1399,1,1,7.421177528595393
سعادت‌آباد,160,1399,1,1,7.313886831633462
شهرک محلاتی,100,1374,1,0,5.802118375377063
یوسف‌آباد,100,1375,0,1,5.655991810819852
هروی,100,1399,1,1,6.447305862541213
هروی,200,1399,1,1,7.313886831633462
قیطریه,150,1399,1,1,6.814542897259958
نارمک,95,1388,1,1,5.8664680569332965
کوی فردوس,75,1386,1,1,5.916202062607435
شهرک غرب,120,1390,1,1,7.1316985104669115
جردن,120,1375,1,1,5.942799375126701
سعادت‌آباد,137,1390,1,1,6.255750041753367
قیام,100,1389,0,0,5.4638318050256105
الهیه,220,1399,1,1,7.601402334583733
جنت‌آباد مرکزی,90,1399,1,1,5.87493073085203
مرزداران,135,1399,1,1,6.792344427470809
زعفرانیه,130,1395,1,1,6.792344427470809
شمس‌آباد,68,1391,1,1,5.707110264748875
شهرک راه‌آهن,87,1393,1,1,5.673323267171493
دریاچه شهدای خلیج فارس,130,1390,1,1,6.398594934535208
هروی,93,1398,1,1,6.68586094706836
پاسداران,135,1393,1,1,6.634633357861686
میرداماد,140,1389,1,1,6.68586094706836
مرزداران,95,1387,1,0,5.638354669333745
هروی,102,1399,1,1,6.447305862541213
مجیدیه,53,1397,1,1,5.442417710521793
جردن,110,1395,1,1,6.803505257608338
زعفرانیه,175,1390,1,1,6.734591659972948
کوی فردوس,100,1392,1,1,6.398594934535208
پیروزی,68,1385,0,0,5.081404364984463
تهرانپارس شرقی,50,1392,1,0,5.017279836814924
شهرک استقلال,100,1395,0,1,5.14166355650266
اقدسیه,200,1397,1,1,7.650168700845001
پونک,88,1380,0,1,5.673323267171493
آجودانیه,185,1396,1,1,7.244941546337007
محمودیه,170,1390,1,1,6.608000625296087
امیرآباد,220,1399,1,1,7.523481312573497
کوی فراز,90,1380,0,1,5.831882477283517
شهرک راه‌آهن,165,1392,1,1,6.133398042996649
مرزداران,175,1396,1,1,6.423246963533519
وردآورد,127,1399,1,1,5.4638318050256105
جنت‌آباد مرکزی,80,1390,1,1,5.860786223465865
جنت‌آباد مرکزی,160,1398,1,1,6.90875477931522
مجیدیه,70,1395,1,1,5.25227342804663
شمس‌آباد,80,1385,1,1,5.327876168789581
ازگل,105,1392,1,1,6.621405651764134
کوی فردوس,63,1396,1,1,5.7430031878094825
جردن,100,1388,1,1,6.133398042996649
دکتر هوشیار,70,1383,0,0,4.948759890378168
قنات‌کوثر,105,1399,1,1,6.2166061010848646
پونک,120,1390,1,1,6.3818160174060985
جنت‌آباد جنوبی,130,1385,1,1,6.364750756851911
فلاح,60,1392,1,0,4.709530201312334
کوی فردوس,235,1390,1,1,7.170888478512505
شهرک غرب,130,1390,1,1,6.274762021241939
ازگل,72,1388,1,1,5.739792912179234
جنت‌آباد شمالی,75,1395,1,1,5.602118820879701
تهرانپارس شرقی,75,1390,0,0,5.153291594497779
هروی,115,1390,1,1,6.175867270105761
نارمک جنوبی,73,1390,0,0,5.420534999272286
سعادت‌آباد,165,1394,1,1,6.698268054115413
سعادت‌آباد,100,1390,1,1,5.993961427306569
الهیه,220,1389,1,1,7.601402334583733
ازگل,103,1398,1,1,7.3783837129967145
مرزداران,91,1378,0,1,5.902633333401366
اختیاریه,90,1386,1,1,6.523562306149512
صادقیه,130,1399,1,1,6.55250788703459
سعادت‌آباد,125,1397,1,1,6.803505257608338
ولنجک,128,1394,1,1,6.7580945044277305
الهیه,248,1392,1,1,7.824445930877619
پونک,108,1391,1,1,6.19644412779452
ستارخان,85,1390,0,1,5.945420608606575
نیاوران,70,1385,1,1,6.066108090103747
پونک,60,1391,0,1,5.5254529391317835
ولنجک,165,1387,1,1,6.710523109452428
آجودانیه,200,1396,1,1,8.006700845440367
رودهن,90,1393,1,1,4.795790545596741
فرمانیه,140,1388,1,1,6.803505257608338
فرمانیه,227,1389,1,1,8.294299608857235
اقدسیه,380,1397,1,1,8.25608813381491
خلیج فارس,65,1397,1,0,4.77912349311153
دریاچه شهدای خلیج فارس,130,1392,1,1,6.16541785423142
شهرک نفت (منطقه ۵),70,1382,0,1,5.673323267171493
سعادت‌آباد,115,1392,1,1,6.8885724595653635
تهرانپارس غربی,135,1385,0,1,5.916202062607435
ابوذر (منطقه ۱۵),60,1385,1,0,5.049856007249537
جیحون,65,1392,1,1,5.170483995038151
تهران‌ویلا,55,1399,1,1,5.707110264748875
دریاچه شهدای خلیج فارس,100,1399,1,1,6.133398042996649
شهر ری - هاشم‌آباد,42,1395,1,1,4.174387269895637
اختیاریه,100,1390,1,1,6.329720905522696
مرزداران,68,1394,1,1,5.8888779583328805
اقدسیه,280,1392,1,1,7.754052639035757
نیاوران,182,1394,1,1,7.783640596221253
سعادت‌آباد,70,1389,1,1,5.846438775057725
مرزداران,125,1396,1,1,6.478509642208569
پونک,78,1385,0,0,5.771441123130016
دارآباد,90,1399,1,1,6.406879986069314
پونک,65,1389,1,1,5.707110264748875
کوی فردوس,110,1386,0,0,5.564520407322694
درکه,240,1398,1,1,7.601402334583733
فرمانیه,217,1390,1,1,7.1316985104669115
باغ فیض,90,1395,1,1,5.8971538676367405
هروی,73,1390,0,1,5.75890177387728
امیریه,150,1399,1,1,6.2166061010848646
اختیاریه,114,1386,1,1,6.042632833682381
نیاوران,200,1397,1,1,7.824445930877619
جیحون,60,1395,1,0,5.303304908059076
ولنجک,150,1384,1,1,6.478509642208569
